record_id,docket_entry,attachment_number,filed_date_iso,filed_date_display,docket_description,document_label,document_type,file_name,public_access_status,page_count_exact,pacer_billable_pages_estimate,page_count_note,size_bytes,sha256,sha1,md5,pdf_encrypted,pdf_title,pdf_author,pdf_subject,pdf_creator,pdf_producer,pdf_creation_date,pdf_modified_date,best_available_pdf_url,recap_pdf_url,internet_archive_url,courtlistener_document_url,pacer_pdf_url,pacer_price_display,pacer_price_usd,source_docket_url
0001,1,0,2024-06-07,"Jun 7, 2024",Order of MDL Panel transferring certain actions to this court. (krg) (Entered: 06/20/2024),Main Document,MDL Transfer Order (in),0001. (06-07-2024) Order of MDL Panel transferring certain actions to this court.pdf,FREE_RECAP_PDF_AVAILABLE,4,4,Exact local PDF page count.,199061,47b555c26f0631359f88842e1da3e789de2234bdfdb6a818f28f0843d74d7cfa,866e45a1b63f6c3ce38537daee7c528fed8d2235,74a04a7ef2eceea27ac362247546394f,False,,,,RICOH IM C4500,RICOH IM C4500; modified using iText® 7.1.6 ©2000-2019 iText Group NV (Administrative Office of the United States Courts; licensed version),D:20240620105635-04'00',D:20240621115151-04'00',https://storage.courtlistener.com/recap/gov.uscourts.njd.550383/gov.uscourts.njd.550383.1.0.pdf,https://storage.courtlistener.com/recap/gov.uscourts.njd.550383/gov.uscourts.njd.550383.1.0.pdf,https://archive.org/download/gov.uscourts.njd.550383/gov.uscourts.njd.550383.1.0.pdf,https://www.courtlistener.com/docket/68869775/1/shoshi-goldfus-v-apple-inc/,https://ecf.njd.uscourts.gov/doc1/119021452362?caseid=550383,$0.40,0.40,https://www.courtlistener.com/docket/68869775/apple-inc-smartphone-antitrust-litigation/
0002,2,0,2024-06-20,"Jun 20, 2024","Letter from James E. Cecchi, Esq. to the Honorable Julien Xavier Neals, U.S.D.J. (Attachments: # 1 Exhibit A, # 2 Text of Proposed Case Management Order)(CECCHI, JAMES) (Entered: 06/20/2024)",Main Document,Letter,"0002. (06-20-2024) Letter from James E. Cecchi, Esq. to the Honorable Julien Xavier Neals, U.S.D.J.pdf",FREE_RECAP_PDF_AVAILABLE,3,3,Exact local PDF page count.,252530,b187d29bb6bd0949b15b0e2e0bcf89399c567c3357c12f5a8b3cea28c0756768,de0a2dda4e66196f26b3fad2dc8ed739d4b8e7c3,df180f6b28cf7873542ecd52724933ed,False,,,,,iText® 7.1.6 ©2000-2019 iText Group NV (Administrative Office of the United States Courts; licensed version); modified using iText® 7.1.6 ©2000-2019 iText Group NV (Administrative Office of the United States Courts; licensed version),,D:20240620144139-04'00',https://storage.courtlistener.com/recap/gov.uscourts.njd.550383/gov.uscourts.njd.550383.2.0_2.pdf,https://storage.courtlistener.com/recap/gov.uscourts.njd.550383/gov.uscourts.njd.550383.2.0_2.pdf,https://archive.org/download/gov.uscourts.njd.550383/gov.uscourts.njd.550383.2.0.pdf,https://www.courtlistener.com/docket/68869775/2/shoshi-goldfus-v-apple-inc/,https://ecf.njd.uscourts.gov/doc1/119021453877?caseid=550383,$0.30,0.30,https://www.courtlistener.com/docket/68869775/apple-inc-smartphone-antitrust-litigation/
0002-001,2,1,2024-06-20,"Jun 20, 2024","Letter from James E. Cecchi, Esq. to the Honorable Julien Xavier Neals, U.S.D.J. (Attachments: # 1 Exhibit A, # 2 Text of Proposed Case Management Order)(CECCHI, JAMES) (Entered: 06/20/2024)",Attachment 1,Exhibit A,0002-001. (06-20-2024) Exhibit A.pdf,FREE_RECAP_PDF_AVAILABLE,9,9,Exact local PDF page count.,407665,9b72bc1a1fdbdc1c8fe6db2507adc257ad3ec62156b0e1261bc0a1cdde96f313,f644c5ae9c53c71d48795c6acb470e54d579f32b,25ea1ab59a75077e7a350a3be5c7c12f,False,,,,,iText® 7.1.6 ©2000-2019 iText Group NV (Administrative Office of the United States Courts; licensed version); modified using iText® 7.1.6 ©2000-2019 iText Group NV (Administrative Office of the United States Courts; licensed version),D:20240620141623-04'00',D:20240620144151-04'00',https://storage.courtlistener.com/recap/gov.uscourts.njd.550383/gov.uscourts.njd.550383.2.1_3.pdf,https://storage.courtlistener.com/recap/gov.uscourts.njd.550383/gov.uscourts.njd.550383.2.1_3.pdf,https://archive.org/download/gov.uscourts.njd.550383/gov.uscourts.njd.550383.2.1.pdf,https://www.courtlistener.com/docket/68869775/2/1/shoshi-goldfus-v-apple-inc/,https://ecf.njd.uscourts.gov/doc1/119021453878?caseid=550383,$0.90,0.90,https://www.courtlistener.com/docket/68869775/apple-inc-smartphone-antitrust-litigation/
0002-002,2,2,2024-06-20,"Jun 20, 2024","Letter from James E. Cecchi, Esq. to the Honorable Julien Xavier Neals, U.S.D.J. (Attachments: # 1 Exhibit A, # 2 Text of Proposed Case Management Order)(CECCHI, JAMES) (Entered: 06/20/2024)",Attachment 2,Text of Proposed Case Management Order,0002-002. (06-20-2024) (Text of Proposed Case Management Order).pdf,FREE_RECAP_PDF_AVAILABLE,7,7,Exact local PDF page count.,221745,97e528edc6befb5d60a39f4160ca9c6fb0e56f5214f0afde687397956b2045da,b311823fc087a889df870046f957452505e73a3e,be4103db1d92faf2edcad08ab4d7777a,False,,,,,iText® 7.1.6 ©2000-2019 iText Group NV (Administrative Office of the United States Courts; licensed version); modified using iText® 7.1.6 ©2000-2019 iText Group NV (Administrative Office of the United States Courts; licensed version),D:20240620142414-04'00',D:20240620144204-04'00',https://storage.courtlistener.com/recap/gov.uscourts.njd.550383/gov.uscourts.njd.550383.2.2_8.pdf,https://storage.courtlistener.com/recap/gov.uscourts.njd.550383/gov.uscourts.njd.550383.2.2_8.pdf,https://archive.org/download/gov.uscourts.njd.550383/gov.uscourts.njd.550383.2.2.pdf,https://www.courtlistener.com/docket/68869775/2/2/shoshi-goldfus-v-apple-inc/,https://ecf.njd.uscourts.gov/doc1/119021453879?caseid=550383,$0.70,0.70,https://www.courtlistener.com/docket/68869775/apple-inc-smartphone-antitrust-litigation/
0003,3,0,2024-06-25,"Jun 25, 2024","Order of MDL Panel transferring certain actions from the Districts of Northern California, Northern Illinois, Minnesota, and Western Pennsylvania to this court. (krg, ) (Entered: 06/25/2024)",Main Document,MDL Transfer Order (in),"0003. (06-25-2024) Order of MDL Panel transferring certain actions from the Districts of Northern California, Northern.pdf",FREE_RECAP_PDF_AVAILABLE,2,2,Exact local PDF page count.,415461,091d2d6c6eabd0094e8932bbcae599eaf2723d6369b6dfe05ee3f8bed3479b7f,a99308abdb694b886c548ab83071df7106d5777d,4ccf002aeaf3331da9ce7a65c8bb79ab,False,,,,,"htmldoc 1.8.24 Open Source Copyright 1997-2004 Easy Software Products, All Rights Reserved.; modified using iText® 7.1.6 ©2000-2019 iText Group NV (Administrative Office of the United States Courts; licensed version)",D:20240612104338+0400,D:20240625154958-04'00',https://storage.courtlistener.com/recap/gov.uscourts.njd.550383/gov.uscourts.njd.550383.3.0.pdf,https://storage.courtlistener.com/recap/gov.uscourts.njd.550383/gov.uscourts.njd.550383.3.0.pdf,https://archive.org/download/gov.uscourts.njd.550383/gov.uscourts.njd.550383.3.0.pdf,https://www.courtlistener.com/docket/68869775/3/shoshi-goldfus-v-apple-inc/,https://ecf.njd.uscourts.gov/doc1/119021478725?caseid=550383,$0.20,0.20,https://www.courtlistener.com/docket/68869775/apple-inc-smartphone-antitrust-litigation/
0004,4,0,2024-06-25,"Jun 25, 2024","Letter from Liza M. Walsh to the Honorable Julien Xavier Neals, U.S.D.J.. (WALSH, LIZA) (Entered: 06/25/2024)",Main Document,Letter,"0004. (06-25-2024) Letter from Liza M. Walsh to the Honorable Julien Xavier Neals, U.S.D.J.pdf",FREE_RECAP_PDF_AVAILABLE,2,2,Exact local PDF page count.,222932,874afbc4a0da741189aef59d159dd2e152690593fd104f0dc1a2123b1875479f,d48bda7a31392ce40f651c2116299b17acd23034,aa9b136e47c57d9804570395becd8b08,False,Microsoft Word - 2024 06 24 Letter to Court re J. Cecchi Letter_107544991_7.docx,btroyan,,PScript5.dll Version 5.2.2,Acrobat Distiller 24.0 (Windows); modified using iText® 7.1.6 ©2000-2019 iText Group NV (Administrative Office of the United States Courts; licensed version),D:20240625204623-04'00',D:20240625210327-04'00',https://storage.courtlistener.com/recap/gov.uscourts.njd.550383/gov.uscourts.njd.550383.4.0_1.pdf,https://storage.courtlistener.com/recap/gov.uscourts.njd.550383/gov.uscourts.njd.550383.4.0_1.pdf,https://archive.org/download/gov.uscourts.njd.550383/gov.uscourts.njd.550383.4.0.pdf,https://www.courtlistener.com/docket/68869775/4/shoshi-goldfus-v-apple-inc/,https://ecf.njd.uscourts.gov/doc1/119021480117?caseid=550383,$0.20,0.20,https://www.courtlistener.com/docket/68869775/apple-inc-smartphone-antitrust-litigation/
0005,5,0,2024-07-03,"Jul 3, 2024","Letter from James E. Cecchi, Esq. to the Honorable Julien Xavier Neals, U.S.D.J. re 2 Letter, 4 Letter. (CECCHI, JAMES) (Entered: 07/03/2024)",Main Document,Letter,"0005. (07-03-2024) Letter from James E. Cecchi, Esq. to the Honorable Julien Xavier Neals, U.S.D.J. re 2 Letter, 4 Lett.pdf",FREE_RECAP_PDF_AVAILABLE,2,2,Exact local PDF page count.,252011,d771bbeb442345e246d7a217e049bfb716308a461b68800c2ebe2fb1321ca855,5f45c57d1b2b623f8decd331fb2611944ce34bde,20d0ae44957f91ca5e5755ac6798be54,False,,,,,iText® 7.1.6 ©2000-2019 iText Group NV (Administrative Office of the United States Courts; licensed version); modified using iText® 7.1.6 ©2000-2019 iText Group NV (Administrative Office of the United States Courts; licensed version),,D:20240703104219-04'00',https://storage.courtlistener.com/recap/gov.uscourts.njd.550383/gov.uscourts.njd.550383.5.0.pdf,https://storage.courtlistener.com/recap/gov.uscourts.njd.550383/gov.uscourts.njd.550383.5.0.pdf,https://archive.org/download/gov.uscourts.njd.550383/gov.uscourts.njd.550383.5.0.pdf,https://www.courtlistener.com/docket/68869775/5/shoshi-goldfus-v-apple-inc/,https://ecf.njd.uscourts.gov/doc1/119021509240?caseid=550383,$0.20,0.20,https://www.courtlistener.com/docket/68869775/apple-inc-smartphone-antitrust-litigation/
0006,6,0,2024-07-17,"Jul 17, 2024","Letter from James E. Cecchi, Esq. to the Honorable Julien Xavier Neals, U.S.D.J. Enclosing Proposed Case Management Order No. 1. (Attachments: # 1 Text of Proposed Order)(CECCHI, JAMES) (Entered: 07/17/2024)",Main Document,Letter,"0006. (07-17-2024) Letter from James E. Cecchi, Esq. to the Honorable Julien Xavier Neals, U.S.D.J. Enclosing Proposed.pdf",PACER_LINK_AVAILABLE,2,,Exact local PDF page count.,264050,76180cf64df233b51b9fe51501c19da997558520b5f2e09c7f2088145d2e44bb,4db73d868e24a08ec543dbd4a6ddf4e65ea16cd0,3dec6c9f3073ad0d6d6e4ef95f2b0b7a,False,,,,,iText® 7.1.6 ©2000-2019 iText Group NV (Administrative Office of the United States Courts; licensed version); modified using iText® 7.1.6 ©2000-2019 iText Group NV (Administrative Office of the United States Courts; licensed version),,D:20240717110616-04'00',https://ecf.njd.uscourts.gov/doc1/119021551016?caseid=550383,,,,https://ecf.njd.uscourts.gov/doc1/119021551016?caseid=550383,,,https://www.courtlistener.com/docket/68869775/apple-inc-smartphone-antitrust-litigation/
0006-001,6,1,2024-07-17,"Jul 17, 2024","Letter from James E. Cecchi, Esq. to the Honorable Julien Xavier Neals, U.S.D.J. Enclosing Proposed Case Management Order No. 1. (Attachments: # 1 Text of Proposed Order)(CECCHI, JAMES) (Entered: 07/17/2024)",Attachment 1,Text of Proposed Order,0006-001. (07-17-2024) (Text of Proposed Order).pdf,PACER_LINK_AVAILABLE,7,7,Exact local PDF page count.,212929,65e2aef8980856de317386a34a25cefd93deefad3a2d0189b0024c9a4f1a46c1,6b782b1ce19dbe57f85ea9d5bee0be4e6ca1cea0,96843069249be775dc8e2897ca626756,False,,,,,iText® 7.1.6 ©2000-2019 iText Group NV (Administrative Office of the United States Courts; licensed version); modified using iText® 7.1.6 ©2000-2019 iText Group NV (Administrative Office of the United States Courts; licensed version),,D:20240717110622-04'00',https://ecf.njd.uscourts.gov/doc1/119021551017?caseid=550383,,,,https://ecf.njd.uscourts.gov/doc1/119021551017?caseid=550383,$0.70,0.70,https://www.courtlistener.com/docket/68869775/apple-inc-smartphone-antitrust-litigation/
0007,7,0,2024-07-25,"Jul 25, 2024","CASE MANAGEMENT ORDER #1. Signed by Judge Julien Xavier Neals on 7/25/2024. (krg, ) (Entered: 07/25/2024)",Main Document,Order,0007. (07-25-2024) CASE MANAGEMENT ORDER #1. Signed by Judge Julien Xavier Neals on 7252024.pdf,FREE_RECAP_PDF_AVAILABLE,5,5,Exact local PDF page count.,284350,bbcc7143758fb4ba9adee595cb7bb331b82af5a4932d21f5ebdebf1acf319abe,cea13055764bec8e8e292bac8f37a780c5bceb6c,249bab99f464a0535e4cf606c630ad17,False,,Frances Tapia Mateo,,Acrobat PDFMaker 24 for Word,Adobe PDF Library 24.2.159; modified using iText® 7.1.6 ©2000-2019 iText Group NV (Administrative Office of the United States Courts; licensed version),D:20240725115730-04'00',D:20240725120357-04'00',https://storage.courtlistener.com/recap/gov.uscourts.njd.550383/gov.uscourts.njd.550383.7.0.pdf,https://storage.courtlistener.com/recap/gov.uscourts.njd.550383/gov.uscourts.njd.550383.7.0.pdf,https://archive.org/download/gov.uscourts.njd.550383/gov.uscourts.njd.550383.7.0.pdf,https://www.courtlistener.com/docket/68869775/7/shoshi-goldfus-v-apple-inc/,https://ecf.njd.uscourts.gov/doc1/119021577741?caseid=550383,$0.50,0.50,https://www.courtlistener.com/docket/68869775/apple-inc-smartphone-antitrust-litigation/
0008,8,0,2024-07-26,"Jul 26, 2024","Notice of Request by Pro Hac Vice Peter A. Barile III to receive Notices of Electronic Filings. ( Pro Hac Vice fee $ 250 receipt number ANJDC-15546436.) (ST. PHILLIP, PETER) (Entered: 07/26/2024)",Main Document,Notice of Pro Hac Vice to Receive NEF,,PACER_LINK_AVAILABLE,,,Price not displayed; page count unknown.,,,,,,,,,,,,,https://ecf.njd.uscourts.gov/doc1/119021581484?caseid=550383,,,,https://ecf.njd.uscourts.gov/doc1/119021581484?caseid=550383,,,https://www.courtlistener.com/docket/68869775/apple-inc-smartphone-antitrust-litigation/
0009,9,0,2024-07-29,"Jul 29, 2024",,Main Document,Notice of Appearance,,PACER_LINK_AVAILABLE,,,Price not displayed; page count unknown.,,,,,,,,,,,,,https://ecf.njd.uscourts.gov/doc1/119021585988?caseid=550383,,,,https://ecf.njd.uscourts.gov/doc1/119021585988?caseid=550383,,,https://www.courtlistener.com/docket/68869775/apple-inc-smartphone-antitrust-litigation/
0010,10,0,2024-07-29,"Jul 29, 2024",,Main Document,Notice of Appearance,,PACER_LINK_AVAILABLE,,,Price not displayed; page count unknown.,,,,,,,,,,,,,https://ecf.njd.uscourts.gov/doc1/119021588231?caseid=550383,,,,https://ecf.njd.uscourts.gov/doc1/119021588231?caseid=550383,,,https://www.courtlistener.com/docket/68869775/apple-inc-smartphone-antitrust-litigation/
0011,11,0,2024-08-05,"Aug 5, 2024","NOTICE of Appearance by LUKE MCGUIRE on behalf of APPLE, INC. (MCGUIRE, LUKE) (Entered: 08/05/2024)",Main Document,Notice of Appearance,"0011. (08-05-2024) NOTICE of Appearance by LUKE MCGUIRE on behalf of APPLE, INC.pdf",PACER_LINK_AVAILABLE,1,,Exact local PDF page count.,145718,d4ee0fd56524a8c9754786a5e012bbb607de8a3a6761e5a3fd4337c0532bc699,b45d43a789fadebe7e778e327f2cff10e3486a59,3aaa9f9e6011e131e2e810c2f4168587,False,Appearance of Counsel,US Courts,,PScript5.dll Version 5.2.2,Acrobat Distiller 20.0 (Windows); modified using iText® 7.1.6 ©2000-2019 iText Group NV (Administrative Office of the United States Courts; licensed version),D:20240805205831-04'00',D:20240805212100-04'00',https://ecf.njd.uscourts.gov/doc1/119021612176?caseid=550383,,,,https://ecf.njd.uscourts.gov/doc1/119021612176?caseid=550383,,,https://www.courtlistener.com/docket/68869775/apple-inc-smartphone-antitrust-litigation/
0012,12,0,2024-08-05,"Aug 5, 2024","NOTICE of Appearance by WINN ALLEN on behalf of APPLE, INC. (ALLEN, WINN) (Entered: 08/05/2024)",Main Document,Notice of Appearance,"0012. (08-05-2024) NOTICE of Appearance by WINN ALLEN on behalf of APPLE, INC.pdf",PACER_LINK_AVAILABLE,1,,Exact local PDF page count.,145105,d335d101b02f577b9491d7d2b5a7ab22923b809d30c49de9b14084ff4a3fbb13,4be2bea41efb14292abc164fdd05471601f480db,f73e6bfae3df234cf9d9a563cd504250,False,Appearance of Counsel,US Courts,,PScript5.dll Version 5.2.2,Acrobat Distiller 20.0 (Windows); modified using iText® 7.1.6 ©2000-2019 iText Group NV (Administrative Office of the United States Courts; licensed version),D:20240805211426-04'00',D:20240805212231-04'00',https://ecf.njd.uscourts.gov/doc1/119021612179?caseid=550383,,,,https://ecf.njd.uscourts.gov/doc1/119021612179?caseid=550383,,,https://www.courtlistener.com/docket/68869775/apple-inc-smartphone-antitrust-litigation/
0013,13,0,2024-08-05,"Aug 5, 2024","NOTICE of Appearance by CRAIG PRIMIS on behalf of APPLE, INC. (PRIMIS, CRAIG) (Entered: 08/05/2024)",Main Document,Notice of Appearance,"0013. (08-05-2024) NOTICE of Appearance by CRAIG PRIMIS on behalf of APPLE, INC.pdf",PACER_LINK_AVAILABLE,1,,Exact local PDF page count.,144554,4d0684f071cf0565a78cb0787a3064129e009f1bcf8574ec0efd3d1c5ad6fde7,ed44ff7abde9567dca2d2986352259fe99f31247,1e08acdbb2d0e2e875b3ed78bba61cf0,False,Appearance of Counsel,US Courts,,PScript5.dll Version 5.2.2,Acrobat Distiller 20.0 (Windows); modified using iText® 7.1.6 ©2000-2019 iText Group NV (Administrative Office of the United States Courts; licensed version),D:20240805210140-04'00',D:20240805212529-04'00',https://ecf.njd.uscourts.gov/doc1/119021612185?caseid=550383,,,,https://ecf.njd.uscourts.gov/doc1/119021612185?caseid=550383,,,https://www.courtlistener.com/docket/68869775/apple-inc-smartphone-antitrust-litigation/
0014,14,0,2024-08-05,"Aug 5, 2024","NOTICE of Appearance by MARY ELIZABETH MILLER on behalf of APPLE, INC. (MILLER, MARY) (Entered: 08/05/2024)",Main Document,Notice of Appearance,"0014. (08-05-2024) NOTICE of Appearance by MARY ELIZABETH MILLER on behalf of APPLE, INC.pdf",PACER_LINK_AVAILABLE,1,,Exact local PDF page count.,146177,e8ed615ff585f498c9cf859dae6f80caae5ade3b631324d0b077cf48a0437395,85c707a97dbfb1af746a082be1dee3caf18a4c45,5f03da48ce27a9874fcaae3c4a9c03a5,False,Appearance of Counsel,US Courts,,PScript5.dll Version 5.2.2,Acrobat Distiller 20.0 (Windows); modified using iText® 7.1.6 ©2000-2019 iText Group NV (Administrative Office of the United States Courts; licensed version),D:20240805210109-04'00',D:20240805212615-04'00',https://ecf.njd.uscourts.gov/doc1/119021612188?caseid=550383,,,,https://ecf.njd.uscourts.gov/doc1/119021612188?caseid=550383,,,https://www.courtlistener.com/docket/68869775/apple-inc-smartphone-antitrust-litigation/
0015,15,0,2024-08-05,"Aug 5, 2024","NOTICE of Appearance by DEVORA WHITMAN ALLON on behalf of APPLE, INC. (ALLON, DEVORA) (Entered: 08/05/2024)",Main Document,Notice of Appearance,"0015. (08-05-2024) NOTICE of Appearance by DEVORA WHITMAN ALLON on behalf of APPLE, INC.pdf",FREE_RECAP_PDF_AVAILABLE,1,1,Exact local PDF page count.,145575,9f3f458cf871ff6863b5689965655160888ee7178bd3b2518abb35b6c9b9769e,bc1687a96c0bcf19caa1ebba1357e392896059f9,335f96550b3ef1f62796bbcde4d051f9,False,Appearance of Counsel,US Courts,,PScript5.dll Version 5.2.2,Acrobat Distiller 20.0 (Windows); modified using iText® 7.1.6 ©2000-2019 iText Group NV (Administrative Office of the United States Courts; licensed version),D:20240805211607-04'00',D:20240805212827-04'00',https://storage.courtlistener.com/recap/gov.uscourts.njd.550383/gov.uscourts.njd.550383.15.0_2.pdf,https://storage.courtlistener.com/recap/gov.uscourts.njd.550383/gov.uscourts.njd.550383.15.0_2.pdf,https://archive.org/download/gov.uscourts.njd.550383/gov.uscourts.njd.550383.15.0.pdf,https://www.courtlistener.com/docket/68869775/15/shoshi-goldfus-v-apple-inc/,https://ecf.njd.uscourts.gov/doc1/119021612191?caseid=550383,$0.10,0.10,https://www.courtlistener.com/docket/68869775/apple-inc-smartphone-antitrust-litigation/
0016,16,0,2024-08-05,"Aug 5, 2024","NOTICE of Appearance by MATTHEW REILLY on behalf of APPLE, INC. (REILLY, MATTHEW) (Entered: 08/05/2024)",Main Document,Notice of Appearance,"0016. (08-05-2024) NOTICE of Appearance by MATTHEW REILLY on behalf of APPLE, INC.pdf",PACER_LINK_AVAILABLE,1,,Exact local PDF page count.,144935,0390435c3ae6d92e96599f424452c5b8817ecefa4a0a39a1fca64424d5dd06ec,c7789e4131f208e8e4cc5a3269fc154883134ddb,4971143709303f6c4a12835b3a7427ae,False,Appearance of Counsel,US Courts,,PScript5.dll Version 5.2.2,Acrobat Distiller 20.0 (Windows); modified using iText® 7.1.6 ©2000-2019 iText Group NV (Administrative Office of the United States Courts; licensed version),D:20240805210012-04'00',D:20240805213215-04'00',https://ecf.njd.uscourts.gov/doc1/119021612194?caseid=550383,,,,https://ecf.njd.uscourts.gov/doc1/119021612194?caseid=550383,,,https://www.courtlistener.com/docket/68869775/apple-inc-smartphone-antitrust-litigation/
0017,17,0,2024-08-08,"Aug 8, 2024","BRIEF in Support of Appointment of the Majority Group's Leadership Slate for Direct Iphone Purchaser Plaintiffs Class (see Case Management Order #1, ECF 7) (Attachments: # 1 Exhibit A Hagens Berman Firm Resume, # 2 Exhibit B Girard Sharp Firm Resume, # 3 Exhibit C Seeger Weiss Firm Resume, # 4 Exhibit D Carella Byrne Firm Resume, # 5 Exhibit E CPM Firm Resume, # 6 Exhibit F Nussbaum Firm Resume, # 7 Exhibit G KTMC Firm Resume, # 8 Exhibit H Kaplan Fox Firm Resume, # 9 Exhibit I Lowey Dannenberg Firm Resume, # 10 Exhibit J Gustafson Gluek Firm Resume, # 11 Exhibit K RGRD Firm Resume, # 12 Exhibit L Keller Rohrback Firm Resume, # 13 Exhibit M Kopelowitz Ostrow Firm Resume, # 14 Exhibit N SHN Firm Resume, # 15 Exhibit O Sperling Slater Firm Resume, # 16 Exhibit P Fine Kaplan Firm Resume, # 17 Text of Proposed Order)(CECCHI, JAMES) (Entered: 08/08/2024)",Main Document,Brief,0017. (08-08-2024) BRIEF in Support of Appointment of the Majority Groups Leadership Slate for Direct Iphone Purchaser.pdf,FREE_RECAP_PDF_AVAILABLE,46,>=30,Exact local PDF page count.,753360,bdf7195080e2117abf9e85b1e45ef58c31a9fcf873236aeb20163a5ba9eddf83,9d58681fb9119668d9be6c3bd71d49a38b5c6a97,21ec67997c0b45dd0d28e21e00fc9c37,False,,,,Acrobat PDFMaker 24 for Word,Adobe PDF Library 24.2.255; modified using iText® 7.1.6 ©2000-2019 iText Group NV (Administrative Office of the United States Courts; licensed version),D:20240808151935-04'00',D:20240808154812-04'00',https://storage.courtlistener.com/recap/gov.uscourts.njd.550383/gov.uscourts.njd.550383.17.0_1.pdf,https://storage.courtlistener.com/recap/gov.uscourts.njd.550383/gov.uscourts.njd.550383.17.0_1.pdf,https://archive.org/download/gov.uscourts.njd.550383/gov.uscourts.njd.550383.17.0.pdf,https://www.courtlistener.com/docket/68869775/17/shoshi-goldfus-v-apple-inc/,https://ecf.njd.uscourts.gov/doc1/119021622916?caseid=550383,$3.00,3.00,https://www.courtlistener.com/docket/68869775/apple-inc-smartphone-antitrust-litigation/
0017-001,17,1,2024-08-08,"Aug 8, 2024","BRIEF in Support of Appointment of the Majority Group's Leadership Slate for Direct Iphone Purchaser Plaintiffs Class (see Case Management Order #1, ECF 7) (Attachments: # 1 Exhibit A Hagens Berman Firm Resume, # 2 Exhibit B Girard Sharp Firm Resume, # 3 Exhibit C Seeger Weiss Firm Resume, # 4 Exhibit D Carella Byrne Firm Resume, # 5 Exhibit E CPM Firm Resume, # 6 Exhibit F Nussbaum Firm Resume, # 7 Exhibit G KTMC Firm Resume, # 8 Exhibit H Kaplan Fox Firm Resume, # 9 Exhibit I Lowey Dannenberg Firm Resume, # 10 Exhibit J Gustafson Gluek Firm Resume, # 11 Exhibit K RGRD Firm Resume, # 12 Exhibit L Keller Rohrback Firm Resume, # 13 Exhibit M Kopelowitz Ostrow Firm Resume, # 14 Exhibit N SHN Firm Resume, # 15 Exhibit O Sperling Slater Firm Resume, # 16 Exhibit P Fine Kaplan Firm Resume, # 17 Text of Proposed Order)(CECCHI, JAMES) (Entered: 08/08/2024)",Attachment 1,Exhibit A Hagens Berman Firm Resume,0017-001. (08-08-2024) Exhibit A Hagens Berman Firm Resume.pdf,PACER_LINK_AVAILABLE,48,>=30,Exact local PDF page count.,1792301,236b58d7ec771ca026ac22873437e1370c62bc4950dbec8e0925bd4cc7240327,d2794276a581a3852ee63635e3ed21c1d1642558,a8af9a173106fe529fd95a6443de6a5d,False,,Heidi Waggoner,,Acrobat PDFMaker 24 for Word,Adobe PDF Library 24.2.255; modified using iText® 7.1.6 ©2000-2019 iText Group NV (Administrative Office of the United States Courts; licensed version),D:20240808100400-04'00',D:20240808154821-04'00',https://ecf.njd.uscourts.gov/doc1/119021622917?caseid=550383,,,,https://ecf.njd.uscourts.gov/doc1/119021622917?caseid=550383,$3.00,3.00,https://www.courtlistener.com/docket/68869775/apple-inc-smartphone-antitrust-litigation/
0017-002,17,2,2024-08-08,"Aug 8, 2024","BRIEF in Support of Appointment of the Majority Group's Leadership Slate for Direct Iphone Purchaser Plaintiffs Class (see Case Management Order #1, ECF 7) (Attachments: # 1 Exhibit A Hagens Berman Firm Resume, # 2 Exhibit B Girard Sharp Firm Resume, # 3 Exhibit C Seeger Weiss Firm Resume, # 4 Exhibit D Carella Byrne Firm Resume, # 5 Exhibit E CPM Firm Resume, # 6 Exhibit F Nussbaum Firm Resume, # 7 Exhibit G KTMC Firm Resume, # 8 Exhibit H Kaplan Fox Firm Resume, # 9 Exhibit I Lowey Dannenberg Firm Resume, # 10 Exhibit J Gustafson Gluek Firm Resume, # 11 Exhibit K RGRD Firm Resume, # 12 Exhibit L Keller Rohrback Firm Resume, # 13 Exhibit M Kopelowitz Ostrow Firm Resume, # 14 Exhibit N SHN Firm Resume, # 15 Exhibit O Sperling Slater Firm Resume, # 16 Exhibit P Fine Kaplan Firm Resume, # 17 Text of Proposed Order)(CECCHI, JAMES) (Entered: 08/08/2024)",Attachment 2,Exhibit B Girard Sharp Firm Resume,0017-002. (08-08-2024) Exhibit B Girard Sharp Firm Resume.pdf,PACER_LINK_AVAILABLE,5,5,Exact local PDF page count.,426371,7ec6aba714d4e8f7129b78fc49ce3b47bf6706afc0b92ff9711cab2496eac466,144169f62e4a0311eb73bfac676cdc008234e14a,c177992bd95db316002be49efb1d7a6e,False,Girard Sharp Short Firm Resume - July 2024 TRUNCATED (Apple),DenaSharp,,Word,macOS Version 14.3 (Build 23D2057) Quartz PDFContext; modified using iText® 7.1.6 ©2000-2019 iText Group NV (Administrative Office of the United States Courts; licensed version),D:20240804215735Z,D:20240808154836-04'00',https://ecf.njd.uscourts.gov/doc1/119021622918?caseid=550383,,,,https://ecf.njd.uscourts.gov/doc1/119021622918?caseid=550383,$0.50,0.50,https://www.courtlistener.com/docket/68869775/apple-inc-smartphone-antitrust-litigation/
0017-003,17,3,2024-08-08,"Aug 8, 2024","BRIEF in Support of Appointment of the Majority Group's Leadership Slate for Direct Iphone Purchaser Plaintiffs Class (see Case Management Order #1, ECF 7) (Attachments: # 1 Exhibit A Hagens Berman Firm Resume, # 2 Exhibit B Girard Sharp Firm Resume, # 3 Exhibit C Seeger Weiss Firm Resume, # 4 Exhibit D Carella Byrne Firm Resume, # 5 Exhibit E CPM Firm Resume, # 6 Exhibit F Nussbaum Firm Resume, # 7 Exhibit G KTMC Firm Resume, # 8 Exhibit H Kaplan Fox Firm Resume, # 9 Exhibit I Lowey Dannenberg Firm Resume, # 10 Exhibit J Gustafson Gluek Firm Resume, # 11 Exhibit K RGRD Firm Resume, # 12 Exhibit L Keller Rohrback Firm Resume, # 13 Exhibit M Kopelowitz Ostrow Firm Resume, # 14 Exhibit N SHN Firm Resume, # 15 Exhibit O Sperling Slater Firm Resume, # 16 Exhibit P Fine Kaplan Firm Resume, # 17 Text of Proposed Order)(CECCHI, JAMES) (Entered: 08/08/2024)",Attachment 3,Exhibit C Seeger Weiss Firm Resume,0017-003. (08-08-2024) Exhibit C Seeger Weiss Firm Resume.pdf,PACER_LINK_AVAILABLE,11,11,Exact local PDF page count.,425763,121cddfe95f739f42dd571da4112cff5ad2f5f240c08efc3195f7703d3f5f66a,943a5e2a2015f2e9e2ab7e4f34c162893777b025,2736039b86e6eb2706abb9f590d02d2a,False,,,,Acrobat PDFMaker 24 for Word,Adobe PDF Library 24.2.229; modified using iText® 7.1.6 ©2000-2019 iText Group NV (Administrative Office of the United States Courts; licensed version),D:20240806134848-04'00',D:20240808154843-04'00',https://ecf.njd.uscourts.gov/doc1/119021622919?caseid=550383,,,,https://ecf.njd.uscourts.gov/doc1/119021622919?caseid=550383,$1.10,1.10,https://www.courtlistener.com/docket/68869775/apple-inc-smartphone-antitrust-litigation/
0017-004,17,4,2024-08-08,"Aug 8, 2024","BRIEF in Support of Appointment of the Majority Group's Leadership Slate for Direct Iphone Purchaser Plaintiffs Class (see Case Management Order #1, ECF 7) (Attachments: # 1 Exhibit A Hagens Berman Firm Resume, # 2 Exhibit B Girard Sharp Firm Resume, # 3 Exhibit C Seeger Weiss Firm Resume, # 4 Exhibit D Carella Byrne Firm Resume, # 5 Exhibit E CPM Firm Resume, # 6 Exhibit F Nussbaum Firm Resume, # 7 Exhibit G KTMC Firm Resume, # 8 Exhibit H Kaplan Fox Firm Resume, # 9 Exhibit I Lowey Dannenberg Firm Resume, # 10 Exhibit J Gustafson Gluek Firm Resume, # 11 Exhibit K RGRD Firm Resume, # 12 Exhibit L Keller Rohrback Firm Resume, # 13 Exhibit M Kopelowitz Ostrow Firm Resume, # 14 Exhibit N SHN Firm Resume, # 15 Exhibit O Sperling Slater Firm Resume, # 16 Exhibit P Fine Kaplan Firm Resume, # 17 Text of Proposed Order)(CECCHI, JAMES) (Entered: 08/08/2024)",Attachment 4,Exhibit D Carella Byrne Firm Resume,0017-004. (08-08-2024) Exhibit D Carella Byrne Firm Resume.pdf,PACER_LINK_AVAILABLE,3,3,Exact local PDF page count.,256530,221e6b20c8d055c94b7e9a3c422a7ad91e4d8710b525bb8789889192ba031736,3aab68c67bb3e405d0b7dbfa762c13e46bd1a3b3,700510fb60ae16646309ad19aabc8021,False,Microsoft Word - CB - Resume - Updated.docx,kcooper,,PScript5.dll Version 5.2.2,Acrobat Distiller 22.0 (Windows); modified using iText® 7.1.6 ©2000-2019 iText Group NV (Administrative Office of the United States Courts; licensed version),D:20220823155624-04'00',D:20240808154850-04'00',https://ecf.njd.uscourts.gov/doc1/119021622920?caseid=550383,,,,https://ecf.njd.uscourts.gov/doc1/119021622920?caseid=550383,$0.30,0.30,https://www.courtlistener.com/docket/68869775/apple-inc-smartphone-antitrust-litigation/
0017-005,17,5,2024-08-08,"Aug 8, 2024","BRIEF in Support of Appointment of the Majority Group's Leadership Slate for Direct Iphone Purchaser Plaintiffs Class (see Case Management Order #1, ECF 7) (Attachments: # 1 Exhibit A Hagens Berman Firm Resume, # 2 Exhibit B Girard Sharp Firm Resume, # 3 Exhibit C Seeger Weiss Firm Resume, # 4 Exhibit D Carella Byrne Firm Resume, # 5 Exhibit E CPM Firm Resume, # 6 Exhibit F Nussbaum Firm Resume, # 7 Exhibit G KTMC Firm Resume, # 8 Exhibit H Kaplan Fox Firm Resume, # 9 Exhibit I Lowey Dannenberg Firm Resume, # 10 Exhibit J Gustafson Gluek Firm Resume, # 11 Exhibit K RGRD Firm Resume, # 12 Exhibit L Keller Rohrback Firm Resume, # 13 Exhibit M Kopelowitz Ostrow Firm Resume, # 14 Exhibit N SHN Firm Resume, # 15 Exhibit O Sperling Slater Firm Resume, # 16 Exhibit P Fine Kaplan Firm Resume, # 17 Text of Proposed Order)(CECCHI, JAMES) (Entered: 08/08/2024)",Attachment 5,Exhibit E CPM Firm Resume,0017-005. (08-08-2024) Exhibit E CPM Firm Resume.pdf,PACER_LINK_AVAILABLE,18,18,Exact local PDF page count.,1354922,d3e6be19682e1f7197f24a07b8868948344dd98e454d227c018159c9f53b44c6,9d6add6afab90ec93dbdc1b8107eed7a6f704d9a,438fa873fc6a6ae604d7525fec2c0bcd,False,,Nirav Engineer,,Acrobat PDFMaker 24 for Word,Adobe PDF Library 24.2.255; modified using iText® 7.1.6 ©2000-2019 iText Group NV (Administrative Office of the United States Courts; licensed version),D:20240808112730-04'00',D:20240808154856-04'00',https://ecf.njd.uscourts.gov/doc1/119021622921?caseid=550383,,,,https://ecf.njd.uscourts.gov/doc1/119021622921?caseid=550383,$1.80,1.80,https://www.courtlistener.com/docket/68869775/apple-inc-smartphone-antitrust-litigation/
0017-006,17,6,2024-08-08,"Aug 8, 2024","BRIEF in Support of Appointment of the Majority Group's Leadership Slate for Direct Iphone Purchaser Plaintiffs Class (see Case Management Order #1, ECF 7) (Attachments: # 1 Exhibit A Hagens Berman Firm Resume, # 2 Exhibit B Girard Sharp Firm Resume, # 3 Exhibit C Seeger Weiss Firm Resume, # 4 Exhibit D Carella Byrne Firm Resume, # 5 Exhibit E CPM Firm Resume, # 6 Exhibit F Nussbaum Firm Resume, # 7 Exhibit G KTMC Firm Resume, # 8 Exhibit H Kaplan Fox Firm Resume, # 9 Exhibit I Lowey Dannenberg Firm Resume, # 10 Exhibit J Gustafson Gluek Firm Resume, # 11 Exhibit K RGRD Firm Resume, # 12 Exhibit L Keller Rohrback Firm Resume, # 13 Exhibit M Kopelowitz Ostrow Firm Resume, # 14 Exhibit N SHN Firm Resume, # 15 Exhibit O Sperling Slater Firm Resume, # 16 Exhibit P Fine Kaplan Firm Resume, # 17 Text of Proposed Order)(CECCHI, JAMES) (Entered: 08/08/2024)",Attachment 6,Exhibit F Nussbaum Firm Resume,0017-006. (08-08-2024) Exhibit F Nussbaum Firm Resume.pdf,PACER_LINK_AVAILABLE,6,6,Exact local PDF page count.,274879,27f8ee6b447e6f5a45ff958772c0a2cb8dfb0f6f32f57ac25c9a218800007991,76f289a8cef3811b824d246bc80fbdee0640adf7,816577fdc26d789e5fcd0b82faf381a9,False,Microsoft Word - 2024.06.25  NLG Firm Biography Antitrust Updated,PMoran,,PScript5.dll Version 5.2.2,Acrobat Distiller 10.1.16 (Windows); modified using iText® 7.1.6 ©2000-2019 iText Group NV (Administrative Office of the United States Courts; licensed version),D:20240625165551-04'00',D:20240808154905-04'00',https://ecf.njd.uscourts.gov/doc1/119021622922?caseid=550383,,,,https://ecf.njd.uscourts.gov/doc1/119021622922?caseid=550383,$0.60,0.60,https://www.courtlistener.com/docket/68869775/apple-inc-smartphone-antitrust-litigation/
0017-007,17,7,2024-08-08,"Aug 8, 2024","BRIEF in Support of Appointment of the Majority Group's Leadership Slate for Direct Iphone Purchaser Plaintiffs Class (see Case Management Order #1, ECF 7) (Attachments: # 1 Exhibit A Hagens Berman Firm Resume, # 2 Exhibit B Girard Sharp Firm Resume, # 3 Exhibit C Seeger Weiss Firm Resume, # 4 Exhibit D Carella Byrne Firm Resume, # 5 Exhibit E CPM Firm Resume, # 6 Exhibit F Nussbaum Firm Resume, # 7 Exhibit G KTMC Firm Resume, # 8 Exhibit H Kaplan Fox Firm Resume, # 9 Exhibit I Lowey Dannenberg Firm Resume, # 10 Exhibit J Gustafson Gluek Firm Resume, # 11 Exhibit K RGRD Firm Resume, # 12 Exhibit L Keller Rohrback Firm Resume, # 13 Exhibit M Kopelowitz Ostrow Firm Resume, # 14 Exhibit N SHN Firm Resume, # 15 Exhibit O Sperling Slater Firm Resume, # 16 Exhibit P Fine Kaplan Firm Resume, # 17 Text of Proposed Order)(CECCHI, JAMES) (Entered: 08/08/2024)",Attachment 7,Exhibit G KTMC Firm Resume,0017-007. (08-08-2024) Exhibit G KTMC Firm Resume.pdf,PACER_LINK_AVAILABLE,55,>=30,Exact local PDF page count.,844845,467e0cd5d37ea5e906c2d4f5e9d8f49696f592d28b28dcd052413cfe3b6130c6,e832f19fc6479dea55463539b564b88a08fe0158,e6897df51b3c189d431a5b04f1d46de4,False,,,,Aspose Ltd.,Aspose.PDF for .NET 22.6.0; modified using iText® 7.1.6 ©2000-2019 iText Group NV (Administrative Office of the United States Courts; licensed version),D:20240806134729-04'00',D:20240808154912-04'00',https://ecf.njd.uscourts.gov/doc1/119021622923?caseid=550383,,,,https://ecf.njd.uscourts.gov/doc1/119021622923?caseid=550383,$3.00,3.00,https://www.courtlistener.com/docket/68869775/apple-inc-smartphone-antitrust-litigation/
0017-008,17,8,2024-08-08,"Aug 8, 2024","BRIEF in Support of Appointment of the Majority Group's Leadership Slate for Direct Iphone Purchaser Plaintiffs Class (see Case Management Order #1, ECF 7) (Attachments: # 1 Exhibit A Hagens Berman Firm Resume, # 2 Exhibit B Girard Sharp Firm Resume, # 3 Exhibit C Seeger Weiss Firm Resume, # 4 Exhibit D Carella Byrne Firm Resume, # 5 Exhibit E CPM Firm Resume, # 6 Exhibit F Nussbaum Firm Resume, # 7 Exhibit G KTMC Firm Resume, # 8 Exhibit H Kaplan Fox Firm Resume, # 9 Exhibit I Lowey Dannenberg Firm Resume, # 10 Exhibit J Gustafson Gluek Firm Resume, # 11 Exhibit K RGRD Firm Resume, # 12 Exhibit L Keller Rohrback Firm Resume, # 13 Exhibit M Kopelowitz Ostrow Firm Resume, # 14 Exhibit N SHN Firm Resume, # 15 Exhibit O Sperling Slater Firm Resume, # 16 Exhibit P Fine Kaplan Firm Resume, # 17 Text of Proposed Order)(CECCHI, JAMES) (Entered: 08/08/2024)",Attachment 8,Exhibit H Kaplan Fox Firm Resume,0017-008. (08-08-2024) Exhibit H Kaplan Fox Firm Resume.pdf,PACER_LINK_AVAILABLE,48,>=30,Exact local PDF page count.,679043,2f18ba63af310d2a734a3769a1b3daeebeb1973de187f6f4858af3cc0df0344a,31fece198c87252cd7dc7ab37d3ea06567caa5c6,b628802101788a1c077d91cac99da3e7,False,,Francena I. Amparo,,Acrobat PDFMaker 24 for Word,Adobe PDF Library 24.2.255; modified using iText® 7.1.6 ©2000-2019 iText Group NV (Administrative Office of the United States Courts; licensed version),D:20240808100535-04'00',D:20240808154921-04'00',https://ecf.njd.uscourts.gov/doc1/119021622924?caseid=550383,,,,https://ecf.njd.uscourts.gov/doc1/119021622924?caseid=550383,$3.00,3.00,https://www.courtlistener.com/docket/68869775/apple-inc-smartphone-antitrust-litigation/
0017-009,17,9,2024-08-08,"Aug 8, 2024","BRIEF in Support of Appointment of the Majority Group's Leadership Slate for Direct Iphone Purchaser Plaintiffs Class (see Case Management Order #1, ECF 7) (Attachments: # 1 Exhibit A Hagens Berman Firm Resume, # 2 Exhibit B Girard Sharp Firm Resume, # 3 Exhibit C Seeger Weiss Firm Resume, # 4 Exhibit D Carella Byrne Firm Resume, # 5 Exhibit E CPM Firm Resume, # 6 Exhibit F Nussbaum Firm Resume, # 7 Exhibit G KTMC Firm Resume, # 8 Exhibit H Kaplan Fox Firm Resume, # 9 Exhibit I Lowey Dannenberg Firm Resume, # 10 Exhibit J Gustafson Gluek Firm Resume, # 11 Exhibit K RGRD Firm Resume, # 12 Exhibit L Keller Rohrback Firm Resume, # 13 Exhibit M Kopelowitz Ostrow Firm Resume, # 14 Exhibit N SHN Firm Resume, # 15 Exhibit O Sperling Slater Firm Resume, # 16 Exhibit P Fine Kaplan Firm Resume, # 17 Text of Proposed Order)(CECCHI, JAMES) (Entered: 08/08/2024)",Attachment 9,Exhibit I Lowey Dannenberg Firm Resume,0017-009. (08-08-2024) Exhibit I Lowey Dannenberg Firm Resume.pdf,PACER_LINK_AVAILABLE,26,26,Exact local PDF page count.,2475757,187042547d84909f112a504c2d9f73b04e7412c33d6d79eab25c92c8b5895d09,f74f4365613359293284a9a254804c356417af9b,3c6d8477eabb8c0a05fe5b4f0fccba59,False,,,,Adobe InDesign 17.4 (Macintosh),Adobe PDF Library 16.0.7; modified using iText® 7.1.6 ©2000-2019 iText Group NV (Administrative Office of the United States Courts; licensed version),D:20231003205740-07'00',D:20240808154930-04'00',https://ecf.njd.uscourts.gov/doc1/119021622925?caseid=550383,,,,https://ecf.njd.uscourts.gov/doc1/119021622925?caseid=550383,$2.60,2.60,https://www.courtlistener.com/docket/68869775/apple-inc-smartphone-antitrust-litigation/
0017-010,17,10,2024-08-08,"Aug 8, 2024","BRIEF in Support of Appointment of the Majority Group's Leadership Slate for Direct Iphone Purchaser Plaintiffs Class (see Case Management Order #1, ECF 7) (Attachments: # 1 Exhibit A Hagens Berman Firm Resume, # 2 Exhibit B Girard Sharp Firm Resume, # 3 Exhibit C Seeger Weiss Firm Resume, # 4 Exhibit D Carella Byrne Firm Resume, # 5 Exhibit E CPM Firm Resume, # 6 Exhibit F Nussbaum Firm Resume, # 7 Exhibit G KTMC Firm Resume, # 8 Exhibit H Kaplan Fox Firm Resume, # 9 Exhibit I Lowey Dannenberg Firm Resume, # 10 Exhibit J Gustafson Gluek Firm Resume, # 11 Exhibit K RGRD Firm Resume, # 12 Exhibit L Keller Rohrback Firm Resume, # 13 Exhibit M Kopelowitz Ostrow Firm Resume, # 14 Exhibit N SHN Firm Resume, # 15 Exhibit O Sperling Slater Firm Resume, # 16 Exhibit P Fine Kaplan Firm Resume, # 17 Text of Proposed Order)(CECCHI, JAMES) (Entered: 08/08/2024)",Attachment 10,Exhibit J Gustafson Gluek Firm Resume,0017-010. (08-08-2024) Exhibit J Gustafson Gluek Firm Resume.pdf,PACER_LINK_AVAILABLE,27,27,Exact local PDF page count.,1241013,d5ad783bcb92744866880c157f8859553526777196e1d3e87510da3169281879,d3342076961f1c7fe055ddd0b7f69de74ebf472c,0a4ceea3551a81b53133c9151f8fbbb9,False,Microsoft Word - GG Firm Resume Apple.docx,Dan Nordin,,,Microsoft: Print To PDF; modified using iText® 7.1.6 ©2000-2019 iText Group NV (Administrative Office of the United States Courts; licensed version),D:20240730160016-05'00',D:20240808154943-04'00',https://ecf.njd.uscourts.gov/doc1/119021622926?caseid=550383,,,,https://ecf.njd.uscourts.gov/doc1/119021622926?caseid=550383,$2.70,2.70,https://www.courtlistener.com/docket/68869775/apple-inc-smartphone-antitrust-litigation/
0017-011,17,11,2024-08-08,"Aug 8, 2024","BRIEF in Support of Appointment of the Majority Group's Leadership Slate for Direct Iphone Purchaser Plaintiffs Class (see Case Management Order #1, ECF 7) (Attachments: # 1 Exhibit A Hagens Berman Firm Resume, # 2 Exhibit B Girard Sharp Firm Resume, # 3 Exhibit C Seeger Weiss Firm Resume, # 4 Exhibit D Carella Byrne Firm Resume, # 5 Exhibit E CPM Firm Resume, # 6 Exhibit F Nussbaum Firm Resume, # 7 Exhibit G KTMC Firm Resume, # 8 Exhibit H Kaplan Fox Firm Resume, # 9 Exhibit I Lowey Dannenberg Firm Resume, # 10 Exhibit J Gustafson Gluek Firm Resume, # 11 Exhibit K RGRD Firm Resume, # 12 Exhibit L Keller Rohrback Firm Resume, # 13 Exhibit M Kopelowitz Ostrow Firm Resume, # 14 Exhibit N SHN Firm Resume, # 15 Exhibit O Sperling Slater Firm Resume, # 16 Exhibit P Fine Kaplan Firm Resume, # 17 Text of Proposed Order)(CECCHI, JAMES) (Entered: 08/08/2024)",Attachment 11,Exhibit K RGRD Firm Resume,0017-011. (08-08-2024) Exhibit K RGRD Firm Resume.pdf,PACER_LINK_AVAILABLE,30,>=30,Exact local PDF page count.,1757311,7d83b5510e6a5c9f0a12a4ea06820fd71a032643e05520592bc1642add8259f6,a385c2c8a168e561ec373b4c1d6df774582eda3e,bb10f0b66925b285eae31eeb692c4a13,False,,Andrea Finizio,Firm Resume - Version: 07262024-Dearman,Adobe Acrobat Pro (32-bit) 22.3.20263,Adobe Acrobat Pro (32-bit) 22.3.20263; modified using iText® 7.1.6 ©2000-2019 iText Group NV (Administrative Office of the United States Courts; licensed version),D:20240726084550-07'00',D:20240808154952-04'00',https://ecf.njd.uscourts.gov/doc1/119021622927?caseid=550383,,,,https://ecf.njd.uscourts.gov/doc1/119021622927?caseid=550383,$3.00,3.00,https://www.courtlistener.com/docket/68869775/apple-inc-smartphone-antitrust-litigation/
0017-012,17,12,2024-08-08,"Aug 8, 2024","BRIEF in Support of Appointment of the Majority Group's Leadership Slate for Direct Iphone Purchaser Plaintiffs Class (see Case Management Order #1, ECF 7) (Attachments: # 1 Exhibit A Hagens Berman Firm Resume, # 2 Exhibit B Girard Sharp Firm Resume, # 3 Exhibit C Seeger Weiss Firm Resume, # 4 Exhibit D Carella Byrne Firm Resume, # 5 Exhibit E CPM Firm Resume, # 6 Exhibit F Nussbaum Firm Resume, # 7 Exhibit G KTMC Firm Resume, # 8 Exhibit H Kaplan Fox Firm Resume, # 9 Exhibit I Lowey Dannenberg Firm Resume, # 10 Exhibit J Gustafson Gluek Firm Resume, # 11 Exhibit K RGRD Firm Resume, # 12 Exhibit L Keller Rohrback Firm Resume, # 13 Exhibit M Kopelowitz Ostrow Firm Resume, # 14 Exhibit N SHN Firm Resume, # 15 Exhibit O Sperling Slater Firm Resume, # 16 Exhibit P Fine Kaplan Firm Resume, # 17 Text of Proposed Order)(CECCHI, JAMES) (Entered: 08/08/2024)",Attachment 12,Exhibit L Keller Rohrback Firm Resume,0017-012. (08-08-2024) Exhibit L Keller Rohrback Firm Resume.pdf,PACER_LINK_AVAILABLE,13,13,Exact local PDF page count.,1788540,2aed1e5275d2cbb4aa8ab9801453ee19cecb5467f3ca872c1e9975a2bda0b412,a0425fd6461f3dc83a535a5763b212d19535df37,4ef12f2277d1fb6ba2dfcbe8a27f6043,False,,,,Aspose Ltd.,Aspose.Pdf for .NET 17.1.0; modified using iText® 7.1.6 ©2000-2019 iText Group NV (Administrative Office of the United States Courts; licensed version),D:20240801115659-07'00',D:20240808155002-04'00',https://ecf.njd.uscourts.gov/doc1/119021622928?caseid=550383,,,,https://ecf.njd.uscourts.gov/doc1/119021622928?caseid=550383,$1.30,1.30,https://www.courtlistener.com/docket/68869775/apple-inc-smartphone-antitrust-litigation/
0017-013,17,13,2024-08-08,"Aug 8, 2024","BRIEF in Support of Appointment of the Majority Group's Leadership Slate for Direct Iphone Purchaser Plaintiffs Class (see Case Management Order #1, ECF 7) (Attachments: # 1 Exhibit A Hagens Berman Firm Resume, # 2 Exhibit B Girard Sharp Firm Resume, # 3 Exhibit C Seeger Weiss Firm Resume, # 4 Exhibit D Carella Byrne Firm Resume, # 5 Exhibit E CPM Firm Resume, # 6 Exhibit F Nussbaum Firm Resume, # 7 Exhibit G KTMC Firm Resume, # 8 Exhibit H Kaplan Fox Firm Resume, # 9 Exhibit I Lowey Dannenberg Firm Resume, # 10 Exhibit J Gustafson Gluek Firm Resume, # 11 Exhibit K RGRD Firm Resume, # 12 Exhibit L Keller Rohrback Firm Resume, # 13 Exhibit M Kopelowitz Ostrow Firm Resume, # 14 Exhibit N SHN Firm Resume, # 15 Exhibit O Sperling Slater Firm Resume, # 16 Exhibit P Fine Kaplan Firm Resume, # 17 Text of Proposed Order)(CECCHI, JAMES) (Entered: 08/08/2024)",Attachment 13,Exhibit M Kopelowitz Ostrow Firm Resume,0017-013. (08-08-2024) Exhibit M Kopelowitz Ostrow Firm Resume.pdf,PACER_LINK_AVAILABLE,5,5,Exact local PDF page count.,296427,c2e67849d7941b3d5ce4c818c0ecce04e8805046ca4e5a24e21aa0e9be8a4bfd,fd98523048f600ca5e4d77d09d5fc8224da83803,b4c52d3118469edaa1a5f60cba7f903d,False,Microsoft Word - JO Resume - 6.21.2024,Todd M. Becker,,,Microsoft: Print To PDF; modified using iText® 7.1.6 ©2000-2019 iText Group NV (Administrative Office of the United States Courts; licensed version),D:20240621165825-04'00',D:20240808155012-04'00',https://ecf.njd.uscourts.gov/doc1/119021622929?caseid=550383,,,,https://ecf.njd.uscourts.gov/doc1/119021622929?caseid=550383,$0.50,0.50,https://www.courtlistener.com/docket/68869775/apple-inc-smartphone-antitrust-litigation/
0017-014,17,14,2024-08-08,"Aug 8, 2024","BRIEF in Support of Appointment of the Majority Group's Leadership Slate for Direct Iphone Purchaser Plaintiffs Class (see Case Management Order #1, ECF 7) (Attachments: # 1 Exhibit A Hagens Berman Firm Resume, # 2 Exhibit B Girard Sharp Firm Resume, # 3 Exhibit C Seeger Weiss Firm Resume, # 4 Exhibit D Carella Byrne Firm Resume, # 5 Exhibit E CPM Firm Resume, # 6 Exhibit F Nussbaum Firm Resume, # 7 Exhibit G KTMC Firm Resume, # 8 Exhibit H Kaplan Fox Firm Resume, # 9 Exhibit I Lowey Dannenberg Firm Resume, # 10 Exhibit J Gustafson Gluek Firm Resume, # 11 Exhibit K RGRD Firm Resume, # 12 Exhibit L Keller Rohrback Firm Resume, # 13 Exhibit M Kopelowitz Ostrow Firm Resume, # 14 Exhibit N SHN Firm Resume, # 15 Exhibit O Sperling Slater Firm Resume, # 16 Exhibit P Fine Kaplan Firm Resume, # 17 Text of Proposed Order)(CECCHI, JAMES) (Entered: 08/08/2024)",Attachment 14,Exhibit N SHN Firm Resume,0017-014. (08-08-2024) Exhibit N SHN Firm Resume.pdf,PACER_LINK_AVAILABLE,6,6,Exact local PDF page count.,2041186,4227b461dcbc2e5095445390244311a04f642b0ccbe7d3a720d49768c65fcb5f,1e40073c823674ea0d456c3312ef9c5106bac665,e7f287f682f856a5e15a5e225d7d51b3,False,,,,Adobe InDesign 19.5 (Macintosh),Adobe PDF Library 17.0; modified using iText® 7.1.6 ©2000-2019 iText Group NV (Administrative Office of the United States Courts; licensed version),D:20240806144608-04'00',D:20240808155019-04'00',https://ecf.njd.uscourts.gov/doc1/119021622930?caseid=550383,,,,https://ecf.njd.uscourts.gov/doc1/119021622930?caseid=550383,$0.60,0.60,https://www.courtlistener.com/docket/68869775/apple-inc-smartphone-antitrust-litigation/
0017-015,17,15,2024-08-08,"Aug 8, 2024","BRIEF in Support of Appointment of the Majority Group's Leadership Slate for Direct Iphone Purchaser Plaintiffs Class (see Case Management Order #1, ECF 7) (Attachments: # 1 Exhibit A Hagens Berman Firm Resume, # 2 Exhibit B Girard Sharp Firm Resume, # 3 Exhibit C Seeger Weiss Firm Resume, # 4 Exhibit D Carella Byrne Firm Resume, # 5 Exhibit E CPM Firm Resume, # 6 Exhibit F Nussbaum Firm Resume, # 7 Exhibit G KTMC Firm Resume, # 8 Exhibit H Kaplan Fox Firm Resume, # 9 Exhibit I Lowey Dannenberg Firm Resume, # 10 Exhibit J Gustafson Gluek Firm Resume, # 11 Exhibit K RGRD Firm Resume, # 12 Exhibit L Keller Rohrback Firm Resume, # 13 Exhibit M Kopelowitz Ostrow Firm Resume, # 14 Exhibit N SHN Firm Resume, # 15 Exhibit O Sperling Slater Firm Resume, # 16 Exhibit P Fine Kaplan Firm Resume, # 17 Text of Proposed Order)(CECCHI, JAMES) (Entered: 08/08/2024)",Attachment 15,Exhibit O Sperling Slater Firm Resume,0017-015. (08-08-2024) Exhibit O Sperling Slater Firm Resume.pdf,PACER_LINK_AVAILABLE,3,3,Exact local PDF page count.,307051,659472d5dbc8231e3a48348aee5687f5979aeb48e2bc8eafbcd8e142eec0be07,acbecf3c7799fddc51c587859cf3a7f527814abb,4fd8a2be715fa2494f3fb3106f89fda4,False,,,,Acrobat PDFMaker 24 for Word,Adobe PDF Library 24.2.255; modified using iText® 7.1.6 ©2000-2019 iText Group NV (Administrative Office of the United States Courts; licensed version),D:20240808112714-04'00',D:20240808155030-04'00',https://ecf.njd.uscourts.gov/doc1/119021622931?caseid=550383,,,,https://ecf.njd.uscourts.gov/doc1/119021622931?caseid=550383,$0.30,0.30,https://www.courtlistener.com/docket/68869775/apple-inc-smartphone-antitrust-litigation/
0017-016,17,16,2024-08-08,"Aug 8, 2024","BRIEF in Support of Appointment of the Majority Group's Leadership Slate for Direct Iphone Purchaser Plaintiffs Class (see Case Management Order #1, ECF 7) (Attachments: # 1 Exhibit A Hagens Berman Firm Resume, # 2 Exhibit B Girard Sharp Firm Resume, # 3 Exhibit C Seeger Weiss Firm Resume, # 4 Exhibit D Carella Byrne Firm Resume, # 5 Exhibit E CPM Firm Resume, # 6 Exhibit F Nussbaum Firm Resume, # 7 Exhibit G KTMC Firm Resume, # 8 Exhibit H Kaplan Fox Firm Resume, # 9 Exhibit I Lowey Dannenberg Firm Resume, # 10 Exhibit J Gustafson Gluek Firm Resume, # 11 Exhibit K RGRD Firm Resume, # 12 Exhibit L Keller Rohrback Firm Resume, # 13 Exhibit M Kopelowitz Ostrow Firm Resume, # 14 Exhibit N SHN Firm Resume, # 15 Exhibit O Sperling Slater Firm Resume, # 16 Exhibit P Fine Kaplan Firm Resume, # 17 Text of Proposed Order)(CECCHI, JAMES) (Entered: 08/08/2024)",Attachment 16,Exhibit P Fine Kaplan Firm Resume,0017-016. (08-08-2024) Exhibit P Fine Kaplan Firm Resume.pdf,PACER_LINK_AVAILABLE,7,7,Exact local PDF page count.,301557,6d9093491bb702b6e63aff2f56f627cb892f53a9e1d0d15e1f3b8fd5848e99e4,ba4c897c83145915d2274781cf63126caaa7f5a1,316b107ce87a3699b8dbc231e28ff000,False,,NMB,,Microsoft® Word for Microsoft 365,Microsoft® Word for Microsoft 365; modified using iText® 7.1.6 ©2000-2019 iText Group NV (Administrative Office of the United States Courts; licensed version),D:20240807133713-04'00',D:20240808155037-04'00',https://ecf.njd.uscourts.gov/doc1/119021622932?caseid=550383,,,,https://ecf.njd.uscourts.gov/doc1/119021622932?caseid=550383,$0.70,0.70,https://www.courtlistener.com/docket/68869775/apple-inc-smartphone-antitrust-litigation/
0017-017,17,17,2024-08-08,"Aug 8, 2024","BRIEF in Support of Appointment of the Majority Group's Leadership Slate for Direct Iphone Purchaser Plaintiffs Class (see Case Management Order #1, ECF 7) (Attachments: # 1 Exhibit A Hagens Berman Firm Resume, # 2 Exhibit B Girard Sharp Firm Resume, # 3 Exhibit C Seeger Weiss Firm Resume, # 4 Exhibit D Carella Byrne Firm Resume, # 5 Exhibit E CPM Firm Resume, # 6 Exhibit F Nussbaum Firm Resume, # 7 Exhibit G KTMC Firm Resume, # 8 Exhibit H Kaplan Fox Firm Resume, # 9 Exhibit I Lowey Dannenberg Firm Resume, # 10 Exhibit J Gustafson Gluek Firm Resume, # 11 Exhibit K RGRD Firm Resume, # 12 Exhibit L Keller Rohrback Firm Resume, # 13 Exhibit M Kopelowitz Ostrow Firm Resume, # 14 Exhibit N SHN Firm Resume, # 15 Exhibit O Sperling Slater Firm Resume, # 16 Exhibit P Fine Kaplan Firm Resume, # 17 Text of Proposed Order)(CECCHI, JAMES) (Entered: 08/08/2024)",Attachment 17,Text of Proposed Order,0017-017. (08-08-2024) (Text of Proposed Order).pdf,PACER_LINK_AVAILABLE,2,2,Exact local PDF page count.,198484,f62fb5a9c8a1d5121f8c0af691986e3b1d05ed531bcf6b05fe06b116639deb44,3b7b88619f7bc51ad10538f471e0ae62cfbdb6d9,f5d8b6763858a1b0ae11468dfffc1d83,False,,Jeffrey Falduto,,Acrobat PDFMaker 24 for Word,Adobe PDF Library 24.2.255; modified using iText® 7.1.6 ©2000-2019 iText Group NV (Administrative Office of the United States Courts; licensed version),D:20240808145457-04'00',D:20240808155043-04'00',https://ecf.njd.uscourts.gov/doc1/119021622933?caseid=550383,,,,https://ecf.njd.uscourts.gov/doc1/119021622933?caseid=550383,$0.20,0.20,https://www.courtlistener.com/docket/68869775/apple-inc-smartphone-antitrust-litigation/
0018,18,0,2024-08-08,"Aug 8, 2024","MOTION to Appoint Counsel Interim Co-Lead Class Counsel For Indirect Purchaser Plaintiffs Attorney: Stanley King by NICOLE ARENDS, CHRISTINA KOLINSKY, ERIC LOEWEN, SIDNEY ROSSI, SUSAN MARIE, SHARLA HILBURN, NANCY COX, and JARET SCHERMER. (Attachments: # 1 Brief Brief, # 2 Text of Proposed Order Proposed Order, # 3 Exhibit Exhibit A, # 4 Exhibit Exhibit B)(KING, STANLEY) Modified on 8/9/2024 (krg, ). (Entered: 08/08/2024)",Main Document,Appoint Counsel,0018. (08-08-2024) MOTION to Appoint Counsel Interim Co-Lead Class Counsel For Indirect Purchaser Plaintiffs Attorney-.pdf,PACER_LINK_AVAILABLE,4,,Exact local PDF page count.,176788,70b953327108510087a726eda583865427216d855611f701ea1d80c342edb5cf,52c6a1bbf82275c23e9ffa62a4df81d3dd4cd8ea,5363d5ae5dc43a809cdbb0f2d735fbfb,False,,Lauren Goodfellow,,Acrobat PDFMaker 24 for Word,Adobe PDF Library 24.2.255; modified using iText® 7.1.6 ©2000-2019 iText Group NV (Administrative Office of the United States Courts; licensed version),D:20240808191928-04'00',D:20240808195412-04'00',https://ecf.njd.uscourts.gov/doc1/119021623955?caseid=550383,,,,https://ecf.njd.uscourts.gov/doc1/119021623955?caseid=550383,,,https://www.courtlistener.com/docket/68869775/apple-inc-smartphone-antitrust-litigation/
0018-001,18,1,2024-08-08,"Aug 8, 2024","MOTION to Appoint Counsel Interim Co-Lead Class Counsel For Indirect Purchaser Plaintiffs Attorney: Stanley King by NICOLE ARENDS, CHRISTINA KOLINSKY, ERIC LOEWEN, SIDNEY ROSSI, SUSAN MARIE, SHARLA HILBURN, NANCY COX, and JARET SCHERMER. (Attachments: # 1 Brief Brief, # 2 Text of Proposed Order Proposed Order, # 3 Exhibit Exhibit A, # 4 Exhibit Exhibit B)(KING, STANLEY) Modified on 8/9/2024 (krg, ). (Entered: 08/08/2024)",Attachment 1,Brief Brief,0018-001. (08-08-2024) Brief Brief.pdf,FREE_RECAP_PDF_AVAILABLE,45,>=30,Exact local PDF page count.,440464,31a6be545c9167ced982a912db99cd0ebbbb5720fcffc8dd40e3b68cc29d12be,f0afad2d1519ec44a058fa37aef916c12bc88915,00cb274bc539002add0e68ceaa9e5520,False,,Anthony Davis,,Acrobat PDFMaker 24 for Word,Adobe PDF Library 24.2.255; modified using iText® 7.1.6 ©2000-2019 iText Group NV (Administrative Office of the United States Courts; licensed version),D:20240808191901-04'00',D:20240808195419-04'00',https://storage.courtlistener.com/recap/gov.uscourts.njd.550383/gov.uscourts.njd.550383.18.1.pdf,https://storage.courtlistener.com/recap/gov.uscourts.njd.550383/gov.uscourts.njd.550383.18.1.pdf,https://archive.org/download/gov.uscourts.njd.550383/gov.uscourts.njd.550383.18.1.pdf,https://www.courtlistener.com/docket/68869775/18/1/shoshi-goldfus-v-apple-inc/,https://ecf.njd.uscourts.gov/doc1/119021623956?caseid=550383,$3.00,3.00,https://www.courtlistener.com/docket/68869775/apple-inc-smartphone-antitrust-litigation/
0018-002,18,2,2024-08-08,"Aug 8, 2024","MOTION to Appoint Counsel Interim Co-Lead Class Counsel For Indirect Purchaser Plaintiffs Attorney: Stanley King by NICOLE ARENDS, CHRISTINA KOLINSKY, ERIC LOEWEN, SIDNEY ROSSI, SUSAN MARIE, SHARLA HILBURN, NANCY COX, and JARET SCHERMER. (Attachments: # 1 Brief Brief, # 2 Text of Proposed Order Proposed Order, # 3 Exhibit Exhibit A, # 4 Exhibit Exhibit B)(KING, STANLEY) Modified on 8/9/2024 (krg, ). (Entered: 08/08/2024)",Attachment 2,Text of Proposed Order Proposed Order,0018-002. (08-08-2024) Text of Proposed Order Proposed Order.pdf,PACER_LINK_AVAILABLE,6,6,Exact local PDF page count.,161234,3b8b9c275ca419ca56a30d509c91f58e81d99f7654a23e4d72061bdbbd90e8da,4e7a652de9c71f2e7d8ecc2a218b23ddfce52e8f,6e6596815c9c30c96a2578e12dac5380,False,,William G. Caldes,,Acrobat PDFMaker 24 for Word,Adobe PDF Library 24.2.255; modified using iText® 7.1.6 ©2000-2019 iText Group NV (Administrative Office of the United States Courts; licensed version),D:20240808192315-04'00',D:20240808195426-04'00',https://ecf.njd.uscourts.gov/doc1/119021623957?caseid=550383,,,,https://ecf.njd.uscourts.gov/doc1/119021623957?caseid=550383,$0.60,0.60,https://www.courtlistener.com/docket/68869775/apple-inc-smartphone-antitrust-litigation/
0018-003,18,3,2024-08-08,"Aug 8, 2024","MOTION to Appoint Counsel Interim Co-Lead Class Counsel For Indirect Purchaser Plaintiffs Attorney: Stanley King by NICOLE ARENDS, CHRISTINA KOLINSKY, ERIC LOEWEN, SIDNEY ROSSI, SUSAN MARIE, SHARLA HILBURN, NANCY COX, and JARET SCHERMER. (Attachments: # 1 Brief Brief, # 2 Text of Proposed Order Proposed Order, # 3 Exhibit Exhibit A, # 4 Exhibit Exhibit B)(KING, STANLEY) Modified on 8/9/2024 (krg, ). (Entered: 08/08/2024)",Attachment 3,Exhibit Exhibit A,0018-003. (08-08-2024) Exhibit Exhibit A.pdf,PACER_LINK_AVAILABLE,45,>=30,Exact local PDF page count.,5300206,bbbd15cdabfb2695396a68e6fd0a1d36ec9f02db5494efd2a89d293a8c5386bf,5ba9609972f239f84ad29725b938685836532fdb,41763cf25f8c6a74c17f7a847d7616bf,False,,,,PDFium,PDFium; modified using iText® 7.1.6 ©2000-2019 iText Group NV (Administrative Office of the United States Courts; licensed version),D:20240808104123Z,D:20240808195432-04'00',https://ecf.njd.uscourts.gov/doc1/119021623958?caseid=550383,,,,https://ecf.njd.uscourts.gov/doc1/119021623958?caseid=550383,$3.00,3.00,https://www.courtlistener.com/docket/68869775/apple-inc-smartphone-antitrust-litigation/
0018-004,18,4,2024-08-08,"Aug 8, 2024","MOTION to Appoint Counsel Interim Co-Lead Class Counsel For Indirect Purchaser Plaintiffs Attorney: Stanley King by NICOLE ARENDS, CHRISTINA KOLINSKY, ERIC LOEWEN, SIDNEY ROSSI, SUSAN MARIE, SHARLA HILBURN, NANCY COX, and JARET SCHERMER. (Attachments: # 1 Brief Brief, # 2 Text of Proposed Order Proposed Order, # 3 Exhibit Exhibit A, # 4 Exhibit Exhibit B)(KING, STANLEY) Modified on 8/9/2024 (krg, ). (Entered: 08/08/2024)",Attachment 4,Exhibit Exhibit B,0018-004. (08-08-2024) (Exhibit Exhibit B).pdf,PACER_LINK_AVAILABLE,4,4,Exact local PDF page count.,184101,7c54f41950e41903f5299f3e720f33f67c8c5a6535773ed98026499ebaaf2330,bde5d6e4fd8dcb5ec4d19f74a9140564fe09e4a8,730f7f73e25d79da363b35bb412b23ce,False,,"Raak, Amber M.",,Acrobat PDFMaker 24 for Word,Adobe PDF Library 24.2.255; modified using iText® 7.1.6 ©2000-2019 iText Group NV (Administrative Office of the United States Courts; licensed version),D:20240808190813-04'00',D:20240808195443-04'00',https://ecf.njd.uscourts.gov/doc1/119021623959?caseid=550383,,,,https://ecf.njd.uscourts.gov/doc1/119021623959?caseid=550383,$0.40,0.40,https://www.courtlistener.com/docket/68869775/apple-inc-smartphone-antitrust-litigation/
0019,19,0,2024-08-08,"Aug 8, 2024","MOTION to Appoint Counsel Appoint Interim Co-Lead Class Counsel For Direct Purchaser Plaintiffs Attorney: Joseph J. DePalma. by SHOSHI GOLDFUS, IRA POLLY. (Attachments: # 1 Brief, # 2 Declaration, # 3 Text of Proposed Order, # 4 Certificate of Service)(DEPALMA, JOSEPH) (Entered: 08/08/2024)",Main Document,Appoint Counsel,0019. (08-08-2024) MOTION to Appoint Counsel Appoint Interim Co-Lead Class Counsel For Direct Purchaser Plaintiffs Atto.pdf,FREE_RECAP_PDF_AVAILABLE,4,4,Exact local PDF page count.,165487,e67d031b9f5c3806099d3114db33820efa4cc33e8816a4ba6665de8ad574b0f8,b62dfe948501f1648edb665a630363f95515b8ae,b32589bae461194011a1d6f2e83e484a,False,Microsoft Word - 1003199_1,ep,,PScript5.dll Version 5.2.2,Acrobat Distiller 24.0 (Windows); modified using iText® 7.1.6 ©2000-2019 iText Group NV (Administrative Office of the United States Courts; licensed version),D:20240808210824-04'00',D:20240808220528-04'00',https://storage.courtlistener.com/recap/gov.uscourts.njd.550383/gov.uscourts.njd.550383.19.0.pdf,https://storage.courtlistener.com/recap/gov.uscourts.njd.550383/gov.uscourts.njd.550383.19.0.pdf,https://archive.org/download/gov.uscourts.njd.550383/gov.uscourts.njd.550383.19.0.pdf,https://www.courtlistener.com/docket/68869775/19/shoshi-goldfus-v-apple-inc/,https://ecf.njd.uscourts.gov/doc1/119021624155?caseid=550383,$0.40,0.40,https://www.courtlistener.com/docket/68869775/apple-inc-smartphone-antitrust-litigation/
0019-001,19,1,2024-08-08,"Aug 8, 2024","MOTION to Appoint Counsel Appoint Interim Co-Lead Class Counsel For Direct Purchaser Plaintiffs Attorney: Joseph J. DePalma. by SHOSHI GOLDFUS, IRA POLLY. (Attachments: # 1 Brief, # 2 Declaration, # 3 Text of Proposed Order, # 4 Certificate of Service)(DEPALMA, JOSEPH) (Entered: 08/08/2024)",Attachment 1,Brief,0019-001. (08-08-2024) Brief.pdf,FREE_RECAP_PDF_AVAILABLE,51,>=30,Exact local PDF page count.,307818,5dbbd521949277799d8643ac02b0e5fb22cf2cfe6468d27aca7a1d537840e0f6,b60d6fd9b6923f20384cf891aa00e8c6cac14181,0249b79c04062bb502be79b3d99b8ded,False,Microsoft Word - 1003459_1,ep,,PScript5.dll Version 5.2.2,Acrobat Distiller 24.0 (Windows); modified using iText® 7.1.6 ©2000-2019 iText Group NV (Administrative Office of the United States Courts; licensed version),D:20240808203634-04'00',D:20240808220534-04'00',https://storage.courtlistener.com/recap/gov.uscourts.njd.550383/gov.uscourts.njd.550383.19.1.pdf,https://storage.courtlistener.com/recap/gov.uscourts.njd.550383/gov.uscourts.njd.550383.19.1.pdf,https://archive.org/download/gov.uscourts.njd.550383/gov.uscourts.njd.550383.19.1.pdf,https://www.courtlistener.com/docket/68869775/19/1/shoshi-goldfus-v-apple-inc/,https://ecf.njd.uscourts.gov/doc1/119021624156?caseid=550383,$3.00,3.00,https://www.courtlistener.com/docket/68869775/apple-inc-smartphone-antitrust-litigation/
0019-002,19,2,2024-08-08,"Aug 8, 2024","MOTION to Appoint Counsel Appoint Interim Co-Lead Class Counsel For Direct Purchaser Plaintiffs Attorney: Joseph J. DePalma. by SHOSHI GOLDFUS, IRA POLLY. (Attachments: # 1 Brief, # 2 Declaration, # 3 Text of Proposed Order, # 4 Certificate of Service)(DEPALMA, JOSEPH) (Entered: 08/08/2024)",Attachment 2,Declaration,0019-002. (08-08-2024) Declaration.pdf,FREE_RECAP_PDF_AVAILABLE,135,>=30,Exact local PDF page count.,6216197,eccb3f1278d90f25750138f31b4f253160e84ab6f4efecfcc3cbd71509eb6974,55d90ead6a176fb0b1746e2e145e5c887a806e72,7a7a5d40624a49060b6251b5ebf718d8,False,,ep,,Adobe Acrobat Pro (32-bit) 24.2.20991,Adobe Acrobat Pro (32-bit) 24.2.20991; modified using iText® 7.1.6 ©2000-2019 iText Group NV (Administrative Office of the United States Courts; licensed version),D:20240808212126-04'00',D:20240808220541-04'00',https://storage.courtlistener.com/recap/gov.uscourts.njd.550383/gov.uscourts.njd.550383.19.2.pdf,https://storage.courtlistener.com/recap/gov.uscourts.njd.550383/gov.uscourts.njd.550383.19.2.pdf,https://archive.org/download/gov.uscourts.njd.550383/gov.uscourts.njd.550383.19.2.pdf,https://www.courtlistener.com/docket/68869775/19/2/shoshi-goldfus-v-apple-inc/,https://ecf.njd.uscourts.gov/doc1/119021624157?caseid=550383,$3.00,3.00,https://www.courtlistener.com/docket/68869775/apple-inc-smartphone-antitrust-litigation/
0019-003,19,3,2024-08-08,"Aug 8, 2024","MOTION to Appoint Counsel Appoint Interim Co-Lead Class Counsel For Direct Purchaser Plaintiffs Attorney: Joseph J. DePalma. by SHOSHI GOLDFUS, IRA POLLY. (Attachments: # 1 Brief, # 2 Declaration, # 3 Text of Proposed Order, # 4 Certificate of Service)(DEPALMA, JOSEPH) (Entered: 08/08/2024)",Attachment 3,Text of Proposed Order,0019-003. (08-08-2024) Text of Proposed Order.pdf,PACER_LINK_AVAILABLE,3,3,Exact local PDF page count.,204811,034c282c6a7405b8a880891ec5d0906b4b7899898422fc367056e8d515f88e46,848b45dfb046311032ffbcede27b819ed2a4e609,c779e9ee6fd6bb1b01a3bf8658b00e7b,False,Microsoft Word - 1003103_1,ep,,PScript5.dll Version 5.2.2,Acrobat Distiller 24.0 (Windows); modified using iText® 7.1.6 ©2000-2019 iText Group NV (Administrative Office of the United States Courts; licensed version),D:20240808212246-04'00',D:20240808220559-04'00',https://ecf.njd.uscourts.gov/doc1/119021624158?caseid=550383,,,,https://ecf.njd.uscourts.gov/doc1/119021624158?caseid=550383,$0.30,0.30,https://www.courtlistener.com/docket/68869775/apple-inc-smartphone-antitrust-litigation/
0019-004,19,4,2024-08-08,"Aug 8, 2024","MOTION to Appoint Counsel Appoint Interim Co-Lead Class Counsel For Direct Purchaser Plaintiffs Attorney: Joseph J. DePalma. by SHOSHI GOLDFUS, IRA POLLY. (Attachments: # 1 Brief, # 2 Declaration, # 3 Text of Proposed Order, # 4 Certificate of Service)(DEPALMA, JOSEPH) (Entered: 08/08/2024)",Attachment 4,Certificate of Service,0019-004. (08-08-2024) (Certificate of Service).pdf,PACER_LINK_AVAILABLE,1,1,Exact local PDF page count.,154896,665f9ad92d0e612e70fec2bd03735195bd24ded32cbccaf2ee9cf68fba974ecd,565c12b40cfdd460c462b8515f70fa74de966443,2e4301b05c57a9a55cdb3cd2417140a7,False,Microsoft Word - 1003162_1,ep,,PScript5.dll Version 5.2.2,Acrobat Distiller 24.0 (Windows); modified using iText® 7.1.6 ©2000-2019 iText Group NV (Administrative Office of the United States Courts; licensed version),D:20240808212315-04'00',D:20240808220606-04'00',https://ecf.njd.uscourts.gov/doc1/119021624159?caseid=550383,,,,https://ecf.njd.uscourts.gov/doc1/119021624159?caseid=550383,$0.10,0.10,https://www.courtlistener.com/docket/68869775/apple-inc-smartphone-antitrust-litigation/
0020,20,0,2024-08-08,"Aug 8, 2024","MOTION to Appoint Counsel Interim Lead Counsel for the Apple Watch Direct Purchaser Class by JOSEPH GIAMANCO. (Attachments: # 1 Brief In Support of Motion for Appointment of Interim Lead Counsel for the Apple Watch Direct Purchaser Class, # 2 Declaration of George A. Zelcs in Support of Plaintiff Joseph Giamanco's Motion for Appointment of Interim Lead Counsel for the Apple Watch Direct Purchaser Class, # 3 Appendix Firm Resumes, # 4 Text of Proposed Order Granting Plaintiff Joseph Giamanco's Motion for Appointment of Interim Lead Counsel for the Apple Watch Direct Purchaser Class, # 5 Certificate of Service)(CURTIN, THOMAS) (Entered: 08/08/2024)",Main Document,Appoint Counsel,0020. (08-08-2024) MOTION to Appoint Counsel Interim Lead Counsel for the Apple Watch Direct Purchaser Class by JOSEPH.pdf,PACER_LINK_AVAILABLE,2,,Exact local PDF page count.,146544,b1aa375a6cc23ffbe388d2cf6cb3f30f585a505c114703a9b4a3806a3f9b5c9d,b70baad1320aafe968588606c11fd281ba12e876,e1978731427a530da4f3b5b0aad21428,False,,,,,iText® 7.1.6 ©2000-2019 iText Group NV (Administrative Office of the United States Courts; licensed version); modified using iText® 7.1.6 ©2000-2019 iText Group NV (Administrative Office of the United States Courts; licensed version),,D:20240808233829-04'00',https://ecf.njd.uscourts.gov/doc1/119021624194?caseid=550383,,,,https://ecf.njd.uscourts.gov/doc1/119021624194?caseid=550383,,,https://www.courtlistener.com/docket/68869775/apple-inc-smartphone-antitrust-litigation/
0020-001,20,1,2024-08-08,"Aug 8, 2024","MOTION to Appoint Counsel Interim Lead Counsel for the Apple Watch Direct Purchaser Class by JOSEPH GIAMANCO. (Attachments: # 1 Brief In Support of Motion for Appointment of Interim Lead Counsel for the Apple Watch Direct Purchaser Class, # 2 Declaration of George A. Zelcs in Support of Plaintiff Joseph Giamanco's Motion for Appointment of Interim Lead Counsel for the Apple Watch Direct Purchaser Class, # 3 Appendix Firm Resumes, # 4 Text of Proposed Order Granting Plaintiff Joseph Giamanco's Motion for Appointment of Interim Lead Counsel for the Apple Watch Direct Purchaser Class, # 5 Certificate of Service)(CURTIN, THOMAS) (Entered: 08/08/2024)",Attachment 1,Brief In Support of Motion for Appointment of Interim Lead Counsel for the Apple,0020-001. (08-08-2024) Brief In Support of Motion for Appointment of Interim Lead Counsel for the Apple Watch Direct Purcha.pdf,FREE_RECAP_PDF_AVAILABLE,34,>=30,Exact local PDF page count.,372693,81c73e3b29319cd6d3f24504bdd0ab04c09706ce051ed8c5aae81819eeb314dd,174b8fd75b41bf4a10fbc1688af9d4af703cb1c0,b0a3b05ad427e5726ae8caad44737d28,False,,,,,iText® 7.1.6 ©2000-2019 iText Group NV (Administrative Office of the United States Courts; licensed version); modified using iText® 7.1.6 ©2000-2019 iText Group NV (Administrative Office of the United States Courts; licensed version),,D:20240808233837-04'00',https://storage.courtlistener.com/recap/gov.uscourts.njd.550383/gov.uscourts.njd.550383.20.1.pdf,https://storage.courtlistener.com/recap/gov.uscourts.njd.550383/gov.uscourts.njd.550383.20.1.pdf,https://archive.org/download/gov.uscourts.njd.550383/gov.uscourts.njd.550383.20.1.pdf,https://www.courtlistener.com/docket/68869775/20/1/shoshi-goldfus-v-apple-inc/,https://ecf.njd.uscourts.gov/doc1/119021624195?caseid=550383,$3.00,3.00,https://www.courtlistener.com/docket/68869775/apple-inc-smartphone-antitrust-litigation/
0020-002,20,2,2024-08-08,"Aug 8, 2024","MOTION to Appoint Counsel Interim Lead Counsel for the Apple Watch Direct Purchaser Class by JOSEPH GIAMANCO. (Attachments: # 1 Brief In Support of Motion for Appointment of Interim Lead Counsel for the Apple Watch Direct Purchaser Class, # 2 Declaration of George A. Zelcs in Support of Plaintiff Joseph Giamanco's Motion for Appointment of Interim Lead Counsel for the Apple Watch Direct Purchaser Class, # 3 Appendix Firm Resumes, # 4 Text of Proposed Order Granting Plaintiff Joseph Giamanco's Motion for Appointment of Interim Lead Counsel for the Apple Watch Direct Purchaser Class, # 5 Certificate of Service)(CURTIN, THOMAS) (Entered: 08/08/2024)",Attachment 2,Declaration of George A. Zelcs in Support of Plaintiff Joseph Giamanco's Mo,0020-002. (08-08-2024) Declaration of George A. Zelcs in Support of Plaintiff Joseph Giamancos Motion for Appointment of I.pdf,PACER_LINK_AVAILABLE,3,3,Exact local PDF page count.,168506,27117600d73a53af1c7aa63dcfc5869c88ad769ff9702465054828379519b1b8,8c8fa79332992645719b101a7f32a850ddca5809,3ee981c83faa07f929a5faa1ded554c0,False,,,,,iText® 7.1.6 ©2000-2019 iText Group NV (Administrative Office of the United States Courts; licensed version); modified using iText® 7.1.6 ©2000-2019 iText Group NV (Administrative Office of the United States Courts; licensed version),,D:20240808233845-04'00',https://ecf.njd.uscourts.gov/doc1/119021624196?caseid=550383,,,,https://ecf.njd.uscourts.gov/doc1/119021624196?caseid=550383,$0.30,0.30,https://www.courtlistener.com/docket/68869775/apple-inc-smartphone-antitrust-litigation/
0020-003,20,3,2024-08-08,"Aug 8, 2024","MOTION to Appoint Counsel Interim Lead Counsel for the Apple Watch Direct Purchaser Class by JOSEPH GIAMANCO. (Attachments: # 1 Brief In Support of Motion for Appointment of Interim Lead Counsel for the Apple Watch Direct Purchaser Class, # 2 Declaration of George A. Zelcs in Support of Plaintiff Joseph Giamanco's Motion for Appointment of Interim Lead Counsel for the Apple Watch Direct Purchaser Class, # 3 Appendix Firm Resumes, # 4 Text of Proposed Order Granting Plaintiff Joseph Giamanco's Motion for Appointment of Interim Lead Counsel for the Apple Watch Direct Purchaser Class, # 5 Certificate of Service)(CURTIN, THOMAS) (Entered: 08/08/2024)",Attachment 3,Appendix Firm Resumes,0020-003. (08-08-2024) Appendix Firm Resumes.pdf,PACER_LINK_AVAILABLE,101,>=30,Exact local PDF page count.,25129123,8ea940a99ff44ee07f11618f09b4f9a1cde40f3ade2ea2de5e644617de8f5c6b,7f966e9b9d5b2409e4998c8677eac5905b70a826,17851250df2465da869bae7e5a06da84,False,,,,,iText® 7.1.6 ©2000-2019 iText Group NV (Administrative Office of the United States Courts; licensed version); modified using iText® 7.1.6 ©2000-2019 iText Group NV (Administrative Office of the United States Courts; licensed version),,D:20240808233853-04'00',https://ecf.njd.uscourts.gov/doc1/119021624197?caseid=550383,,,,https://ecf.njd.uscourts.gov/doc1/119021624197?caseid=550383,$3.00,3.00,https://www.courtlistener.com/docket/68869775/apple-inc-smartphone-antitrust-litigation/
0020-004,20,4,2024-08-08,"Aug 8, 2024","MOTION to Appoint Counsel Interim Lead Counsel for the Apple Watch Direct Purchaser Class by JOSEPH GIAMANCO. (Attachments: # 1 Brief In Support of Motion for Appointment of Interim Lead Counsel for the Apple Watch Direct Purchaser Class, # 2 Declaration of George A. Zelcs in Support of Plaintiff Joseph Giamanco's Motion for Appointment of Interim Lead Counsel for the Apple Watch Direct Purchaser Class, # 3 Appendix Firm Resumes, # 4 Text of Proposed Order Granting Plaintiff Joseph Giamanco's Motion for Appointment of Interim Lead Counsel for the Apple Watch Direct Purchaser Class, # 5 Certificate of Service)(CURTIN, THOMAS) (Entered: 08/08/2024)",Attachment 4,Text of Proposed Order Granting Plaintiff Joseph Giamanco's Motion for Appo,0020-004. (08-08-2024) Text of Proposed Order Granting Plaintiff Joseph Giamancos Motion for Appointment of Interim Lead C.pdf,PACER_LINK_AVAILABLE,3,3,Exact local PDF page count.,704475,2a3554ad4827986995a45eee24a91418d1224065c209e5a3fefc23ede974374b,fccd1539e22f547c3b16753fa6cc27639f26b1c8,066b21621bba6efb7ea4347d6cf51c44,False,,,,,iText® 7.1.6 ©2000-2019 iText Group NV (Administrative Office of the United States Courts; licensed version); modified using iText® 7.1.6 ©2000-2019 iText Group NV (Administrative Office of the United States Courts; licensed version),,D:20240808233919-04'00',https://ecf.njd.uscourts.gov/doc1/119021624198?caseid=550383,,,,https://ecf.njd.uscourts.gov/doc1/119021624198?caseid=550383,$0.30,0.30,https://www.courtlistener.com/docket/68869775/apple-inc-smartphone-antitrust-litigation/
0020-005,20,5,2024-08-08,"Aug 8, 2024","MOTION to Appoint Counsel Interim Lead Counsel for the Apple Watch Direct Purchaser Class by JOSEPH GIAMANCO. (Attachments: # 1 Brief In Support of Motion for Appointment of Interim Lead Counsel for the Apple Watch Direct Purchaser Class, # 2 Declaration of George A. Zelcs in Support of Plaintiff Joseph Giamanco's Motion for Appointment of Interim Lead Counsel for the Apple Watch Direct Purchaser Class, # 3 Appendix Firm Resumes, # 4 Text of Proposed Order Granting Plaintiff Joseph Giamanco's Motion for Appointment of Interim Lead Counsel for the Apple Watch Direct Purchaser Class, # 5 Certificate of Service)(CURTIN, THOMAS) (Entered: 08/08/2024)",Attachment 5,Certificate of Service,0020-005. (08-08-2024) (Certificate of Service).pdf,PACER_LINK_AVAILABLE,2,2,Exact local PDF page count.,157135,844edc9c485dd5947317b0ce62628e674d70d7cd9b48cf27c5596c680541f901,0dfb3388c0c73f1fbe6390f6a842370ddda487a8,64792ca1149906531248846345323eb2,False,,,,,iText® 7.1.6 ©2000-2019 iText Group NV (Administrative Office of the United States Courts; licensed version); modified using iText® 7.1.6 ©2000-2019 iText Group NV (Administrative Office of the United States Courts; licensed version),,D:20240808233928-04'00',https://ecf.njd.uscourts.gov/doc1/119021624199?caseid=550383,,,,https://ecf.njd.uscourts.gov/doc1/119021624199?caseid=550383,$0.20,0.20,https://www.courtlistener.com/docket/68869775/apple-inc-smartphone-antitrust-litigation/
0021,21,0,2024-08-22,"Aug 22, 2024","BRIEF HAUSFELD LLP'S & SUSMAN GODFREY LLP'S RESPONSE TO THE ""MAJORITY PLAINTIFFS"" GROUP'S PROPOSED LEADERSHIP SLATE FOR THE DIRECT PURCHASER CLASS (DEPALMA, JOSEPH) (Entered: 08/22/2024)",Main Document,Brief,0021. (08-22-2024) BRIEF HAUSFELD LLPS  SUSMAN GODFREY LLPS RESPONSE TO THE MAJORITY PLAINTIFFS GROUPS PROPOSED L.pdf,FREE_RECAP_PDF_AVAILABLE,1,>=30,Exact local PDF page count.,360270,ea136c130cc07cd998be3e808bd138e7a9ba807cdeee5d62db56bca6e5ee03dd,08a0f0a0cea78fb2436ffc7821fac11731e56999,3bda7a5e4485d445be40e4faf6ec5ab7,False,Apple-NOA for JO.pdf,Sandra Marcheco,,,Microsoft: Print To PDF; modified using iText® 7.1.6 ©2000-2019 iText Group NV (Administrative Office of the United States Courts; licensed version),D:20240812145720-04'00',D:20240812150243-04'00',https://storage.courtlistener.com/recap/gov.uscourts.njd.550383/gov.uscourts.njd.550383.21.0.pdf,https://storage.courtlistener.com/recap/gov.uscourts.njd.550383/gov.uscourts.njd.550383.21.0.pdf,https://archive.org/download/gov.uscourts.njd.550383/gov.uscourts.njd.550383.21.0.pdf,https://www.courtlistener.com/docket/68869775/21/shoshi-goldfus-v-apple-inc/,https://ecf.njd.uscourts.gov/doc1/119021666392?caseid=550383,$3.00,3.00,https://www.courtlistener.com/docket/68869775/apple-inc-smartphone-antitrust-litigation/
0022,22,0,2024-08-22,"Aug 22, 2024","BRIEF THE MAJORITY GROUP'S RESPONSE TO HAUSFELD LLP'S AND SUSMAN GODFREY LLP'S MOTION AT ECF 19 AND IN FURTHER SUPPORT OF THE MAJORITY GROUP'S LEADERSHIP SLATE FOR THE iPHONE DIRECT PURCHASER CLASS (CECCHI, JAMES) (Entered: 08/22/2024)",Main Document,Brief,0022. (08-22-2024) BRIEF THE MAJORITY GROUPS RESPONSE TO HAUSFELD LLPS AND SUSMAN GODFREY LLPS MOTION AT ECF 19 AND.pdf,PACER_LINK_AVAILABLE,1,,Exact local PDF page count.,363616,98252902dd5ab1b1109a7b34ff699fafea409145b7d0161d941fb06e5b98489d,01178c910996aa88730d5d4f02da605795072924,3e91bce8c5d42662a83d8d16a80535b4,False,Apple-NOA for JO.pdf,Sandra Marcheco,,,Microsoft: Print To PDF; modified using iText® 7.1.6 ©2000-2019 iText Group NV (Administrative Office of the United States Courts; licensed version),D:20240812145906-04'00',D:20240812150320-04'00',https://ecf.njd.uscourts.gov/doc1/119021666444?caseid=550383,,,,https://ecf.njd.uscourts.gov/doc1/119021666444?caseid=550383,,,https://www.courtlistener.com/docket/68869775/apple-inc-smartphone-antitrust-litigation/
0023,23,0,2024-08-29,"Aug 29, 2024","BRIEF Corrective Filing (Attachments: # 1 Certificate of Service)(CURTIN, THOMAS) (Entered: 08/29/2024)",Main Document,Brief,0023. (08-29-2024) BRIEF Corrective Filing.pdf,PACER_LINK_AVAILABLE,5,,Exact local PDF page count.,73770,d3ddd153516487823e121bc696194627925616127a277c8d553e481d1e54baa2,a0723e8bb0426f01aef1430ee5cbd9aa6869518e,11e3d0cc35151b11b0abf2b56aeacb43,False,Microsoft Word - 5022460_1.docx,kfennelly,,Power PDF Create,Power PDF Create; modified using iText® 7.1.6 ©2000-2019 iText Group NV (Administrative Office of the United States Courts; licensed version),D:20240829101600-04'00',D:20240829105404-04'00',https://ecf.njd.uscourts.gov/doc1/119021684888?caseid=550383,,,,https://ecf.njd.uscourts.gov/doc1/119021684888?caseid=550383,,,https://www.courtlistener.com/docket/68869775/apple-inc-smartphone-antitrust-litigation/
0023-001,23,1,2024-08-29,"Aug 29, 2024","BRIEF Corrective Filing (Attachments: # 1 Certificate of Service)(CURTIN, THOMAS) (Entered: 08/29/2024)",Attachment 1,Certificate of Service,0023-001. (08-29-2024) (Certificate of Service).pdf,PACER_LINK_AVAILABLE,1,1,Exact local PDF page count.,24936,0a623e8b98ec6c17a27b718b25d8117fe569fcfde020d6ae1ebab0da9c2feb27,bc4dd19befdbdb88dcd005ce7dcfc0aae45b6747,14b473cec695e6c98c0f2f3d648d3c60,False,Microsoft Word - Giamanco - COS MDL Corective Filing (002).DOCX,kfennelly,,Power PDF Create,Power PDF Create; modified using iText® 7.1.6 ©2000-2019 iText Group NV (Administrative Office of the United States Courts; licensed version),D:20240829104801-04'00',D:20240829105413-04'00',https://ecf.njd.uscourts.gov/doc1/119021684889?caseid=550383,,,,https://ecf.njd.uscourts.gov/doc1/119021684889?caseid=550383,$0.10,0.10,https://www.courtlistener.com/docket/68869775/apple-inc-smartphone-antitrust-litigation/
0024,24,0,2024-10-08,"Oct 8, 2024","Order of MDL Panel transferring certain action from the Northern District of California to this court. (krg, ) (Entered: 10/08/2024)",Main Document,MDL Transfer Order (in),0024. (10-08-2024) Order of MDL Panel transferring certain action from the Northern District of California to this cour.pdf,FREE_RECAP_PDF_AVAILABLE,1,3,Exact local PDF page count.,144821,2bf3a15411f5a66e70a511e684acd0baf86f96a716bd20247a001bbb77560a85,7a5af275b5c1c141c3bbc993e4153706a9a334d9,c327ee7ea240543ff7887f2a079cd96c,False,Appearance of Counsel,US Courts,,PScript5.dll Version 5.2.2,"Acrobat Distiller 24.0 (Windows); modified using iText® Core 7.2.3 (production version) ©2000-2022 iText Group NV, Administrative Office of the United States Courts",D:20240916110045-04'00',D:20240916114721-04'00',https://storage.courtlistener.com/recap/gov.uscourts.njd.550383/gov.uscourts.njd.550383.24.0.pdf,https://storage.courtlistener.com/recap/gov.uscourts.njd.550383/gov.uscourts.njd.550383.24.0.pdf,https://archive.org/download/gov.uscourts.njd.550383/gov.uscourts.njd.550383.24.0.pdf,https://www.courtlistener.com/docket/68869775/24/shoshi-goldfus-v-apple-inc/,https://ecf.njd.uscourts.gov/doc1/119021806014?caseid=550383,$0.30,0.30,https://www.courtlistener.com/docket/68869775/apple-inc-smartphone-antitrust-litigation/
0025,25,0,2024-10-08,"Oct 8, 2024","Letter from James E. Cecchi, Esq. to the Honorable Julien Xavier Neals, U.S.D.J. Regarding the Scheduled Technology Tutorial. (CECCHI, JAMES) (Entered: 10/08/2024)",Main Document,Letter,"0025. (10-08-2024) Letter from James E. Cecchi, Esq. to the Honorable Julien Xavier Neals, U.S.D.J. Regarding the Sched.pdf",FREE_RECAP_PDF_AVAILABLE,1,1,Exact local PDF page count.,144777,b4bc97e52d9978b7052bf7f0a1c77f4d1450de30452a1a32664111c6adcac5ce,02e1e0a086027035f2a71be8dc34b443457cf3ac,ca3c55bfa2134719940182794baae4b5,False,Appearance of Counsel,US Courts,,PScript5.dll Version 5.2.2,"Acrobat Distiller 24.0 (Windows); modified using iText® Core 7.2.3 (production version) ©2000-2022 iText Group NV, Administrative Office of the United States Courts",D:20240916105928-04'00',D:20240916151959-04'00',https://storage.courtlistener.com/recap/gov.uscourts.njd.550383/gov.uscourts.njd.550383.25.0.pdf,https://storage.courtlistener.com/recap/gov.uscourts.njd.550383/gov.uscourts.njd.550383.25.0.pdf,https://archive.org/download/gov.uscourts.njd.550383/gov.uscourts.njd.550383.25.0.pdf,https://www.courtlistener.com/docket/68869775/25/shoshi-goldfus-v-apple-inc/,https://ecf.njd.uscourts.gov/doc1/119021806352?caseid=550383,$0.10,0.10,https://www.courtlistener.com/docket/68869775/apple-inc-smartphone-antitrust-litigation/
0026,26,0,2024-10-08,"Oct 8, 2024","Letter from Thomas R. Curtin, Esq. Regarding November 6, 2024 Technology Tutorial. (CURTIN, THOMAS) (Entered: 10/08/2024)",Main Document,Letter,"0026. (10-08-2024) Letter from Thomas R. Curtin, Esq. Regarding November 6, 2024 Technology Tutorial.pdf",FREE_RECAP_PDF_AVAILABLE,1,1,Exact local PDF page count.,36459,1eb02a724ecb758e2d611d6d67ecfdcd18b8e07ed2ee180bd8b378c1e49607e5,ab76bb745be539493cec52c46bac5a5c927a3446,f4bf4899741f33425da019ecd33af608,False,Microsoft Word - 5038293_1.docx,kfennelly,,Power PDF Create,"Power PDF Create; modified using iText® Core 7.2.3 (production version) ©2000-2022 iText Group NV, Administrative Office of the United States Courts",D:20241008140010-04'00',D:20241008140809-04'00',https://storage.courtlistener.com/recap/gov.uscourts.njd.550383/gov.uscourts.njd.550383.26.0.pdf,https://storage.courtlistener.com/recap/gov.uscourts.njd.550383/gov.uscourts.njd.550383.26.0.pdf,https://archive.org/download/gov.uscourts.njd.550383/gov.uscourts.njd.550383.26.0.pdf,https://www.courtlistener.com/docket/68869775/26/shoshi-goldfus-v-apple-inc/,https://ecf.njd.uscourts.gov/doc1/119021807526?caseid=550383,$0.10,0.10,https://www.courtlistener.com/docket/68869775/apple-inc-smartphone-antitrust-litigation/
0027,27,0,2024-10-08,"Oct 8, 2024","Letter from Stanley O. King. (KING, STANLEY) (Entered: 10/08/2024)",Main Document,Letter,0027. (10-08-2024) Letter from Stanley O. King.pdf,FREE_RECAP_PDF_AVAILABLE,1,1,Exact local PDF page count.,353528,14f9572b5951f5649cc8eaa96757a8ed4cc5e6d29959a58680796566d4b1935f,fbda85f20b464749da1aabd1d7949e2821fe8e07,910cbdd580496479359071a634f5565f,False,LC Chicago Letterhead template,Linda Napier,,Acrobat PDFMaker 24 for Word,"Adobe PDF Library 24.3.144; modified using iText® Core 7.2.3 (production version) ©2000-2022 iText Group NV, Administrative Office of the United States Courts",D:20241008174921-04'00',D:20241008175908-04'00',https://storage.courtlistener.com/recap/gov.uscourts.njd.550383/gov.uscourts.njd.550383.27.0.pdf,https://storage.courtlistener.com/recap/gov.uscourts.njd.550383/gov.uscourts.njd.550383.27.0.pdf,https://archive.org/download/gov.uscourts.njd.550383/gov.uscourts.njd.550383.27.0.pdf,https://www.courtlistener.com/docket/68869775/27/shoshi-goldfus-v-apple-inc/,https://ecf.njd.uscourts.gov/doc1/119021808980?caseid=550383,$0.10,0.10,https://www.courtlistener.com/docket/68869775/apple-inc-smartphone-antitrust-litigation/
0028,28,0,2024-10-09,"Oct 9, 2024","MDL TEXT ORDER - The Court is in receipt of Plaintiffs' counsels' letters dated October 8, 2024 (ECF No. 25, 26, 27 ) requesting the Court (i) permit Plaintiffs to attend the technology tutorial scheduled on November 6, 2024 for United States of America, et al. v. Apple Inc., No. 2:24-cv-4055 and (ii) ""address organizational and other preliminary issues in the parallel MDL"" during the hearing. The Court will permit all Plaintiffs to attend the technology tutorial on November 6, 2024. Further, Plaintiffs shall file a letter outlining the proposed ""organizational and other preliminary issues"" they seek to address on November 6, 2024, by no later than Friday, October 11, 2024. Thereafter, the Court will decide whether a hearing on November 6, 2024, or a separate date is necessary and appropriate at this juncture. So Ordered by Judge Julien Xavier Neals on 10/9/2024. (kd) (Entered: 10/09/2024)",Main Document,,,NO_PUBLIC_PDF_LINK,,,Price not displayed; page count unknown.,,,,,,,,,,,,,,,,,,,,https://www.courtlistener.com/docket/68869775/apple-inc-smartphone-antitrust-litigation/
0029,29,0,2024-10-10,"Oct 10, 2024","MDL TEXT ORDER - The Court seeks to ensure there is adequate space for any MDL Plaintiffs that plan to attend the technology tutorial scheduled on November 6, 2024. Accordingly, by no later than Friday, October 25, 2024, MDL Plaintiffs shall file a letter indicating who will attend the technology tutorial. So Ordered by Judge Julien Xavier Neals on 10/10/2024. (kd) (Entered: 10/10/2024)",Main Document,,,NO_PUBLIC_PDF_LINK,,,Price not displayed; page count unknown.,,,,,,,,,,,,,,,,,,,,https://www.courtlistener.com/docket/68869775/apple-inc-smartphone-antitrust-litigation/
0030,30,0,2024-10-10,"Oct 10, 2024","Letter from James E. Cecchi to the Hon. Julien Xavier Neals, U.S.D.J. re 28 Order,,, 29 Order,. (CECCHI, JAMES) (Entered: 10/10/2024)",Main Document,Letter,"0030. (10-10-2024) Letter from James E. Cecchi to the Hon. Julien Xavier Neals, U.S.D.J. re 28 Order, 29 Order.pdf",FREE_RECAP_PDF_AVAILABLE,1,1,Exact local PDF page count.,246646,834823e81cd0a7c15b1460546a1d95165fdb49d134d690e8cd5864389dd7dbe8,0e98a502bff145a28bbb337d3745b5fbd9065364,e39e76fdaee4b9b57c09c7d0d0970a1f,False,,Don Ecklund,,Acrobat PDFMaker 24 for Word,"Adobe PDF Library 24.3.144; modified using iText® Core 7.2.3 (production version) ©2000-2022 iText Group NV, Administrative Office of the United States Courts",D:20241010081423-04'00',D:20241010082020-04'00',https://storage.courtlistener.com/recap/gov.uscourts.njd.550383/gov.uscourts.njd.550383.30.0.pdf,https://storage.courtlistener.com/recap/gov.uscourts.njd.550383/gov.uscourts.njd.550383.30.0.pdf,https://archive.org/download/gov.uscourts.njd.550383/gov.uscourts.njd.550383.30.0.pdf,https://www.courtlistener.com/docket/68869775/30/shoshi-goldfus-v-apple-inc/,https://ecf.njd.uscourts.gov/doc1/119021812951?caseid=550383,$0.10,0.10,https://www.courtlistener.com/docket/68869775/apple-inc-smartphone-antitrust-litigation/
0031,31,0,2024-10-10,"Oct 10, 2024","Letter from Stanley O. King. (KING, STANLEY) (Entered: 10/10/2024)",Main Document,Letter,0031. (10-10-2024) Letter from Stanley O. King.pdf,FREE_RECAP_PDF_AVAILABLE,1,1,Exact local PDF page count.,347829,81d9eee30ec139ff921b991d49b89e2d977208130536aaca54e4e11b76248047,f64f8215ab23da6d43ed5dbf2a10f9796e417238,f17ae3dfa145c5590d4f53a562f351e4,False,LC Chicago Letterhead template,Linda Napier,,Acrobat PDFMaker 24 for Word,"Adobe PDF Library 24.3.212; modified using iText® Core 7.2.3 (production version) ©2000-2022 iText Group NV, Administrative Office of the United States Courts",D:20241010144212-04'00',D:20241010152702-04'00',https://storage.courtlistener.com/recap/gov.uscourts.njd.550383/gov.uscourts.njd.550383.31.0.pdf,https://storage.courtlistener.com/recap/gov.uscourts.njd.550383/gov.uscourts.njd.550383.31.0.pdf,https://archive.org/download/gov.uscourts.njd.550383/gov.uscourts.njd.550383.31.0.pdf,https://www.courtlistener.com/docket/68869775/31/shoshi-goldfus-v-apple-inc/,https://ecf.njd.uscourts.gov/doc1/119021815258?caseid=550383,$0.10,0.10,https://www.courtlistener.com/docket/68869775/apple-inc-smartphone-antitrust-litigation/
0032,32,0,2024-10-10,"Oct 10, 2024","Letter from Thomas R. Curtin, Esq. re 28 Order,,, 29 Order,. (CURTIN, THOMAS) (Entered: 10/10/2024)",Main Document,Letter,"0032. (10-10-2024) Letter from Thomas R. Curtin, Esq. re 28 Order, 29 Order.pdf",FREE_RECAP_PDF_AVAILABLE,2,2,Exact local PDF page count.,52036,6c6bc59c0fb9063c8416b17b602156a6070c0b8f38c8e84ea9165ba12c2b0653,c192c5f9e991778d6b384af7530a5f1c5df3910d,c66c27f360edf3b5500749f5f775e6f9,False,Microsoft Word - 5039881_1.docx,kfennelly,,Power PDF Create,"Power PDF Create; modified using iText® Core 7.2.3 (production version) ©2000-2022 iText Group NV, Administrative Office of the United States Courts",D:20241010165638-04'00',D:20241010170944-04'00',https://storage.courtlistener.com/recap/gov.uscourts.njd.550383/gov.uscourts.njd.550383.32.0.pdf,https://storage.courtlistener.com/recap/gov.uscourts.njd.550383/gov.uscourts.njd.550383.32.0.pdf,https://archive.org/download/gov.uscourts.njd.550383/gov.uscourts.njd.550383.32.0.pdf,https://www.courtlistener.com/docket/68869775/32/shoshi-goldfus-v-apple-inc/,https://ecf.njd.uscourts.gov/doc1/119021816283?caseid=550383,$0.20,0.20,https://www.courtlistener.com/docket/68869775/apple-inc-smartphone-antitrust-litigation/
0033,33,0,2024-10-11,"Oct 11, 2024","Letter from Joseph J. DePalma to the Hon. Julien X. Neals, U.S.D.J. re 29 Order,. (DEPALMA, JOSEPH) (Entered: 10/11/2024)",Main Document,Letter,"0033. (10-11-2024) Letter from Joseph J. DePalma to the Hon. Julien X. Neals, U.S.D.J. re 29 Order.pdf",FREE_RECAP_PDF_AVAILABLE,1,1,Exact local PDF page count.,235885,5db59fa7ce8fbbba80b40f317d965cabbd83dd3d5db53abd5e775304dee4cedc,73635b79be6d181a3615d19c9cf75fdeda64c1ea,446210bc4ac06f8c394a3c6e47e56808,False,,Catherine Derenze,,Acrobat PDFMaker 24 for Word,"Adobe PDF Library 24.3.212; modified using iText® Core 7.2.3 (production version) ©2000-2022 iText Group NV, Administrative Office of the United States Courts",D:20241011120848-04'00',D:20241011123426-04'00',https://storage.courtlistener.com/recap/gov.uscourts.njd.550383/gov.uscourts.njd.550383.33.0.pdf,https://storage.courtlistener.com/recap/gov.uscourts.njd.550383/gov.uscourts.njd.550383.33.0.pdf,https://archive.org/download/gov.uscourts.njd.550383/gov.uscourts.njd.550383.33.0.pdf,https://www.courtlistener.com/docket/68869775/33/shoshi-goldfus-v-apple-inc/,https://ecf.njd.uscourts.gov/doc1/119021818259?caseid=550383,$0.10,0.10,https://www.courtlistener.com/docket/68869775/apple-inc-smartphone-antitrust-litigation/
0034,34,0,2024-10-17,"Oct 17, 2024",OPINION. Signed by Judge Julien Xavier Neals on 10/17/2024. (dam) (Entered: 10/17/2024),Main Document,Opinion,0034. (10-17-2024) OPINION. Signed by Judge Julien Xavier Neals on 10172024.pdf,FREE_RECAP_PDF_AVAILABLE,12,,Exact local PDF page count.,305809,0aeb454225bb062e5573de4f391afb134a44ade1a82ff3c473c518bd9d871ae7,077efcae8a6991425396a767581fd5e4dcfc5c6c,d5e1264b7825eb02f5aec50553d3c338,False,,Lilli Wofsy,,Acrobat PDFMaker 24 for Word,"Adobe PDF Library 24.3.212; modified using iText® Core 7.2.3 (production version) ©2000-2022 iText Group NV, Administrative Office of the United States Courts",D:20241017154429-04'00',D:20241017171433-04'00',https://storage.courtlistener.com/recap/gov.uscourts.njd.550383/gov.uscourts.njd.550383.34.0_1.pdf,https://storage.courtlistener.com/recap/gov.uscourts.njd.550383/gov.uscourts.njd.550383.34.0_1.pdf,https://archive.org/download/gov.uscourts.njd.550383/gov.uscourts.njd.550383.34.0.pdf,https://www.courtlistener.com/docket/68869775/34/shoshi-goldfus-v-apple-inc/,https://ecf.njd.uscourts.gov/doc1/119021835405?caseid=550383,,,https://www.courtlistener.com/docket/68869775/apple-inc-smartphone-antitrust-litigation/
0035,35,0,2024-10-17,"Oct 17, 2024","ORDER granting 20 DAWP Group's motion to appoint Kellogg, Hansen, Korein Tillery, and MoloLamken as co-lead interim counsel for the putative Direct Apple Watch Purchaser Plaintiff Class and McElroy, Deutsch, Mulvaney & Carpenter, LLP as liaison counsel; granting 18 IIP Group's motion to appoint Schneider Wallace, Berger Montague, Lockridge Grindal, and Spector Roseman as co-lead interim counsel for the putative Indirect iPhone Purchaser Plaintiff Class and Javerbaum Wurgaft Hicks Kahn & Sinins, P.C. as liaison counsel, but the Court RESERVES decision on the request for appointment of an executive committee until after supplementary briefing is submitted and reviewed by the Court. The Court RESERVES its decision on the DIP Group 1 and DIP Group 2's competing motions for appointment as co-lead interim counsel for the putative Direct iPhone Purchaser Plaintiff Class (ECF Nos. 17, 19 ) until after supplementary briefing is submitted and reviewed by the Court. In accordance with the accompanying Opinion, the IIP Group, the DIP Group 1, and the DIP Group 2 shall file their supplementary briefings, which shall be no longer than ten double-spaced pages, by no later than Thursday, 10/31/2024. Signed by Judge Julien Xavier Neals on 10/17/2024. (dam) (Entered: 10/17/2024)",Main Document,Order on Motion to Appoint Counsel,"0035. (10-17-2024) ORDER granting 20 DAWP Groups motion to appoint Kellogg, Hansen, Korein Tillery, and MoloLamken as.pdf",FREE_RECAP_PDF_AVAILABLE,2,2,Exact local PDF page count.,178871,b2032ef411422ba4b791bea9976c58bddcf093be1ef88e70f21a27847059dd7d,dc3d1301c2e977c2e8f69bd6c13b0a446b907b10,04619d13e17b1daee59e29a392723d8e,False,,Lilli Wofsy,,Acrobat PDFMaker 24 for Word,"Adobe PDF Library 24.3.212; modified using iText® Core 7.2.3 (production version) ©2000-2022 iText Group NV, Administrative Office of the United States Courts",D:20241017154521-04'00',D:20241017172334-04'00',https://storage.courtlistener.com/recap/gov.uscourts.njd.550383/gov.uscourts.njd.550383.35.0_1.pdf,https://storage.courtlistener.com/recap/gov.uscourts.njd.550383/gov.uscourts.njd.550383.35.0_1.pdf,https://archive.org/download/gov.uscourts.njd.550383/gov.uscourts.njd.550383.35.0.pdf,https://www.courtlistener.com/docket/68869775/35/shoshi-goldfus-v-apple-inc/,https://ecf.njd.uscourts.gov/doc1/119021835433?caseid=550383,$0.20,0.20,https://www.courtlistener.com/docket/68869775/apple-inc-smartphone-antitrust-litigation/
0036,36,0,2024-10-21,"Oct 21, 2024","MDL TEXT ORDER - An in-person case management conference is set for October 30, 2024 at 10:00 a.m. before Magistrate Judge Leda D. Wettre in Newark-Courtroom 3C to seek to resolve consensually and without further briefing: (1) the DIP Group 1 and DIP Group 2's pending motions for appointment as co-lead interim counsel for the putative Direct iPhone Purchaser Plaintiff Class (ECF 17, 19 ); and (2) the Indirect iPhone Purchaser Group's request for appointment of an executive committee (ECF 18 ). So Ordered by Magistrate Judge Leda D. Wettre on 10/21/2024. (rn) (Entered: 10/21/2024)",Main Document,,,NO_PUBLIC_PDF_LINK,,,Price not displayed; page count unknown.,,,,,,,,,,,,,,,,,,,,https://www.courtlistener.com/docket/68869775/apple-inc-smartphone-antitrust-litigation/
0037,37,0,2024-10-24,"Oct 24, 2024","Letter re 36 Text Order,,, Set Hearings,,. (KING, STANLEY) (Entered: 10/24/2024)",Main Document,Letter,"0037. (10-24-2024) Letter re 36 Text Order, Set Hearings.pdf",FREE_RECAP_PDF_AVAILABLE,3,3,Exact local PDF page count.,377453,a15c43800549d461bba9cbda04c201bfb66e16997b435d9148027e7ac1e002d6,07b16007e95d64159a27e494119ccdc7f81cce43,5dde74bfe7be74e4dd757559d3fe3d3c,False,LC Chicago Letterhead template,Linda Napier,,Acrobat PDFMaker 24 for Word,"Adobe PDF Library 24.3.212; modified using iText® Core 7.2.3 (production version) ©2000-2022 iText Group NV, Administrative Office of the United States Courts",D:20241024181132-04'00',D:20241024191407-04'00',https://storage.courtlistener.com/recap/gov.uscourts.njd.550383/gov.uscourts.njd.550383.37.0.pdf,https://storage.courtlistener.com/recap/gov.uscourts.njd.550383/gov.uscourts.njd.550383.37.0.pdf,https://archive.org/download/gov.uscourts.njd.550383/gov.uscourts.njd.550383.37.0.pdf,https://www.courtlistener.com/docket/68869775/37/shoshi-goldfus-v-apple-inc/,https://ecf.njd.uscourts.gov/doc1/119021855018?caseid=550383,$0.30,0.30,https://www.courtlistener.com/docket/68869775/apple-inc-smartphone-antitrust-litigation/
0038,38,0,2024-10-25,"Oct 25, 2024","Letter from James Cecchi, Esq. to the Honorable Julien Xavier Neals, U.S.D.J. re 29 Order,. (CECCHI, JAMES) (Entered: 10/25/2024)",Main Document,Letter,"0038. (10-25-2024) Letter from James Cecchi, Esq. to the Honorable Julien Xavier Neals, U.S.D.J. re 29 Order.pdf",PACER_LINK_AVAILABLE,1,,Exact local PDF page count.,216116,63734a7f32b216a6f0bdc23ad81b73eba2511220eb54ff6e46993d6e8827d1ec,e5129693991e78a767f63c3bb343aa5e056a8fdf,121c7a125891c4fc302e4a16a8efdf69,False,,,,Acrobat PDFMaker 24 for Word,"Adobe PDF Library 24.3.212; modified using iText® Core 7.2.3 (production version) ©2000-2022 iText Group NV, Administrative Office of the United States Courts",D:20241024122302-04'00',D:20241025111216-04'00',https://ecf.njd.uscourts.gov/doc1/119021856378?caseid=550383,,,,https://ecf.njd.uscourts.gov/doc1/119021856378?caseid=550383,,,https://www.courtlistener.com/docket/68869775/apple-inc-smartphone-antitrust-litigation/
0039,39,0,2024-10-25,"Oct 25, 2024","MDL TEXT ORDER - The Court is in receipt of the Indirect Purchaser Plaintiffs' request that a representative of each of the Proposed Executive Committee firms be permitted to attend the October 30, 2024 case management conference remotely (ECF 37 ). The Court believes that remote and/or hybrid participation would be infeasible given the nature of the proceedings and prefers that counsel appear in person. So Ordered by Magistrate Judge Leda D. Wettre on 10/25/2024. (rn) (Entered: 10/25/2024)",Main Document,,,NO_PUBLIC_PDF_LINK,,,Price not displayed; page count unknown.,,,,,,,,,,,,,,,,,,,,https://www.courtlistener.com/docket/68869775/apple-inc-smartphone-antitrust-litigation/
0040,40,0,2024-10-25,"Oct 25, 2024","Letter from Stanley O. King re 29 Order,. (KING, STANLEY) (Entered: 10/25/2024)",Main Document,Letter,0040. (10-25-2024) Letter from Stanley O. King re 29 Order.pdf,PACER_LINK_AVAILABLE,3,,Exact local PDF page count.,358223,a4631ea3ea99bb18eed3e0e83e9f33accc8dd0e8c6bb9d6728204416f14eb1fb,10f03933698e2ea95ec6d36aef74f5a7e22d2798,2a00d5d3ffa122da98a8c28193e69462,False,LC Chicago Letterhead template,Linda Napier,,Acrobat PDFMaker 24 for Word,"Adobe PDF Library 24.3.212; modified using iText® Core 7.2.3 (production version) ©2000-2022 iText Group NV, Administrative Office of the United States Courts",D:20241025135240-04'00',D:20241025144138-04'00',https://ecf.njd.uscourts.gov/doc1/119021857587?caseid=550383,,,,https://ecf.njd.uscourts.gov/doc1/119021857587?caseid=550383,,,https://www.courtlistener.com/docket/68869775/apple-inc-smartphone-antitrust-litigation/
0041,41,0,2024-10-29,"Oct 29, 2024","NOTICE of Appearance by ALEXIA BRANCATO on behalf of APPLE, INC. (BRANCATO, ALEXIA) (Entered: 10/29/2024)",Main Document,Notice of Appearance,"0041. (10-29-2024) NOTICE of Appearance by ALEXIA BRANCATO on behalf of APPLE, INC.pdf",PACER_LINK_AVAILABLE,1,,Exact local PDF page count.,141678,1b0c2f66d183fb19d657a8942080f1c370c46ca67bf283addb94198b6c288a5d,025562e3a118a124dd62657ca85c925e9abf9235,dbd8972b80000d7cc9925594fa33987f,False,,,,,"iText® Core 7.2.3 (production version) ©2000-2022 iText Group NV, Administrative Office of the United States Courts",,D:20241029192348-04'00',https://ecf.njd.uscourts.gov/doc1/119021867347?caseid=550383,,,,https://ecf.njd.uscourts.gov/doc1/119021867347?caseid=550383,,,https://www.courtlistener.com/docket/68869775/apple-inc-smartphone-antitrust-litigation/
0042,42,0,2024-10-30,"Oct 30, 2024","MDL TEXT ORDER - The deadline for DIP Group 1 and DIP Group 2 to file supplemental briefs in support of the motions for appointment as co-lead interim counsel for the putative Direct iPhone Purchaser Plaintiff Class (ECF 17, 19 ) is extended to November 8, 2024. So Ordered by Magistrate Judge Leda D. Wettre on 10/30/2024. (rn) (Entered: 10/30/2024)",Main Document,,,NO_PUBLIC_PDF_LINK,,,Price not displayed; page count unknown.,,,,,,,,,,,,,,,,,,,,https://www.courtlistener.com/docket/68869775/apple-inc-smartphone-antitrust-litigation/
0043,43,0,2024-10-31,"Oct 31, 2024","Letter from Joint Letter from Counsel for Apple Watch Direct Purchaser Plaintiffs and Defendant Apple Inc.. (CURTIN, THOMAS) (Entered: 10/31/2024)",Main Document,Letter,0043. (10-31-2024) Letter from Joint Letter from Counsel for Apple Watch Direct Purchaser Plaintiffs and Defendant Appl.pdf,FREE_RECAP_PDF_AVAILABLE,3,3,Exact local PDF page count.,57352,2b49e27e63b9d5c0c7d008c523c4a95570c4a63469c4d4e95c0da673ec91d234,10dde643da3095107ab7128b1c5e81189d3cca99,ddd6a337490e113ebf9eaf6c06c340c3,False,Microsoft Word - 5047639_1.docx,kfennelly,,Power PDF Create,"Power PDF Create; modified using iText® Core 7.2.3 (production version) ©2000-2022 iText Group NV, Administrative Office of the United States Courts",D:20241031160700-04'00',D:20241031161413-04'00',https://storage.courtlistener.com/recap/gov.uscourts.njd.550383/gov.uscourts.njd.550383.43.0.pdf,https://storage.courtlistener.com/recap/gov.uscourts.njd.550383/gov.uscourts.njd.550383.43.0.pdf,https://archive.org/download/gov.uscourts.njd.550383/gov.uscourts.njd.550383.43.0.pdf,https://www.courtlistener.com/docket/68869775/43/shoshi-goldfus-v-apple-inc/,https://ecf.njd.uscourts.gov/doc1/119021876027?caseid=550383,$0.30,0.30,https://www.courtlistener.com/docket/68869775/apple-inc-smartphone-antitrust-litigation/
0044,44,0,2024-10-31,"Oct 31, 2024","BRIEF in Support of 18 MOTION to Appoint Counsel. (KING, STANLEY) Modified on 11/1/2024 (adc). (Entered: 10/31/2024)",Main Document,Appoint Counsel,0044. (10-31-2024) BRIEF in Support of 18 MOTION to Appoint Counsel. Modified on 1112024.pdf,FREE_RECAP_PDF_AVAILABLE,12,12,Exact local PDF page count.,233803,ebd3232e8f05e0f6667290b133a1e6e899991e648ff1dbac3aea7b61fb7ad930,357326719a57040d9d2161d4132f5e037860a37a,865705b8544090a3a124f60f081f3f56,False,,Anthony Davis,,Acrobat PDFMaker 24 for Word,"Adobe PDF Library 24.3.212; modified using iText® Core 7.2.3 (production version) ©2000-2022 iText Group NV, Administrative Office of the United States Courts",D:20241031171726-04'00',D:20241031180036-04'00',https://storage.courtlistener.com/recap/gov.uscourts.njd.550383/gov.uscourts.njd.550383.44.0.pdf,https://storage.courtlistener.com/recap/gov.uscourts.njd.550383/gov.uscourts.njd.550383.44.0.pdf,https://archive.org/download/gov.uscourts.njd.550383/gov.uscourts.njd.550383.44.0.pdf,https://www.courtlistener.com/docket/68869775/44/shoshi-goldfus-v-apple-inc/,https://ecf.njd.uscourts.gov/doc1/119021876545?caseid=550383,$1.20,1.20,https://www.courtlistener.com/docket/68869775/apple-inc-smartphone-antitrust-litigation/
0045,45,0,2024-11-01,"Nov 1, 2024",MDL TEXT ORDER - The Court is in receipt of the DAWP Group and Apple's letter (ECF No. ECF No. 43 ) disputing whether a joint agenda and status report must be submitted to the Court at this time. The Court instructs the parties to submit a joint agenda and status report within 14 calendar days of the Court's appointment of interim class counsel for all of the Groups.So Ordered by Judge Julien Xavier Neals on 11/1/2024. (kd) (Entered: 11/01/2024),Main Document,,,NO_PUBLIC_PDF_LINK,,,Price not displayed; page count unknown.,,,,,,,,,,,,,,,,,,,,https://www.courtlistener.com/docket/68869775/apple-inc-smartphone-antitrust-litigation/
0046,46,0,2024-11-04,"Nov 4, 2024","Letter from Thomas R. Curtin, Esq. Regarding Attendance at November 6, 2024 Technology Tutorial. (CURTIN, THOMAS) (Entered: 11/04/2024)",Main Document,Letter,"0046. (11-04-2024) Letter from Thomas R. Curtin, Esq. Regarding Attendance at November 6, 2024 Technology Tutorial.pdf",FREE_RECAP_PDF_AVAILABLE,1,1,Exact local PDF page count.,36573,307677052bcb575a947dbd2eb4403625ce3b05501f1d8534ce042bc419ae30cb,ef1d8290fe9f488873297d48d017eef6d5623655,d569e74db555960416017935eea2be8e,False,Microsoft Word - 5048737_1.docx,kfennelly,,Power PDF Create,"Power PDF Create; modified using iText® Core 7.2.3 (production version) ©2000-2022 iText Group NV, Administrative Office of the United States Courts",D:20241104164042-05'00',D:20241104165514-05'00',https://storage.courtlistener.com/recap/gov.uscourts.njd.550383/gov.uscourts.njd.550383.46.0.pdf,https://storage.courtlistener.com/recap/gov.uscourts.njd.550383/gov.uscourts.njd.550383.46.0.pdf,https://archive.org/download/gov.uscourts.njd.550383/gov.uscourts.njd.550383.46.0.pdf,https://www.courtlistener.com/docket/68869775/46/shoshi-goldfus-v-apple-inc/,https://ecf.njd.uscourts.gov/doc1/119021886919?caseid=550383,$0.10,0.10,https://www.courtlistener.com/docket/68869775/apple-inc-smartphone-antitrust-litigation/
0047,47,0,2024-11-04,"Nov 4, 2024","Letter from Stanley O. King. (KING, STANLEY) (Entered: 11/04/2024)",Main Document,Letter,0047. (11-04-2024) Letter from Stanley O. King.pdf,FREE_RECAP_PDF_AVAILABLE,3,3,Exact local PDF page count.,338109,56a7f139d9fc50e33cd0bf719696635bf2c87a95e5e1357114aa6d966015bfe7,52f4630b1f5149e98c54f86b15f77f621afdcd26,91f3e7ae2340a9ce8630ae3d106366bb,False,LC Chicago Letterhead template,Linda Napier,,Acrobat PDFMaker 24 for Word,"Adobe PDF Library 24.3.212; modified using iText® Core 7.2.3 (production version) ©2000-2022 iText Group NV, Administrative Office of the United States Courts",D:20241104165543-05'00',D:20241104190620-05'00',https://storage.courtlistener.com/recap/gov.uscourts.njd.550383/gov.uscourts.njd.550383.47.0.pdf,https://storage.courtlistener.com/recap/gov.uscourts.njd.550383/gov.uscourts.njd.550383.47.0.pdf,https://archive.org/download/gov.uscourts.njd.550383/gov.uscourts.njd.550383.47.0.pdf,https://www.courtlistener.com/docket/68869775/47/shoshi-goldfus-v-apple-inc/,https://ecf.njd.uscourts.gov/doc1/119021887360?caseid=550383,$0.30,0.30,https://www.courtlistener.com/docket/68869775/apple-inc-smartphone-antitrust-litigation/
0048,48,0,2024-11-05,"Nov 5, 2024","Letter from James E. Cecchi, Esq. Regarding Attendance at the November 6, 2024 Technology Tutorial. (CECCHI, JAMES) (Entered: 11/05/2024)",Main Document,Letter,"0048. (11-05-2024) Letter from James E. Cecchi, Esq. Regarding Attendance at the November 6, 2024 Technology Tutorial.pdf",FREE_RECAP_PDF_AVAILABLE,1,1,Exact local PDF page count.,212455,33932d2f7766d95e12dccf5996c6088941713a09395a078842b16ce51d8b3d8b,81243bc43c73475d7fb2ba4e091b583728b062ed,24c166c2a9907ad068dc05d3dd6b7f1a,False,,,,Acrobat PDFMaker 24 for Word,"Adobe PDF Library 24.3.212; modified using iText® Core 7.2.3 (production version) ©2000-2022 iText Group NV, Administrative Office of the United States Courts",D:20241105144635-05'00',D:20241105145203-05'00',https://storage.courtlistener.com/recap/gov.uscourts.njd.550383/gov.uscourts.njd.550383.48.0.pdf,https://storage.courtlistener.com/recap/gov.uscourts.njd.550383/gov.uscourts.njd.550383.48.0.pdf,https://archive.org/download/gov.uscourts.njd.550383/gov.uscourts.njd.550383.48.0.pdf,https://www.courtlistener.com/docket/68869775/48/shoshi-goldfus-v-apple-inc/,https://ecf.njd.uscourts.gov/doc1/119021889807?caseid=550383,$0.10,0.10,https://www.courtlistener.com/docket/68869775/apple-inc-smartphone-antitrust-litigation/
0049,49,0,2024-11-05,"Nov 5, 2024","Letter from Joseph J. DePalma to the Honorable Julien X. Neals, U.S.D.J. (DEPALMA, JOSEPH) (Entered: 11/05/2024)",Main Document,Letter,"0049. (11-05-2024) Letter from Joseph J. DePalma to the Honorable Julien X. Neals, U.S.D.J.pdf",FREE_RECAP_PDF_AVAILABLE,1,1,Exact local PDF page count.,582441,3a6d5dba61d14e29205d914cc31419050fe99b1b29408cfa9c515bdec7913cb4,7b9d613ec0508d6ad88e9cb85385d2d9ba19d975,2b1747b267b3c8fdb62676401f840c07,False,Microsoft Word - 1013175_2,Elvira M. Palomino,,,"Microsoft: Print To PDF; modified using iText® Core 7.2.3 (production version) ©2000-2022 iText Group NV, Administrative Office of the United States Courts",D:20241105172549-05'00',D:20241105172837-05'00',https://storage.courtlistener.com/recap/gov.uscourts.njd.550383/gov.uscourts.njd.550383.49.0.pdf,https://storage.courtlistener.com/recap/gov.uscourts.njd.550383/gov.uscourts.njd.550383.49.0.pdf,https://archive.org/download/gov.uscourts.njd.550383/gov.uscourts.njd.550383.49.0.pdf,https://www.courtlistener.com/docket/68869775/49/shoshi-goldfus-v-apple-inc/,https://ecf.njd.uscourts.gov/doc1/119021891105?caseid=550383,$0.10,0.10,https://www.courtlistener.com/docket/68869775/apple-inc-smartphone-antitrust-litigation/
0050,50,0,2024-11-08,"Nov 8, 2024","BRIEF in Support filed by SHOSHI GOLDFUS, IRA POLLY re 19 MOTION to Appoint Counsel Appoint Interim Co-Lead Class Counsel For Direct Purchaser Plaintiffs Attorney: Joseph J. DePalma. HAUSFELD LLP'S & SUSMAN GODFREY LLP'S SUPPLEMENTAL BRIEF REGARDING LEADERSHIP FOR THE DIRECT iPHONE PURCHASER CLASS (DEPALMA, JOSEPH) (Entered: 11/08/2024)",Main Document,Brief in Support of Motion,"0050. (11-08-2024) BRIEF in Support filed by SHOSHI GOLDFUS, IRA POLLY re 19 MOTION to Appoint Counsel Appoint Interim.pdf",FREE_RECAP_PDF_AVAILABLE,14,14,Exact local PDF page count.,257106,348d70a04b88a702370139a42626c8495cfffddbffd7ee66ba9172577764cc83,dd035ead7fe3322e3b98076cef8708df2461dbb3,ee3083073ea6daf704447b2e583072d0,False,,Mindee J. Reuben,,Acrobat PDFMaker 24 for Word,"Adobe PDF Library 24.4.19; modified using iText® Core 7.2.3 (production version) ©2000-2022 iText Group NV, Administrative Office of the United States Courts",D:20241108214323-05'00',D:20241108234248-05'00',https://storage.courtlistener.com/recap/gov.uscourts.njd.550383/gov.uscourts.njd.550383.50.0.pdf,https://storage.courtlistener.com/recap/gov.uscourts.njd.550383/gov.uscourts.njd.550383.50.0.pdf,https://archive.org/download/gov.uscourts.njd.550383/gov.uscourts.njd.550383.50.0.pdf,https://www.courtlistener.com/docket/68869775/50/shoshi-goldfus-v-apple-inc/,https://ecf.njd.uscourts.gov/doc1/119021902088?caseid=550383,$1.40,1.40,https://www.courtlistener.com/docket/68869775/apple-inc-smartphone-antitrust-litigation/
0051,51,0,2024-11-08,"Nov 8, 2024","BRIEF Direct Iphone Purchaser Group 1's Supplemental Leadership Submission (Attachments: # 1 Exhibit A (Proposed Assignments), # 2 Text of Proposed Order)(CECCHI, JAMES) (Entered: 11/08/2024)",Main Document,Brief,0051. (11-08-2024) BRIEF Direct Iphone Purchaser Group 1s Supplemental Leadership Submission.pdf,FREE_RECAP_PDF_AVAILABLE,13,13,Exact local PDF page count.,207626,0e83aaf62a48f7f7750eac2e31241014f373bb0d91ec467e5bf1dc86c03563fc,936ca47d3cfd14c8f19010ed00c4ea0156075478,ba208f63bdf59b281539d8dab4c7df46,False,Microsoft Word - FINAL Supplemental Apple brief.DOCX,Carrie,,PScript5.dll Version 5.2.2,"Acrobat Distiller 15.0 (Windows); modified using iText® Core 7.2.3 (production version) ©2000-2022 iText Group NV, Administrative Office of the United States Courts",D:20241108142131-08'00',D:20241108234731-05'00',https://storage.courtlistener.com/recap/gov.uscourts.njd.550383/gov.uscourts.njd.550383.51.0.pdf,https://storage.courtlistener.com/recap/gov.uscourts.njd.550383/gov.uscourts.njd.550383.51.0.pdf,https://archive.org/download/gov.uscourts.njd.550383/gov.uscourts.njd.550383.51.0.pdf,https://www.courtlistener.com/docket/68869775/51/shoshi-goldfus-v-apple-inc/,https://ecf.njd.uscourts.gov/doc1/119021902091?caseid=550383,$1.30,1.30,https://www.courtlistener.com/docket/68869775/apple-inc-smartphone-antitrust-litigation/
0051-001,51,1,2024-11-08,"Nov 8, 2024","BRIEF Direct Iphone Purchaser Group 1's Supplemental Leadership Submission (Attachments: # 1 Exhibit A (Proposed Assignments), # 2 Text of Proposed Order)(CECCHI, JAMES) (Entered: 11/08/2024)",Attachment 1,Exhibit A (Proposed Assignments),0051-001. (11-08-2024) Exhibit A (Proposed Assignments).pdf,FREE_RECAP_PDF_AVAILABLE,1,1,Exact local PDF page count.,117519,eb13fff643c2d22e59c5e67e7384d8a727865c1309310a411b50ab61e11641e5,3bfbad282ec1eea1652ccb24f654194d84408899,95d2336f0c394bc493fbba0fed13d15d,False,Microsoft Word - EXHIBIT A to Supplemental Apple Submission.DOCX,Carrie,,PScript5.dll Version 5.2.2,"Acrobat Distiller 15.0 (Windows); modified using iText® Core 7.2.3 (production version) ©2000-2022 iText Group NV, Administrative Office of the United States Courts",D:20241108141658-08'00',D:20241108234737-05'00',https://storage.courtlistener.com/recap/gov.uscourts.njd.550383/gov.uscourts.njd.550383.51.1.pdf,https://storage.courtlistener.com/recap/gov.uscourts.njd.550383/gov.uscourts.njd.550383.51.1.pdf,https://archive.org/download/gov.uscourts.njd.550383/gov.uscourts.njd.550383.51.1.pdf,https://www.courtlistener.com/docket/68869775/51/1/shoshi-goldfus-v-apple-inc/,https://ecf.njd.uscourts.gov/doc1/119021902092?caseid=550383,$0.10,0.10,https://www.courtlistener.com/docket/68869775/apple-inc-smartphone-antitrust-litigation/
0051-002,51,2,2024-11-08,"Nov 8, 2024","BRIEF Direct Iphone Purchaser Group 1's Supplemental Leadership Submission (Attachments: # 1 Exhibit A (Proposed Assignments), # 2 Text of Proposed Order)(CECCHI, JAMES) (Entered: 11/08/2024)",Attachment 2,Text of Proposed Order,0051-002. (11-08-2024) (Text of Proposed Order).pdf,FREE_RECAP_PDF_AVAILABLE,4,4,Exact local PDF page count.,228310,4403a4fe87f5564ba6ce7d0735609cc240abe5ec3a384c42dfa492bfe40e0045,5f6b6862152720ca9221995d5b0b129f890d435a,80b09df75215dcd9d442dedad463810c,False,,Patrick Johnson,,Acrobat PDFMaker 24 for Word,"Adobe PDF Library 24.4.19; modified using iText® Core 7.2.3 (production version) ©2000-2022 iText Group NV, Administrative Office of the United States Courts",D:20241108154345-05'00',D:20241108234743-05'00',https://storage.courtlistener.com/recap/gov.uscourts.njd.550383/gov.uscourts.njd.550383.51.2.pdf,https://storage.courtlistener.com/recap/gov.uscourts.njd.550383/gov.uscourts.njd.550383.51.2.pdf,https://archive.org/download/gov.uscourts.njd.550383/gov.uscourts.njd.550383.51.2.pdf,https://www.courtlistener.com/docket/68869775/51/2/shoshi-goldfus-v-apple-inc/,https://ecf.njd.uscourts.gov/doc1/119021902093?caseid=550383,$0.40,0.40,https://www.courtlistener.com/docket/68869775/apple-inc-smartphone-antitrust-litigation/
0052,52,0,2024-11-08,"Nov 8, 2024","Transcript of Case Management Conference held on October 30, 2024, before Magistrate Judge Leda Dunn Wettre. Transcriber: King Transcription Services (973-237-6080). NOTICE REGARDING (1) REDACTION OF PERSONAL IDENTIFIERS IN TRANSCRIPTS AND (2) MOTION TO REDACT AND SEAL: The parties have seven (7) calendar days to file with the Court a Notice of Intent to Request Redaction of this Transcript to comply with Fed.R.Civ.P.5.2(a) (personal identifiers). Parties seeking to redact and seal this Transcript, or portions thereof, pursuant to L.Civ.R. 5.3(g) must e-file a Motion to Redact and Seal utilizing the event `Redact and Seal Transcript/Digital Recording`. Redaction Request to Transcription Agency due, but not filed, by 12/2/2024. Redacted Transcript Deadline set for 12/9/2024. Release of Transcript Restriction set for 2/6/2025. (adc) (Entered: 11/13/2024)",Main Document,Transcript,0052. (11-08-2024) Transcript.pdf,FREE_RECAP_PDF_AVAILABLE,12,12,Exact local PDF page count.,140645,1e3279a0a13aed3931c9cf57bdeaf151d2716183ee77db356bbe161698a60925,223f0bdf89855978f86cf09468918c1b5ec19468,cc4804bce5df3b8190a6c123d2700051,False,,,,Foxit Quick PDF Library 15.11 (www.debenu.com),"Foxit Quick PDF Library 15.11 (www.debenu.com); modified using iText® Core 7.2.3 (production version) ©2000-2022 iText Group NV, Administrative Office of the United States Courts",D:20241107075251-07'00',D:20251008134718-04'00',https://storage.courtlistener.com/recap/gov.uscourts.njd.550383/gov.uscourts.njd.550383.52.0.pdf,https://storage.courtlistener.com/recap/gov.uscourts.njd.550383/gov.uscourts.njd.550383.52.0.pdf,https://archive.org/download/gov.uscourts.njd.550383/gov.uscourts.njd.550383.52.0.pdf,https://www.courtlistener.com/docket/68869775/52/shoshi-goldfus-v-apple-inc/,https://ecf.njd.uscourts.gov/doc1/119021909559?caseid=550383,$1.20,1.20,https://www.courtlistener.com/docket/68869775/apple-inc-smartphone-antitrust-litigation/
0053,53,0,2024-12-10,"Dec 10, 2024","MDL TEXT ORDER - The Court is in receipt of the Indirect iPhone Purchaser Plaintiffs' supplemental brief in support of appointment of an Executive Committee (ECF 44 ). Counsel is directed to file a letter on or before December 13, 2024 clarifying whether a specific firm and/or attorney will be assigned to each of the tasks for which the Executive Committee would be responsible - i.e., plaintiff discovery, third-party discovery, government liaison, briefing and legal research, and work with experts. So Ordered by Magistrate Judge Leda D. Wettre on 12/10/2024. (rn) (Entered: 12/10/2024)",Main Document,,,NO_PUBLIC_PDF_LINK,,,Price not displayed; page count unknown.,,,,,,,,,,,,,,,,,,,,https://www.courtlistener.com/docket/68869775/apple-inc-smartphone-antitrust-litigation/
0054,54,0,2024-12-13,"Dec 13, 2024","Letter from Stanley O. King re 53 Text Order,,. (KING, STANLEY) (Entered: 12/13/2024)",Main Document,Letter,0054. (12-13-2024) Letter from Stanley O. King re 53 Text Order.pdf,FREE_RECAP_PDF_AVAILABLE,4,4,Exact local PDF page count.,378688,34bd27eda8f55eac8cc7f3e34ff8d69e8a522c63647a262a456e4d8f5e062bd9,a8e9f861272623987f812e910471011b938b2f07,be2230077cb9f60cc74560bf4ac72d33,False,,Raymond S. Levine,,Acrobat PDFMaker 24 for Word,"Adobe PDF Library 24.5.96; modified using iText® Core 7.2.3 (production version) ©2000-2022 iText Group NV, Administrative Office of the United States Courts",D:20241213095241-05'00',D:20241213095655-05'00',https://storage.courtlistener.com/recap/gov.uscourts.njd.550383/gov.uscourts.njd.550383.54.0.pdf,https://storage.courtlistener.com/recap/gov.uscourts.njd.550383/gov.uscourts.njd.550383.54.0.pdf,https://archive.org/download/gov.uscourts.njd.550383/gov.uscourts.njd.550383.54.0.pdf,https://www.courtlistener.com/docket/68869775/54/shoshi-goldfus-v-apple-inc/,https://ecf.njd.uscourts.gov/doc1/119022027268?caseid=550383,$0.40,0.40,https://www.courtlistener.com/docket/68869775/apple-inc-smartphone-antitrust-litigation/
0055,55,0,2024-12-18,"Dec 18, 2024","Letter from James E. Cecchi to the Hon. Julien Xavier Neals, U.S.D.J. and the Hon. Leda Dunn Wettre, U.S.M.J. Regarding Consensus on the Direct Purchaser Plaintiffs' Leadership Structure and Enclosing a Proposed Form of Order. (Attachments: # 1 Text of Proposed Order)(CECCHI, JAMES) (Entered: 12/18/2024)",Main Document,Letter,"0055. (12-18-2024) Letter from James E. Cecchi to the Hon. Julien Xavier Neals, U.S.D.J. and the Hon. Leda Dunn Wettre.pdf",FREE_RECAP_PDF_AVAILABLE,1,1,Exact local PDF page count.,224211,6a59dd100d516cde65ee1026fe022b2cb49d819aed4a7f927b1d2afb902b49b8,26549a7a99279f66e439b4888e4f66c424fe0762,f1d6ffb21fd251d2eae4a87e112fb1da,False,,,,Acrobat PDFMaker 24 for Word,"Adobe PDF Library 24.5.96; modified using iText® Core 7.2.3 (production version) ©2000-2022 iText Group NV, Administrative Office of the United States Courts",D:20241218110539-05'00',D:20241218111808-05'00',https://storage.courtlistener.com/recap/gov.uscourts.njd.550383/gov.uscourts.njd.550383.55.0_1.pdf,https://storage.courtlistener.com/recap/gov.uscourts.njd.550383/gov.uscourts.njd.550383.55.0_1.pdf,https://archive.org/download/gov.uscourts.njd.550383/gov.uscourts.njd.550383.55.0.pdf,https://www.courtlistener.com/docket/68869775/55/shoshi-goldfus-v-apple-inc/,https://ecf.njd.uscourts.gov/doc1/119022041955?caseid=550383,$0.10,0.10,https://www.courtlistener.com/docket/68869775/apple-inc-smartphone-antitrust-litigation/
0055-001,55,1,2024-12-18,"Dec 18, 2024","Letter from James E. Cecchi to the Hon. Julien Xavier Neals, U.S.D.J. and the Hon. Leda Dunn Wettre, U.S.M.J. Regarding Consensus on the Direct Purchaser Plaintiffs' Leadership Structure and Enclosing a Proposed Form of Order. (Attachments: # 1 Text of Proposed Order)(CECCHI, JAMES) (Entered: 12/18/2024)",Attachment 1,Text of Proposed Order,0055-001. (12-18-2024) (Text of Proposed Order).pdf,FREE_RECAP_PDF_AVAILABLE,3,3,Exact local PDF page count.,224341,ead9cc2b29a753048bbc63b330692dbbb7b0e15035ebea3eaf572e2bfb4de77b,e073b47f2f60a844ee53caf2bd78b4154ed6403d,cec1a6a9190085c296ce4a36ca64aab6,False,,,,Acrobat PDFMaker 24 for Word,"Adobe PDF Library 24.5.96; modified using iText® Core 7.2.3 (production version) ©2000-2022 iText Group NV, Administrative Office of the United States Courts",D:20241218110520-05'00',D:20241218111814-05'00',https://storage.courtlistener.com/recap/gov.uscourts.njd.550383/gov.uscourts.njd.550383.55.1.pdf,https://storage.courtlistener.com/recap/gov.uscourts.njd.550383/gov.uscourts.njd.550383.55.1.pdf,https://archive.org/download/gov.uscourts.njd.550383/gov.uscourts.njd.550383.55.1.pdf,https://www.courtlistener.com/docket/68869775/55/1/shoshi-goldfus-v-apple-inc/,https://ecf.njd.uscourts.gov/doc1/119022041956?caseid=550383,$0.30,0.30,https://www.courtlistener.com/docket/68869775/apple-inc-smartphone-antitrust-litigation/
0056,56,0,2024-12-20,"Dec 20, 2024","MDL TEXT ORDER - The Court is in receipt of the Indirect iPhone Purchaser Plaintiffs' letter dated December 13, 2024 (ECF No. 54 ) outlining the anticipated assignments for the proposed Executive Committee. By no later than Monday, December 23, 2024, the Indirect iPhone Purchaser Plaintiffs shall submit a proposed Order consistent with its December 13, 2024 letter for the Court's consideration. So Ordered by Judge Julien Xavier Neals on 12/20/2024. (kd) (Entered: 12/20/2024)",Main Document,,,NO_PUBLIC_PDF_LINK,,,Price not displayed; page count unknown.,,,,,,,,,,,,,,,,,,,,https://www.courtlistener.com/docket/68869775/apple-inc-smartphone-antitrust-litigation/
0057,57,0,2024-12-19,"Dec 19, 2024","ORDER that Steve W. Berman of Hagens Berman Sobol Shapiro, LLP; Dena Sharp of Girard Sharp, LLP; Christopher A. Seeger of Seeger Weiss LLP; James E. Cecchi of Carella Byrne Cecchi Brody & Agnello, P.C.; Bill Carmody of Susman Godfrey LLP; and Melinda Coolidge of Hausfeld LLP shall serve as Co-Lead Interim Class Counsel for the Direct Purchaser Plaintiff class. Michael Critchley Sr. of Critchley & Kinum shall serve as Trial Counsel. Joseph DePalma of Life DePalma of Lite DePalma Greenberg & Afanador shall serve as Liaison Counsel. Signed by Judge Julien Xavier Neals on 12/19/2024. (dam) (Entered: 12/20/2024)",Main Document,Order,"0057. (12-19-2024) ORDER that Steve W. Berman of Hagens Berman Sobol Shapiro, LLP Dena Sharp of Girard Sharp, LLP Chr.pdf",FREE_RECAP_PDF_AVAILABLE,3,3,Exact local PDF page count.,90820,87128f62b61a0b0fa7077240f8ce8f50183b0cc86ab07c7fc9aaeccb89037935,3fa83dafded6899c69cadf11e9639dc9d8f7576c,c7fee18b2e0dc2bbe86672cdfa21150e,False,,,,RICOH IM C4500,"RICOH IM C4500; modified using iText® Core 7.2.3 (production version) ©2000-2022 iText Group NV, Administrative Office of the United States Courts",D:20241219150327-05'00',D:20241220091921-05'00',https://storage.courtlistener.com/recap/gov.uscourts.njd.550383/gov.uscourts.njd.550383.57.0.pdf,https://storage.courtlistener.com/recap/gov.uscourts.njd.550383/gov.uscourts.njd.550383.57.0.pdf,https://archive.org/download/gov.uscourts.njd.550383/gov.uscourts.njd.550383.57.0.pdf,https://www.courtlistener.com/docket/68869775/57/shoshi-goldfus-v-apple-inc/,https://ecf.njd.uscourts.gov/doc1/119022050278?caseid=550383,$0.30,0.30,https://www.courtlistener.com/docket/68869775/apple-inc-smartphone-antitrust-litigation/
0058,58,0,2024-12-23,"Dec 23, 2024","Proposed Order by All Plaintiffs re 56 Order,. (KING, STANLEY) (Entered: 12/23/2024)",Main Document,Proposed Order,0058. (12-23-2024) Proposed Order by All Plaintiffs re 56 Order.pdf,PACER_LINK_AVAILABLE,4,,Exact local PDF page count.,158875,365962e838cb1e965bbcb9d650357c60de3117dbc2d2b073ae4b1d60519df647,45b10df39352551fc5b90d0ec96a9b8dda655c54,899f6e371fce446a28ad88ffbc2119f8,False,,William G. Caldes,,Acrobat PDFMaker 24 for Word,"Adobe PDF Library 24.5.96; modified using iText® Core 7.2.3 (production version) ©2000-2022 iText Group NV, Administrative Office of the United States Courts",D:20241223095605-05'00',D:20241223101337-05'00',https://ecf.njd.uscourts.gov/doc1/119022056378?caseid=550383,,,,https://ecf.njd.uscourts.gov/doc1/119022056378?caseid=550383,,,https://www.courtlistener.com/docket/68869775/apple-inc-smartphone-antitrust-litigation/
0059,59,0,2024-12-27,"Dec 27, 2024","ORDER granting 18 Indirect iPhone Purchasers (""IIPs"")'s Motion for Appointment of Interim Co-Lead Class Counsel. The Court orders organization of and anticipated assignments for Indirect iPhone Purchasers' Executive Committe. Signed by Judge Julien Xavier Neals on 12/26/2024. (dam) (Entered: 12/27/2024)",Main Document,Order on Motion to Appoint Counsel,0059. (12-27-2024) ORDER granting 18 Indirect iPhone Purchasers (IIPs)s Motion for Appointment of Interim Co-Lead Cl.pdf,FREE_RECAP_PDF_AVAILABLE,4,4,Exact local PDF page count.,200848,5afae6aa58183d431f22c5c208961150bbc4f8acba8f1a186c94962b2bd0c2ac,dea0d2984ea2863c3e1a75b45411ab45a02562bd,9eb17ebc036b14065197d0f1570c2dee,False,,William G. Caldes,,Acrobat PDFMaker 24 for Word,"Adobe PDF Library 24.5.96; modified using iText® Core 7.2.3 (production version) ©2000-2022 iText Group NV, Administrative Office of the United States Courts; modified using iText® Core 7.2.3 (production version) ©2000-2022 iText Group NV, Administrative Office of the United States Courts",D:20241223095605-05'00',D:20241227151833-05'00',https://storage.courtlistener.com/recap/gov.uscourts.njd.550383/gov.uscourts.njd.550383.59.0.pdf,https://storage.courtlistener.com/recap/gov.uscourts.njd.550383/gov.uscourts.njd.550383.59.0.pdf,https://archive.org/download/gov.uscourts.njd.550383/gov.uscourts.njd.550383.59.0.pdf,https://www.courtlistener.com/docket/68869775/59/shoshi-goldfus-v-apple-inc/,https://ecf.njd.uscourts.gov/doc1/119022064839?caseid=550383,$0.40,0.40,https://www.courtlistener.com/docket/68869775/apple-inc-smartphone-antitrust-litigation/
0060,60,0,2024-12-28,"Dec 28, 2024","MDL TEXT ORDER - In accordance with Case Management Order Number 1 (ECF No. 7 ), Co-Lead Interim Class Counsel for the Direct iPhone Purchasers, Indirect iPhone Purchasers and Direct Apple Watch Purchasers, and Apple shall submit a joint agenda and status report by no later than Friday, January 10, 2025. Counsel shall meet and confer--in person, by teleconference or by video conference--and seek consensus to the extent possible with respect to joint agenda items for the Initial Case Management Conference. So Ordered by Judge Julien Xavier Neals on 12/28/2024. (kd) (Entered: 12/28/2024)",Main Document,,,NO_PUBLIC_PDF_LINK,,,Price not displayed; page count unknown.,,,,,,,,,,,,,,,,,,,,https://www.courtlistener.com/docket/68869775/apple-inc-smartphone-antitrust-litigation/
0061,61,0,2025-01-10,"Jan 10, 2025","STATUS REPORT JOINT AGENDA AND STATUS REPORT by APPLE, INC.. (WALSH, LIZA) (Entered: 01/10/2025)",Main Document,Status Report,"0061. (01-10-2025) STATUS REPORT JOINT AGENDA AND STATUS REPORT by APPLE, INC.pdf",FREE_RECAP_PDF_AVAILABLE,10,10,Exact local PDF page count.,326702,24d1a5e771487cdcfe6aa05972115b9257f63075f905fa2943fe05222a9d0402,d1753e7be9cfe6ff5eb34745f667c2ad23589a2b,4d0d4a6b14e78ad402bbc14166a6c34c,False,,,,Aspose Pty Ltd.,"Aspose.PDF for .NET 24.2.0; modified using iText® Core 7.2.3 (production version) ©2000-2022 iText Group NV, Administrative Office of the United States Courts",,D:20250110202750-05'00',https://storage.courtlistener.com/recap/gov.uscourts.njd.550383/gov.uscourts.njd.550383.61.0.pdf,https://storage.courtlistener.com/recap/gov.uscourts.njd.550383/gov.uscourts.njd.550383.61.0.pdf,https://archive.org/download/gov.uscourts.njd.550383/gov.uscourts.njd.550383.61.0.pdf,https://www.courtlistener.com/docket/68869775/61/shoshi-goldfus-v-apple-inc/,https://ecf.njd.uscourts.gov/doc1/119022099240?caseid=550383,$1.00,1.00,https://www.courtlistener.com/docket/68869775/apple-inc-smartphone-antitrust-litigation/
0062,62,0,2025-01-13,"Jan 13, 2025","MOTION to Withdraw as Attorney by JOSEPH GIAMANCO. (RICE, JORDAN) (Entered: 01/13/2025)",Main Document,Withdraw as Attorney,0062. (01-13-2025) MOTION to Withdraw as Attorney by JOSEPH GIAMANCO.pdf,PACER_LINK_AVAILABLE,1,,Exact local PDF page count.,122025,1b8909bfbe5a3dfee59c8b68639a0c9f45888e4b3fe0dae3c44bc2f5778740dd,e7e5bfe3f9e74f2f116e6aec2ca41bc78e9117ea,f2cb3da0e0eda8b01c10f210e4bb2b40,False,Microsoft Word - Rice Withdrawal (DNJ),jrice,,PScript5.dll Version 5.2.2,"Acrobat Distiller 24.0 (Windows); modified using iText® Core 7.2.3 (production version) ©2000-2022 iText Group NV, Administrative Office of the United States Courts",D:20250113094127-06'00',D:20250113114344-05'00',https://ecf.njd.uscourts.gov/doc1/119022101073?caseid=550383,,,,https://ecf.njd.uscourts.gov/doc1/119022101073?caseid=550383,,,https://www.courtlistener.com/docket/68869775/apple-inc-smartphone-antitrust-litigation/
0063,63,0,2025-01-15,"Jan 15, 2025",LETTER ORDER granting Request for Withdrawal of Attorney as to JORDAN A. RICE for Plaintiff Joseph Giamanco and as Interim Counsel for the Putative Direct Apple Watch Purchaser Plaintiff Class. Signed by Magistrate Judge Leda D. Wettre on 1/15/2025. (dam) (Entered: 01/15/2025),Main Document,Order AND ~Util - Add and Terminate Attorneys,0063. (01-15-2025) LETTER ORDER granting Request for Withdrawal of Attorney as to JORDAN A. RICE for Plaintiff Joseph G.pdf,FREE_RECAP_PDF_AVAILABLE,1,1,Exact local PDF page count.,188146,9bcd9a9e3602da17eb16f8fa7d5b63d1b92e6630b451d5ebd77d070a9a2b6b39,d0ae75222cc41d36c6753d8a06057478eb3cdfab,c610ed66e8ea0635699cd6b855bd654f,False,,,,,"iText® Core 7.2.3 (production version) ©2000-2022 iText Group NV, Administrative Office of the United States Courts",,D:20250115115029-05'00',https://storage.courtlistener.com/recap/gov.uscourts.njd.550383/gov.uscourts.njd.550383.63.0.pdf,https://storage.courtlistener.com/recap/gov.uscourts.njd.550383/gov.uscourts.njd.550383.63.0.pdf,https://archive.org/download/gov.uscourts.njd.550383/gov.uscourts.njd.550383.63.0.pdf,https://www.courtlistener.com/docket/68869775/63/shoshi-goldfus-v-apple-inc/,https://ecf.njd.uscourts.gov/doc1/119022110214?caseid=550383,$0.10,0.10,https://www.courtlistener.com/docket/68869775/apple-inc-smartphone-antitrust-litigation/
0064,64,0,2025-01-23,"Jan 23, 2025","MOTION to Withdraw as Attorney by IRA POLLY. (LAFRENIERE, SARAH) (Entered: 01/23/2025)",Main Document,Withdraw as Attorney,0064. (01-23-2025) MOTION to Withdraw as Attorney by IRA POLLY.pdf,PACER_LINK_AVAILABLE,1,,Exact local PDF page count.,159958,2c8da91bcdb0e4f82c0732f4a1c2ad56295a681c609bbcb475de21743a5af369,91b3dc559f3486da0f981eff12281e6ed503303f,a0a516c2bb8a7e4b88d4137197f8f3f8,False,,Thomas Loughran,,Acrobat PDFMaker 24 for Word,"Adobe PDF Library 24.5.96; modified using iText® Core 7.2.3 (production version) ©2000-2022 iText Group NV, Administrative Office of the United States Courts",D:20250123102750-05'00',D:20250123143702-05'00',https://ecf.njd.uscourts.gov/doc1/119022135317?caseid=550383,,,,https://ecf.njd.uscourts.gov/doc1/119022135317?caseid=550383,,,https://www.courtlistener.com/docket/68869775/apple-inc-smartphone-antitrust-litigation/
0065,65,0,2025-01-24,"Jan 24, 2025",LETTER ORDER granting 64 Plaintiff IRA POLLY's Motion to Withdraw Sarah R. LaFreniere as Attorney. Attorney SARAH LAFRENIERE terminated. Signed by Magistrate Judge Leda D. Wettre on 1/24/2025. (dam) Modified on 1/24/2025 (dam). (Entered: 01/24/2025),Main Document,Order on Motion to Withdraw as Attorney,0065. (01-24-2025) LETTER ORDER granting 64 Plaintiff IRA POLLYs Motion to Withdraw Sarah R. LaFreniere as Attorney. A.pdf,PACER_LINK_AVAILABLE,1,,Exact local PDF page count.,184530,6bf64e198cca9201e833ebd5b6153120626c403a50d43638444192904474f008,f4c7aab76d4dc879cb0c302277f97ce90a8f7f57,9f6fe44ca646a7275586f5d4153449a6,False,,,,,"iText® Core 7.2.3 (production version) ©2000-2022 iText Group NV, Administrative Office of the United States Courts",,D:20250124115255-05'00',https://ecf.njd.uscourts.gov/doc1/119022142144?caseid=550383,,,,https://ecf.njd.uscourts.gov/doc1/119022142144?caseid=550383,,,https://www.courtlistener.com/docket/68869775/apple-inc-smartphone-antitrust-litigation/
0066,66,0,2025-01-24,"Jan 24, 2025","Letter from James E. Cecchi to the Hon. Leda Dunn Wettre, U.S.M.J. on Behalf of All Tracks for Plaintiffs Requesting the Production of Materials Produced to the DOJ. (CECCHI, JAMES) (Entered: 01/24/2025)",Main Document,Letter,"0066. (01-24-2025) Letter from James E. Cecchi to the Hon. Leda Dunn Wettre, U.S.M.J. on Behalf of All Tracks for Plain.pdf",FREE_RECAP_PDF_AVAILABLE,6,6,Exact local PDF page count.,284471,b26cb8ce0fe82cf1102aaafced93a06d6637176866b0eef4f238d750d7c0bfed,ac6c421518e5668fb7730da806efe7b39698dcc5,506b1d45ef4eb11d57c711c321ac0b58,False,,,,,"iText® Core 7.2.3 (production version) ©2000-2022 iText Group NV, Administrative Office of the United States Courts",,D:20250124180105-05'00',https://storage.courtlistener.com/recap/gov.uscourts.njd.550383/gov.uscourts.njd.550383.66.0.pdf,https://storage.courtlistener.com/recap/gov.uscourts.njd.550383/gov.uscourts.njd.550383.66.0.pdf,https://archive.org/download/gov.uscourts.njd.550383/gov.uscourts.njd.550383.66.0.pdf,https://www.courtlistener.com/docket/68869775/66/shoshi-goldfus-v-apple-inc/,https://ecf.njd.uscourts.gov/doc1/119022145391?caseid=550383,$0.60,0.60,https://www.courtlistener.com/docket/68869775/apple-inc-smartphone-antitrust-litigation/
0067,67,0,2025-01-29,"Jan 29, 2025","MDL TEXT ORDER - In accordance with Case Management Order Number 1 (ECF No. 7 ), Interim Class Counsel for the Direct iPhone Purchasers, Indirect iPhone Purchasers, and Direct Apple Watch Purchasers shall provide the Court with a list of attorneys and their office addresses, phone and fax numbers, and e-mail addresses by no later than Monday, February 10, 2025. Each track shall email their respective list to chambers_of_judge_julien_neals@njd.uscourts.gov. Within seven calendar days of any change of appointed Interim Class Counsel, Interim Class Counsel for the respective track shall email a revised service list to chambers_of_judge_julien_neals@njd.uscourts.gov.So Ordered by Judge Julien Xavier Neals on 1/29/2025. (kd) (Entered: 01/29/2025)",Main Document,,,NO_PUBLIC_PDF_LINK,,,Price not displayed; page count unknown.,,,,,,,,,,,,,,,,,,,,https://www.courtlistener.com/docket/68869775/apple-inc-smartphone-antitrust-litigation/
0068,68,0,2025-01-29,"Jan 29, 2025","MOTION to Withdraw as Counsel Pursuant to Local Rule 102.1 by ERALDO AGUIAR, AMY CROSS, MAURICIO HERNANDEZ, PATRICIA YANETH CORNEJO ORAHETA. (Attachments: # 1 Text of Proposed Order)(ST. PHILLIP, PETER) (Entered: 01/29/2025)",Main Document,Withdraw,"0068. (01-29-2025) MOTION to Withdraw as Counsel Pursuant to Local Rule 102.1 by ERALDO AGUIAR, AMY CROSS, MAURICIO HER.pdf",PACER_LINK_AVAILABLE,2,,Exact local PDF page count.,141129,755a1af781ddc9a2c35b890335e2b516f9c103e869c8973c0b44b59f6383a01f,d05e2f9f62542706525d063479656e50ec94089c,f5b6a36ae4a490f8eb1a808950c1e8df,False,Microsoft Word - Notice of Motion - Withdrawal - FINAL.docx,Vogel,,PScript5.dll Version 5.2.2,"Acrobat Distiller 24.0 (Windows); modified using iText® Core 7.2.3 (production version) ©2000-2022 iText Group NV, Administrative Office of the United States Courts",D:20250129155059-05'00',D:20250129160404-05'00',https://ecf.njd.uscourts.gov/doc1/119022158798?caseid=550383,,,,https://ecf.njd.uscourts.gov/doc1/119022158798?caseid=550383,,,https://www.courtlistener.com/docket/68869775/apple-inc-smartphone-antitrust-litigation/
0068-001,68,1,2025-01-29,"Jan 29, 2025","MOTION to Withdraw as Counsel Pursuant to Local Rule 102.1 by ERALDO AGUIAR, AMY CROSS, MAURICIO HERNANDEZ, PATRICIA YANETH CORNEJO ORAHETA. (Attachments: # 1 Text of Proposed Order)(ST. PHILLIP, PETER) (Entered: 01/29/2025)",Attachment 1,Text of Proposed Order,"0068-001. (01-29-2025) (Text of Proposed Order)(ST. PHILLIP, PETER).pdf",PACER_LINK_AVAILABLE,2,2,Exact local PDF page count.,118189,1da54c00178062d056488f4ccb5958c9de2b3c00db2784c0ff6a99e7a3ff8a78,d3eab4b1a29412e99a001aea8b0332a1425b8307,95195add5a3a6672caf5a0096602092b,False,Microsoft Word - Proposed Order - Withdrawal - Final.docx,Vogel,,PScript5.dll Version 5.2.2,"Acrobat Distiller 24.0 (Windows); modified using iText® Core 7.2.3 (production version) ©2000-2022 iText Group NV, Administrative Office of the United States Courts",D:20250129155029-05'00',D:20250129160410-05'00',https://ecf.njd.uscourts.gov/doc1/119022158799?caseid=550383,,,,https://ecf.njd.uscourts.gov/doc1/119022158799?caseid=550383,$0.20,0.20,https://www.courtlistener.com/docket/68869775/apple-inc-smartphone-antitrust-litigation/
0069,69,0,2025-01-31,"Jan 31, 2025","ORDER granting 68 Plaintiffs' Motion to Withdraw as Attorney as to Peter A. Barile III, Vincent Briganti, Peter D. St. Phillip, Jr., Nicole A. Veno, and Peter Demato. Signed by Magistrate Judge Leda D. Wettre on 1/31/2025. (dam) (Entered: 01/31/2025)",Main Document,Order on Motion to Withdraw,"0069. (01-31-2025) ORDER granting 68 Plaintiffs Motion to Withdraw as Attorney as to Peter A. Barile III, Vincent Brig.pdf",PACER_LINK_AVAILABLE,2,,Exact local PDF page count.,193403,cec4e3817faf515ff724c7076502d4a890ea00e067c571adb7c7b097430a6fdc,fa755b5b88e73b5db6d128c45b5316c928fce9e2,6d1c16b12f031ad396583741cf3a277f,False,,,,,"iText® Core 7.2.3 (production version) ©2000-2022 iText Group NV, Administrative Office of the United States Courts",,D:20250131123853-05'00',https://ecf.njd.uscourts.gov/doc1/119022166322?caseid=550383,,,,https://ecf.njd.uscourts.gov/doc1/119022166322?caseid=550383,,,https://www.courtlistener.com/docket/68869775/apple-inc-smartphone-antitrust-litigation/
0070,70,0,2025-02-03,"Feb 3, 2025","Letter from Liza M. Walsh to the Hon. Leda Dunn Wettre, U.S.M.J. re 66 Letter. (WALSH, LIZA) (Entered: 02/03/2025)",Main Document,Letter,"0070. (02-03-2025) Letter from Liza M. Walsh to the Hon. Leda Dunn Wettre, U.S.M.J. re 66 Letter.pdf",FREE_RECAP_PDF_AVAILABLE,5,5,Exact local PDF page count.,293291,6c39634a30d6d4ca06cd922c18f46080fad83927197d99360bff668a0b7b8d2f,3a2e0370df78172c4c455e7cf3367e39d34b3b08,d3be6362f247ee21a9bac26b5eb44c7d,False,,,,Aspose Pty Ltd.,"Aspose.PDF for .NET 24.2.0; modified using iText® Core 7.2.3 (production version) ©2000-2022 iText Group NV, Administrative Office of the United States Courts",D:20250203202025-05'00',D:20250203202701-05'00',https://storage.courtlistener.com/recap/gov.uscourts.njd.550383/gov.uscourts.njd.550383.70.0.pdf,https://storage.courtlistener.com/recap/gov.uscourts.njd.550383/gov.uscourts.njd.550383.70.0.pdf,https://archive.org/download/gov.uscourts.njd.550383/gov.uscourts.njd.550383.70.0.pdf,https://www.courtlistener.com/docket/68869775/70/shoshi-goldfus-v-apple-inc/,https://ecf.njd.uscourts.gov/doc1/119022174896?caseid=550383,$0.50,0.50,https://www.courtlistener.com/docket/68869775/apple-inc-smartphone-antitrust-litigation/
0071,71,0,2025-02-07,"Feb 7, 2025","Letter from James E. Cecchi to the Hon. Leda Dunn Wettre, U.S.M.J. on Behalf of All Tracks Requesting to Attend the Rule 16 Conference in the Parallel DOJ Action. (CECCHI, JAMES) (Entered: 02/07/2025)",Main Document,Letter,"0071. (02-07-2025) Letter from James E. Cecchi to the Hon. Leda Dunn Wettre, U.S.M.J. on Behalf of All Tracks Requestin.pdf",FREE_RECAP_PDF_AVAILABLE,2,2,Exact local PDF page count.,227350,9a87b46662300c215eaf66a3a767a7119c25c3f4ab9928ad5fb9f8bc00b5bbbf,d2d9aa8c70ec93d71c3ad426c3d56bd1727bcc51,ecd31da4710a9de80d8bdbab77db13a0,False,,,,,"iText® Core 7.2.3 (production version) ©2000-2022 iText Group NV, Administrative Office of the United States Courts",,D:20250207181719-05'00',https://storage.courtlistener.com/recap/gov.uscourts.njd.550383/gov.uscourts.njd.550383.71.0.pdf,https://storage.courtlistener.com/recap/gov.uscourts.njd.550383/gov.uscourts.njd.550383.71.0.pdf,https://archive.org/download/gov.uscourts.njd.550383/gov.uscourts.njd.550383.71.0.pdf,https://www.courtlistener.com/docket/68869775/71/shoshi-goldfus-v-apple-inc/,https://ecf.njd.uscourts.gov/doc1/119022189681?caseid=550383,$0.20,0.20,https://www.courtlistener.com/docket/68869775/apple-inc-smartphone-antitrust-litigation/
0072,72,0,2025-02-08,"Feb 8, 2025","Letter from James E. Cecchi to the Hon. Leda Dunn Wettre, U.S.M.J. on Behalf of All Tracks in Reply re 70 Letter, 66 Letter. (CECCHI, JAMES) (Entered: 02/08/2025)",Main Document,Letter,"0072. (02-08-2025) Letter from James E. Cecchi to the Hon. Leda Dunn Wettre, U.S.M.J. on Behalf of All Tracks in Reply.pdf",FREE_RECAP_PDF_AVAILABLE,3,3,Exact local PDF page count.,242338,5207091e5bb34192082336937548f5e0eacec7919ddde40814c64abd6d3809d2,7d4a0a4a338d0556ea0827aff95bb6d89474556a,a387532c599735ac8090fae9effbce72,False,,,,,"iText® Core 7.2.3 (production version) ©2000-2022 iText Group NV, Administrative Office of the United States Courts",,D:20250208110112-05'00',https://storage.courtlistener.com/recap/gov.uscourts.njd.550383/gov.uscourts.njd.550383.72.0.pdf,https://storage.courtlistener.com/recap/gov.uscourts.njd.550383/gov.uscourts.njd.550383.72.0.pdf,https://archive.org/download/gov.uscourts.njd.550383/gov.uscourts.njd.550383.72.0.pdf,https://www.courtlistener.com/docket/68869775/72/shoshi-goldfus-v-apple-inc/,https://ecf.njd.uscourts.gov/doc1/119022191365?caseid=550383,$0.30,0.30,https://www.courtlistener.com/docket/68869775/apple-inc-smartphone-antitrust-litigation/
0073,73,0,2025-02-13,"Feb 13, 2025","NOTICE of Appearance by ROBERT WOZNIAK, JR on behalf of SUSAN MARIE, SHARLA HILBURN, NANCY COX (WOZNIAK, ROBERT) (Entered: 02/13/2025)",Main Document,Notice of Appearance,"0073. (02-13-2025) NOTICE of Appearance by ROBERT WOZNIAK, JR on behalf of SUSAN MARIE, SHARLA HILBURN, NANCY COX.pdf",PACER_LINK_AVAILABLE,1,,Exact local PDF page count.,284781,e89ff98141b4c84e4fab7710ecd51d413e7eb2bd76754ee0058f01333ff30410,4d2d9b7d92a7729c33ff8f41e7f5651c6a49945d,89b0e7d29c80ab405644782996e01fcf,False,Appearance of Counsel,US Courts,,PScript5.dll Version 5.2.2,"Acrobat Distiller 8.1.0 (Windows); modified using iText® Core 7.2.3 (production version) ©2000-2022 iText Group NV, Administrative Office of the United States Courts",D:20090623071524-04'00',D:20250213110750-05'00',https://ecf.njd.uscourts.gov/doc1/119022203517?caseid=550383,,,,https://ecf.njd.uscourts.gov/doc1/119022203517?caseid=550383,,,https://www.courtlistener.com/docket/68869775/apple-inc-smartphone-antitrust-litigation/
0074,74,0,2025-02-14,"Feb 14, 2025","MDL TEXT ORDER - The Court is in receipt of Co-Lead Interim Class Counsel's letters on behalf of all plaintiff groups requesting that the Court order early production of all documents defendant Apple previously produced to the Department of Justice, as well as Apple's objection thereto. (ECF 66, 70, 72 ). Plaintiffs seek production of millions of documents from Apple prior to: (1) filing their consolidated complaints, which will solidify the factual allegations and claims at issue; (2) Apple's response to the consolidated complaints; (3) an MDL initial case management conference; (4) entry of initial MDL case management orders, including a Protective Order and ESI Protocol; (5) service of written discovery requests; and (6) completion of the parties' meet and confer with respect to this dispute. The Court encourages the parties to continue to meet and confer in an effort to streamline the discovery process, but it does not intend to adjudicate this or any other discovery disputes prior to the commencement of formal discovery in this MDL. So Ordered by Magistrate Judge Leda D. Wettre on 2/14/2025. (rn) (Entered: 02/14/2025)",Main Document,,,NO_PUBLIC_PDF_LINK,,,Price not displayed; page count unknown.,,,,,,,,,,,,,,,,,,,,https://www.courtlistener.com/docket/68869775/apple-inc-smartphone-antitrust-litigation/
0075,75,0,2025-02-14,"Feb 14, 2025",LETTER ORDER denying 71 Application in accordance with the Court's 2/14/2025 Order in Civil Action No. 24-4055-JXN-LDW. Signed by Magistrate Judge Leda D. Wettre on 2/14/2025. (dam) (Entered: 02/14/2025),Main Document,Order,0075. (02-14-2025) LETTER ORDER denying 71 Application in accordance with the Courts 2142025 Order in Civil Action N.pdf,FREE_RECAP_PDF_AVAILABLE,2,2,Exact local PDF page count.,230782,70da0bd727e0beff1386ac5337a47b75dac58a4f0953cda5021a179bcd6b71e5,54a165a04bdfbe31c2f514e769c2310371da0954,ac3378f9b086df57547443793e2904bc,False,,,,,"iText® Core 7.2.3 (production version) ©2000-2022 iText Group NV, Administrative Office of the United States Courts",,D:20250214160435-05'00',https://storage.courtlistener.com/recap/gov.uscourts.njd.550383/gov.uscourts.njd.550383.75.0.pdf,https://storage.courtlistener.com/recap/gov.uscourts.njd.550383/gov.uscourts.njd.550383.75.0.pdf,https://archive.org/download/gov.uscourts.njd.550383/gov.uscourts.njd.550383.75.0.pdf,https://www.courtlistener.com/docket/68869775/75/shoshi-goldfus-v-apple-inc/,https://ecf.njd.uscourts.gov/doc1/119022210503?caseid=550383,$0.20,0.20,https://www.courtlistener.com/docket/68869775/apple-inc-smartphone-antitrust-litigation/
0076,76,0,2025-02-14,"Feb 14, 2025","NOTICE of Appearance by COLLIN JAMES SCHAFFHAUSER on behalf of IRA POLLY (SCHAFFHAUSER, COLLIN) (Entered: 02/14/2025)",Main Document,Notice of Appearance,0076. (02-14-2025) NOTICE of Appearance by COLLIN JAMES SCHAFFHAUSER on behalf of IRA POLLY.pdf,PACER_LINK_AVAILABLE,1,,Exact local PDF page count.,122283,1d06f2bd74657ea2bfb2d1f53e823b0d8af0f8628e071c281af26080c9c66a44,ccaee63f4f74573aa5191259f6cffd2e1de67092,f1ee962bdf290cfca1e34470bc17a849,False,Microsoft Word - 1023393_1,ep,,PScript5.dll Version 5.2.2,"Acrobat Distiller 24.0 (Windows); modified using iText® Core 7.2.3 (production version) ©2000-2022 iText Group NV, Administrative Office of the United States Courts",D:20250214161355-05'00',D:20250214161628-05'00',https://ecf.njd.uscourts.gov/doc1/119022210636?caseid=550383,,,,https://ecf.njd.uscourts.gov/doc1/119022210636?caseid=550383,,,https://www.courtlistener.com/docket/68869775/apple-inc-smartphone-antitrust-litigation/
0077,77,0,2025-02-24,"Feb 24, 2025","NOTICE by NICOLE ARENDS, CHRISTINA KOLINSKY, SIDNEY ROSSI WITHDRAWAL OF APPEARANCE OF CARY ZHANG (CALDES, WILLIAM) (Entered: 02/24/2025)",Main Document,Notice (Other),"0077. (02-24-2025) NOTICE by NICOLE ARENDS, CHRISTINA KOLINSKY, SIDNEY ROSSI WITHDRAWAL OF APPEARANCE OF CARY ZHANG.pdf",FREE_RECAP_PDF_AVAILABLE,2,2,Exact local PDF page count.,158099,da296acbea7de7d70864281095cbc6ca8a24ac80772fbc8490223d960ec31e25,3d0607186b230593a3b5feb8620c77b5ecb3605e,a37909daa2629dc4ab33c02951199891,False,,Gerri M. DeMarshall,,Acrobat PDFMaker 24 for Word,"Adobe PDF Library 24.5.197; modified using iText® Core 7.2.3 (production version) ©2000-2022 iText Group NV, Administrative Office of the United States Courts",D:20250224141723-05'00',D:20250224143256-05'00',https://storage.courtlistener.com/recap/gov.uscourts.njd.550383/gov.uscourts.njd.550383.77.0.pdf,https://storage.courtlistener.com/recap/gov.uscourts.njd.550383/gov.uscourts.njd.550383.77.0.pdf,https://archive.org/download/gov.uscourts.njd.550383/gov.uscourts.njd.550383.77.0.pdf,https://www.courtlistener.com/docket/68869775/77/shoshi-goldfus-v-apple-inc/,https://ecf.njd.uscourts.gov/doc1/119022235355?caseid=550383,$0.20,0.20,https://www.courtlistener.com/docket/68869775/apple-inc-smartphone-antitrust-litigation/
0078,78,0,2025-02-25,"Feb 25, 2025","ORDER granting 77 Notice of Withdrawal of Attorney CARY ZHANG as counsel for Plaintiffs. Signed by Magistrate Judge Leda D. Wettre on 2/25/2025. (mxw, ) (Entered: 02/26/2025)",Main Document,Order AND ~Util - Add and Terminate Attorneys,0078. (02-25-2025) ORDER granting 77 Notice of Withdrawal of Attorney CARY ZHANG as counsel for Plaintiffs. Signed by M.pdf,PACER_LINK_AVAILABLE,1,,Exact local PDF page count.,180548,e7effaf2b718fe3fab86e2f93c1b91204012c8cf367a3a1c6e3390cd01fd3b78,4a4da0e1ba986e7814b00a32daad0239a179d2f1,ad339964306c791dae5368133c8cdfdb,False,,,,,"iText® Core 7.2.3 (production version) ©2000-2022 iText Group NV, Administrative Office of the United States Courts",,D:20250226120819-05'00',https://ecf.njd.uscourts.gov/doc1/119022243312?caseid=550383,,,,https://ecf.njd.uscourts.gov/doc1/119022243312?caseid=550383,,,https://www.courtlistener.com/docket/68869775/apple-inc-smartphone-antitrust-litigation/
0079,79,0,2025-03-12,"Mar 12, 2025","NOTICE of Appearance by EAMON P. KELLY on behalf of DEBORAH COLLINS, HUNTER COLLINS, HENRY MORALES (KELLY, EAMON) (Entered: 03/12/2025)",Main Document,Notice of Appearance,"0079. (03-12-2025) NOTICE of Appearance by EAMON P. KELLY on behalf of DEBORAH COLLINS, HUNTER COLLINS, HENRY MORALES.pdf",PACER_LINK_AVAILABLE,1,,Exact local PDF page count.,21505,314683040a7a91b8c9e9f9168b300954bcf334c0e607a5e782852ddb0f0ee60a,8617f72ea0f50eb12f0fc8c53d0b7be49fbe464d,064690a94e0ed8bbf0e0598ee59523f6,False,,Matthew Gately,,Microsoft® Word for Microsoft 365,"Microsoft® Word for Microsoft 365; modified using iText® Core 7.2.3 (production version) ©2000-2022 iText Group NV, Administrative Office of the United States Courts",D:20250312130156-05'00',D:20250312141122-04'00',https://ecf.njd.uscourts.gov/doc1/119022290017?caseid=550383,,,,https://ecf.njd.uscourts.gov/doc1/119022290017?caseid=550383,,,https://www.courtlistener.com/docket/68869775/apple-inc-smartphone-antitrust-litigation/
0080,80,0,2025-03-12,"Mar 12, 2025","NOTICE of Appearance by JOSEPH M. VANEK on behalf of DEBORAH COLLINS, HUNTER COLLINS, HENRY MORALES (VANEK, JOSEPH) (Entered: 03/12/2025)",Main Document,Notice of Appearance,"0080. (03-12-2025) NOTICE of Appearance by JOSEPH M. VANEK on behalf of DEBORAH COLLINS, HUNTER COLLINS, HENRY MORALES.pdf",PACER_LINK_AVAILABLE,1,,Exact local PDF page count.,21713,502d63c854e6c4321cf5f53472ae98e1398b9eb21d25cf54580a312b162d9f23,1d100cfb0deed8c59d15dd058b237c67c13cd049,7837924d82ea32786490a1f402ce51d8,False,,Matthew Gately,,Microsoft® Word for Microsoft 365,"Microsoft® Word for Microsoft 365; modified using iText® Core 7.2.3 (production version) ©2000-2022 iText Group NV, Administrative Office of the United States Courts",D:20250312130236-05'00',D:20250312141546-04'00',https://ecf.njd.uscourts.gov/doc1/119022290053?caseid=550383,,,,https://ecf.njd.uscourts.gov/doc1/119022290053?caseid=550383,,,https://www.courtlistener.com/docket/68869775/apple-inc-smartphone-antitrust-litigation/
0081,81,0,2025-03-13,"Mar 13, 2025","Notice to be terminated and withdraw from Notices of Electronic filing as to case. Attorney MARY ELIZABETH MILLER terminated. (WALSH, LIZA) (Entered: 03/13/2025)",Main Document,Notice to Withdraw from NEF as to Case,0081. (03-13-2025) Notice to be terminated and withdraw from Notices of Electronic filing as to case. Attorney MARY ELI.pdf,PACER_LINK_AVAILABLE,2,,Exact local PDF page count.,361050,26500c41fdbaf5846e56927dd309681033e84d7c1ebacece59ed81e383e7c185,3e6c9e941f6a88bbba387353890a49a2bb2b1fcb,7a1044da02bb4ea204dfb2dfe00bc57e,False,Microsoft Word - 2025 03 13 NOW (Mary Miller),Barbara Troyan,,,"Microsoft: Print To PDF; modified using iText® Core 7.2.3 (production version) ©2000-2022 iText Group NV, Administrative Office of the United States Courts",D:20250313144727-04'00',D:20250313145235-04'00',https://ecf.njd.uscourts.gov/doc1/119022294795?caseid=550383,,,,https://ecf.njd.uscourts.gov/doc1/119022294795?caseid=550383,,,https://www.courtlistener.com/docket/68869775/apple-inc-smartphone-antitrust-litigation/
0082,82,0,2025-05-05,"May 5, 2025","MOTION to Withdraw as Attorney by JOSEPH GIAMANCO. (BARBEE, JONATHAN) (Entered: 05/05/2025)",Main Document,Withdraw as Attorney,0082. (05-05-2025) MOTION to Withdraw as Attorney by JOSEPH GIAMANCO.pdf,FREE_RECAP_PDF_AVAILABLE,1,1,Exact local PDF page count.,121351,3ab78fbce3fdb7fdfcf22387996e5af17f84ee12858e7067bae2744324ca659c,9433d0aa4dc7676bb0133fe99ad0b54852886a78,d25dd1b5395858be1e18f193fcbd2c82,False,"Microsoft Word - Giamanco v. Apple_Motion To Withdraw_Barbee, Jonathan",JBarbee,,PScript5.dll Version 5.2.2,"Acrobat Distiller 25.0 (Windows); modified using iText® Core 7.2.3 (production version) ©2000-2022 iText Group NV, Administrative Office of the United States Courts",D:20250505173904-04'00',D:20250505175048-04'00',https://storage.courtlistener.com/recap/gov.uscourts.njd.550383/gov.uscourts.njd.550383.82.0.pdf,https://storage.courtlistener.com/recap/gov.uscourts.njd.550383/gov.uscourts.njd.550383.82.0.pdf,https://archive.org/download/gov.uscourts.njd.550383/gov.uscourts.njd.550383.82.0.pdf,https://www.courtlistener.com/docket/68869775/82/shoshi-goldfus-v-apple-inc/,https://ecf.njd.uscourts.gov/doc1/119022483563?caseid=550383,$0.10,0.10,https://www.courtlistener.com/docket/68869775/apple-inc-smartphone-antitrust-litigation/
0083,83,0,2025-05-06,"May 6, 2025",LETTER ORDER granting 82 Motion that Jonathan E. Barbee to Withdraw as Attorney for Plaintiff. Attorney JONATHAN E. BARBEE terminated. Signed by Magistrate Judge Leda D. Wettre on 5/6/2025. (sm) (Entered: 05/07/2025),Main Document,Order on Motion to Withdraw as Attorney,0083. (05-06-2025) LETTER ORDER granting 82 Motion that Jonathan E. Barbee to Withdraw as Attorney for Plaintiff. Attor.pdf,PACER_LINK_AVAILABLE,1,,Exact local PDF page count.,195148,5ff90d0c7f0adaf5ee80259ec5077eb9094ebcbb5f0a683fe4cdeae77adcdcfe,e5c5554edd743f64e1f9244b3149ba73cb8ce2c8,d06914e875d296cc70612e779fbc27ac,False,,,,,"iText® Core 7.2.3 (production version) ©2000-2022 iText Group NV, Administrative Office of the United States Courts",,D:20250507162524-04'00',https://ecf.njd.uscourts.gov/doc1/119022493552?caseid=550383,,,,https://ecf.njd.uscourts.gov/doc1/119022493552?caseid=550383,,,https://www.courtlistener.com/docket/68869775/apple-inc-smartphone-antitrust-litigation/
0084,84,0,2025-07-28,"Jul 28, 2025","Letter from James E. Cecchi, Esq. to the Honorable Leda Dunn Wettre, U.S.M.J. Requesting a Case Management Conference. (CECCHI, JAMES) (Entered: 07/28/2025)",Main Document,Letter,"0084. (07-28-2025) Letter from James E. Cecchi, Esq. to the Honorable Leda Dunn Wettre, U.S.M.J. Requesting a Case Mana.pdf",FREE_RECAP_PDF_AVAILABLE,2,2,Exact local PDF page count.,171044,5eda6373514fe2d01064693be1ac34571548ca803722b3518cd3e405e608d9f3,deddea97e319d10d9eae654a7f6b8b9b8a48c905,9c3d5cbee9d9c9473db904fdb9b23f36,False,,,,,"iText® Core 7.2.3 (production version) ©2000-2022 iText Group NV, Administrative Office of the United States Courts",,D:20250728124852-04'00',https://storage.courtlistener.com/recap/gov.uscourts.njd.550383/gov.uscourts.njd.550383.84.0.pdf,https://storage.courtlistener.com/recap/gov.uscourts.njd.550383/gov.uscourts.njd.550383.84.0.pdf,https://archive.org/download/gov.uscourts.njd.550383/gov.uscourts.njd.550383.84.0.pdf,https://www.courtlistener.com/docket/68869775/84/shoshi-goldfus-v-apple-inc/,https://ecf.njd.uscourts.gov/doc1/119022859415?caseid=550383,$0.20,0.20,https://www.courtlistener.com/docket/68869775/apple-inc-smartphone-antitrust-litigation/
0085,85,0,2025-07-30,"Jul 30, 2025","AMENDED DOCUMENT by APPLE INC. SMARTPHONE ANTITRUST LITIGATION. INDIRECT IPHONE PURCHASER PLAINTIFFS' CONSOLIDATED CLASS ACTION COMPLAINT. (KING, STANLEY) (Entered: 07/30/2025)",Main Document,Amended Document (NOT Motion/Complaint),0085. (07-30-2025) AMENDED DOCUMENT by APPLE INC. SMARTPHONE ANTITRUST LITIGATION. INDIRECT IPHONE PURCHASER PLAINTIFFS.pdf,FREE_RECAP_PDF_AVAILABLE,200,>=30,Exact local PDF page count.,1202657,4f66168ef8566bd005cd6544431048049e0569d2f5721d12cc62aeb1d2e03f1c,1a9f01393514f9f893c747d7baaf547913ca7eb6,a573429fee1c374a4a1225d73a25b6d3,False,,Taylor Hollinger,,Microsoft® Word for Microsoft 365,"Microsoft® Word for Microsoft 365; modified using iText® Core 7.2.3 (production version) ©2000-2022 iText Group NV, Administrative Office of the United States Courts",D:20250730141315-04'00',D:20250730152413-04'00',https://storage.courtlistener.com/recap/gov.uscourts.njd.550383/gov.uscourts.njd.550383.85.0.pdf,https://storage.courtlistener.com/recap/gov.uscourts.njd.550383/gov.uscourts.njd.550383.85.0.pdf,https://archive.org/download/gov.uscourts.njd.550383/gov.uscourts.njd.550383.85.0.pdf,https://www.courtlistener.com/docket/68869775/85/shoshi-goldfus-v-apple-inc/,https://ecf.njd.uscourts.gov/doc1/119022871437?caseid=550383,$3.00,3.00,https://www.courtlistener.com/docket/68869775/apple-inc-smartphone-antitrust-litigation/
0086,86,0,2025-07-30,"Jul 30, 2025","AMENDED COMPLAINT Direct Apple Watch Purchaser Plaintiffs' First Amended Class Action Complaint against APPLE, INC., filed by JOSEPH GIAMANCO.(CURTIN, THOMAS) (Entered: 07/30/2025)",Main Document,Amended Complaint,0086. (07-30-2025) AMENDED COMPLAINT Direct Apple Watch Purchaser Plaintiffs First Amended Class Action Complaint agai.pdf,FREE_RECAP_PDF_AVAILABLE,98,>=30,Exact local PDF page count.,581406,9c1978fa50ee62a3a0cb717637ec669f0de07baf9607144fccfc1abafeb015f7,09106632d2bc7135167643ca07cbd7b80920d8b2,a8ec97f7dff532d7c075a1e1f02c1148,False,,,,,"iText® Core 7.2.3 (production version) ©2000-2022 iText Group NV, Administrative Office of the United States Courts",,D:20250730153414-04'00',https://storage.courtlistener.com/recap/gov.uscourts.njd.550383/gov.uscourts.njd.550383.86.0.pdf,https://storage.courtlistener.com/recap/gov.uscourts.njd.550383/gov.uscourts.njd.550383.86.0.pdf,https://archive.org/download/gov.uscourts.njd.550383/gov.uscourts.njd.550383.86.0.pdf,https://www.courtlistener.com/docket/68869775/86/shoshi-goldfus-v-apple-inc/,https://ecf.njd.uscourts.gov/doc1/119022871583?caseid=550383,$3.00,3.00,https://www.courtlistener.com/docket/68869775/apple-inc-smartphone-antitrust-litigation/
0087,87,0,2025-07-30,"Jul 30, 2025","AMENDED COMPLAINT - Direct iPhone Purchaser Consolidated Class Action Complaint against APPLE, INC., filed by DEANNA SIANO, DEBORAH COLLINS, SHOSHI GOLDFUS, JAMES COLLINS.(CECCHI, JAMES) (Entered: 07/30/2025)",Main Document,Amended Complaint,"0087. (07-30-2025) AMENDED COMPLAINT - Direct iPhone Purchaser Consolidated Class Action Complaint against APPLE, INC.pdf",FREE_RECAP_PDF_AVAILABLE,91,>=30,Exact local PDF page count.,899800,b65b98aaa484d3f82a18c777ac61dcdebce4a40b99c1fadf07e5143ee8b434a4,a5f05685f46b6393e901592e2c215a74fa8e23ed,d18d33df22f7600e2e1d2868a374c3fe,False,,,,,"iText® Core 7.2.3 (production version) ©2000-2022 iText Group NV, Administrative Office of the United States Courts",,D:20250730180203-04'00',https://storage.courtlistener.com/recap/gov.uscourts.njd.550383/gov.uscourts.njd.550383.87.0.pdf,https://storage.courtlistener.com/recap/gov.uscourts.njd.550383/gov.uscourts.njd.550383.87.0.pdf,https://archive.org/download/gov.uscourts.njd.550383/gov.uscourts.njd.550383.87.0.pdf,https://www.courtlistener.com/docket/68869775/87/shoshi-goldfus-v-apple-inc/,https://ecf.njd.uscourts.gov/doc1/119022873087?caseid=550383,$3.00,3.00,https://www.courtlistener.com/docket/68869775/apple-inc-smartphone-antitrust-litigation/
0088,88,0,2025-07-31,"Jul 31, 2025","Letter from Liza M. Walsh to the Honorable Leda D. Wettre, U.S.M.J. re 84 Letter. (WALSH, LIZA) (Entered: 07/31/2025)",Main Document,Letter,"0088. (07-31-2025) Letter from Liza M. Walsh to the Honorable Leda D. Wettre, U.S.M.J. re 84 Letter.pdf",PACER_LINK_AVAILABLE,2,,Exact local PDF page count.,262088,24267d9b1b18c95f68c251efa82f64627b9cef83517dd4935ef2d5c4d7e8373e,c31c7a44106e6e9669a5336374689d5c4d4e7940,57997eb27a9b8b8855a5451e1125ed39,False,,,,Aspose Pty Ltd.,"Aspose.PDF for .NET 24.2.0; modified using iText® Core 7.2.3 (production version) ©2000-2022 iText Group NV, Administrative Office of the United States Courts",D:20250731203400-04'00',D:20250731203856-04'00',https://ecf.njd.uscourts.gov/doc1/119022879020?caseid=550383,,,,https://ecf.njd.uscourts.gov/doc1/119022879020?caseid=550383,,,https://www.courtlistener.com/docket/68869775/apple-inc-smartphone-antitrust-litigation/
0089,89,0,2025-08-08,"Aug 8, 2025","Letter from James E. Cecchi, Esq. to the Honorable Julien Xavier Neals, U.S.D.J. in Reply to Defendant's Letter and Requesting Rule 16 Conference re 88 Letter. (CECCHI, JAMES) (Entered: 08/08/2025)",Main Document,Letter,"0089. (08-08-2025) Letter from James E. Cecchi, Esq. to the Honorable Julien Xavier Neals, U.S.D.J. in Reply to Defenda.pdf",FREE_RECAP_PDF_AVAILABLE,2,2,Exact local PDF page count.,243948,2b002dfb07b3d11eb2b82a1264dc1678d562eb616021cf559f8092c2dbfc469d,d1d8374ad84cdbe3cd420a5c1d52ed50064c8899,762212c3118907486e5ca8f2b1542e9a,False,,,,,"iText® Core 7.2.3 (production version) ©2000-2022 iText Group NV, Administrative Office of the United States Courts",,D:20250808122940-04'00',https://storage.courtlistener.com/recap/gov.uscourts.njd.550383/gov.uscourts.njd.550383.89.0.pdf,https://storage.courtlistener.com/recap/gov.uscourts.njd.550383/gov.uscourts.njd.550383.89.0.pdf,https://archive.org/download/gov.uscourts.njd.550383/gov.uscourts.njd.550383.89.0.pdf,https://www.courtlistener.com/docket/68869775/89/shoshi-goldfus-v-apple-inc/,https://ecf.njd.uscourts.gov/doc1/119022913460?caseid=550383,$0.20,0.20,https://www.courtlistener.com/docket/68869775/apple-inc-smartphone-antitrust-litigation/
0090,90,0,2025-08-11,"Aug 11, 2025","Letter from Liza M. Walsh to the Honorable Julien X. Neals, U.S.D.J., re Proposed Schedule for Pre-Motion Letters. (WALSH, LIZA) (Entered: 08/11/2025)",Main Document,Letter,"0090. (08-11-2025) Letter from Liza M. Walsh to the Honorable Julien X. Neals, U.S.D.J., re Proposed Schedule for Pre-M.pdf",PACER_LINK_AVAILABLE,2,,Exact local PDF page count.,258096,2932d07087beb8b2cbc053636ad15a95165f667d88f7765cf570ab32522f688c,8310e55d38f9529e5a54c174c54114e99aaf5d11,b3c5a240557541a5b61462c35d304fca,False,,Lauren Malakoff,,Acrobat PDFMaker 25 for Word,"Adobe PDF Library 25.1.97; modified using iText® Core 7.2.3 (production version) ©2000-2022 iText Group NV, Administrative Office of the United States Courts",D:20250811182657-04'00',D:20250811183919-04'00',https://ecf.njd.uscourts.gov/doc1/119022923073?caseid=550383,,,,https://ecf.njd.uscourts.gov/doc1/119022923073?caseid=550383,,,https://www.courtlistener.com/docket/68869775/apple-inc-smartphone-antitrust-litigation/
0091,91,0,2025-08-12,"Aug 12, 2025","LETTER ORDER Granting Proposed Schedule for Pre-Motion Letters; Apple Pre-motion letter due on or before 8/15/2025; Plaintiff response due on or before 8/22/2025. Signed by Judge Julien Xavier Neals on 8/12/2025. (kes, ) (Entered: 08/12/2025)",Main Document,Order,0091. (08-12-2025) LETTER ORDER Granting Proposed Schedule for Pre-Motion Letters Apple Pre-motion letter due on or be.pdf,FREE_RECAP_PDF_AVAILABLE,2,2,Exact local PDF page count.,72654,5ba7bb641ec29e6dd7125de40254367d77ecc48be0cda8b3d0b6460b1797b956,6d5692d24a93e0b936a16e864afddf10c8e36ce1,c122739bc788d14f230f87b725968422,False,,,,RICOH IM C4500,"RICOH IM C4500; modified using iText® Core 7.2.3 (production version) ©2000-2022 iText Group NV, Administrative Office of the United States Courts",D:20250812110802-04'00',D:20250812115735-04'00',https://storage.courtlistener.com/recap/gov.uscourts.njd.550383/gov.uscourts.njd.550383.91.0.pdf,https://storage.courtlistener.com/recap/gov.uscourts.njd.550383/gov.uscourts.njd.550383.91.0.pdf,https://archive.org/download/gov.uscourts.njd.550383/gov.uscourts.njd.550383.91.0.pdf,https://www.courtlistener.com/docket/68869775/91/shoshi-goldfus-v-apple-inc/,https://ecf.njd.uscourts.gov/doc1/119022925662?caseid=550383,$0.20,0.20,https://www.courtlistener.com/docket/68869775/apple-inc-smartphone-antitrust-litigation/
0092,92,0,2025-08-13,"Aug 13, 2025","Letter from Liza M. Walsh to the Hon. Julien X. Neals, U.S.D.J., and the Hon. Leda D. Wettre, U.S.M.J. re 89 Letter. (WALSH, LIZA) (Entered: 08/13/2025)",Main Document,Letter,"0092. (08-13-2025) Letter from Liza M. Walsh to the Hon. Julien X. Neals, U.S.D.J., and the Hon. Leda D. Wettre, U.S.M.pdf",PACER_LINK_AVAILABLE,1,,Exact local PDF page count.,245232,4180ef85658c681ccfdf8c80db070b71660dd90008287fd3220e2e039a27d3ad,d2edcbcb71edcaa698ea00efde2c01a6aa905140,a62f91c1a29d600ce9a225c3f5b6ff08,False,,Lauren Malakoff,,Acrobat PDFMaker 25 for Word,"Adobe PDF Library 25.1.97; modified using iText® Core 7.2.3 (production version) ©2000-2022 iText Group NV, Administrative Office of the United States Courts",D:20250813215633-04'00',D:20250813220012-04'00',https://ecf.njd.uscourts.gov/doc1/119022935393?caseid=550383,,,,https://ecf.njd.uscourts.gov/doc1/119022935393?caseid=550383,,,https://www.courtlistener.com/docket/68869775/apple-inc-smartphone-antitrust-litigation/
0093,93,0,2025-08-15,"Aug 15, 2025","MDL TEXT ORDER - The parties shall appear for an in-person initial case management conference before the Hon. Julien X. Neals, U.S.D.J. and the Hon. Leda D. Wettre, U.S.M.J. on September 16, 2025 at 12:00 p.m. in Courtroom 5D of the Martin Luther King Jr. Federal Building and U.S. Courthouse. On or before September 5, 2025, the parties shall submit a joint agenda letter that identifies issues to be addressed at the conference and that sets forth, briefly, disputed issues that the parties have been unable to resolve despite ample, good-faith meet and confer sessions. So Ordered by Magistrate Judge Leda D. Wettre on 8/15/2025. (rn) (Entered: 08/15/2025)",Main Document,,,NO_PUBLIC_PDF_LINK,,,Price not displayed; page count unknown.,,,,,,,,,,,,,,,,,,,,https://www.courtlistener.com/docket/68869775/apple-inc-smartphone-antitrust-litigation/
0094,94,0,2025-08-15,"Aug 15, 2025","Letter from Liza M. Walsh to the Honorable Julien X. Neals, U.S.D.J., requesting a pre-motion conference. (WALSH, LIZA) (Entered: 08/15/2025)",Main Document,Letter,"0094. (08-15-2025) Letter from Liza M. Walsh to the Honorable Julien X. Neals, U.S.D.J., requesting a pre-motion confer.pdf",PACER_LINK_AVAILABLE,7,,Exact local PDF page count.,344792,0cd5536cff214ec3c93d7ae5d120fb98c61fa1bcee140fd49f91e8ffef0f4fc5,87661ff639161e08df8e82f0bd7f6bb016dba1c3,ec1feafb0edbab07d5183b8c2ac59d11,False,,,,Aspose Pty Ltd.,"Aspose.PDF for .NET 24.2.0; modified using iText® Core 7.2.3 (production version) ©2000-2022 iText Group NV, Administrative Office of the United States Courts",D:20250815195914-04'00',D:20250815202102-04'00',https://ecf.njd.uscourts.gov/doc1/119022944758?caseid=550383,,,,https://ecf.njd.uscourts.gov/doc1/119022944758?caseid=550383,,,https://www.courtlistener.com/docket/68869775/apple-inc-smartphone-antitrust-litigation/
0095,95,0,2025-08-15,"Aug 15, 2025","Letter from Liza M. Walsh to the Honorable Julien X. Neals, U.S.D.J., requesting a pre-motion conference (corrected). (WALSH, LIZA) (Entered: 08/15/2025)",Main Document,Letter,"0095. (08-15-2025) Letter from Liza M. Walsh to the Honorable Julien X. Neals, U.S.D.J., requesting a pre-motion confer.pdf",PACER_LINK_AVAILABLE,7,,Exact local PDF page count.,344863,52dc424659dd676aea7b9efc0df4fa093da90fc4e5cbcfc926e0c1e095c53fe9,5adfbdd11fd928ad9252ae9569f606ea7f403174,3f7d97de28e2fa36df582aa43ac3a646,False,,,,Aspose Pty Ltd.,"Aspose.PDF for .NET 24.2.0; modified using iText® Core 7.2.3 (production version) ©2000-2022 iText Group NV, Administrative Office of the United States Courts",D:20250815212534-04'00',D:20250815213620-04'00',https://ecf.njd.uscourts.gov/doc1/119022944830?caseid=550383,,,,https://ecf.njd.uscourts.gov/doc1/119022944830?caseid=550383,,,https://www.courtlistener.com/docket/68869775/apple-inc-smartphone-antitrust-litigation/
0096,96,0,2025-08-20,"Aug 20, 2025","NOTICE of Appearance by DANIEL EPSTEIN on behalf of JOSEPH GIAMANCO (EPSTEIN, DANIEL) (Entered: 08/20/2025)",Main Document,Notice of Appearance,0096. (08-20-2025) NOTICE of Appearance by DANIEL EPSTEIN on behalf of JOSEPH GIAMANCO.pdf,FREE_RECAP_PDF_AVAILABLE,1,1,Exact local PDF page count.,262492,124b38167f6241f75aa44768b18d106cea531ecd03f474073ab51a2d37a3520f,868adb4147800d60c2cb85b1e714787ca3868e3f,8edbbd33bfc6050c3e6dfd4c3bcef0af,False,,,,,"iText® Core 7.2.3 (production version) ©2000-2022 iText Group NV, Administrative Office of the United States Courts",,D:20250820134949-04'00',https://storage.courtlistener.com/recap/gov.uscourts.njd.550383/gov.uscourts.njd.550383.96.0.pdf,https://storage.courtlistener.com/recap/gov.uscourts.njd.550383/gov.uscourts.njd.550383.96.0.pdf,https://archive.org/download/gov.uscourts.njd.550383/gov.uscourts.njd.550383.96.0.pdf,https://www.courtlistener.com/docket/68869775/96/shoshi-goldfus-v-apple-inc/,https://ecf.njd.uscourts.gov/doc1/119022957405?caseid=550383,$0.10,0.10,https://www.courtlistener.com/docket/68869775/apple-inc-smartphone-antitrust-litigation/
0097,97,0,2025-08-21,"Aug 21, 2025","Order of MDL Panel transferring certain actions to this court. (krg, ) (Entered: 08/21/2025)",Main Document,MDL Transfer Order (in),0097. (08-21-2025) Order of MDL Panel transferring certain actions to this court.pdf,FREE_RECAP_PDF_AVAILABLE,2,2,Exact local PDF page count.,635187,8e5105033459e6784265997af4f8277992c21589e39597cb024c38db388afdfd,afc7c04497492e76c2ab91ac4388aca0d88d2db1,a4e0271906d67c62425b6247ac6d06a9,False,chrome-extension___mhjfbmdgcfjbbpaeojofohoefgiehjai_edge_pdf_index.html,Chelsea Thomas,,,"Microsoft: Print To PDF; modified using iText® Core 7.2.3 (production version) ©2000-2022 iText Group NV, Administrative Office of the United States Courts; modified using iText® Core 7.2.3 (production version) ©2000-2022 iText Group NV, Administrative Office of the United States Courts; modified using iText® Core 7.2.3 (production version) ©2000-2022 iText Group NV, Administrative Office of the United States Courts",D:20250811125717-04'00',D:20250821164308-04'00',https://storage.courtlistener.com/recap/gov.uscourts.njd.550383/gov.uscourts.njd.550383.97.0.pdf,https://storage.courtlistener.com/recap/gov.uscourts.njd.550383/gov.uscourts.njd.550383.97.0.pdf,https://archive.org/download/gov.uscourts.njd.550383/gov.uscourts.njd.550383.97.0.pdf,https://www.courtlistener.com/docket/68869775/97/shoshi-goldfus-v-apple-inc/,https://ecf.njd.uscourts.gov/doc1/119022963909?caseid=550383,$0.20,0.20,https://www.courtlistener.com/docket/68869775/apple-inc-smartphone-antitrust-litigation/
0098,98,0,2025-08-22,"Aug 22, 2025","Letter from James E. Cecchi, Esq. to the Honorable Julien Xavier Neals, U.S.D.J. On Behalf of All Tracks in Response to Apple's Pre-Motion Letter re 95 Letter. (CECCHI, JAMES) (Entered: 08/22/2025)",Main Document,Letter,"0098. (08-22-2025) Letter from James E. Cecchi, Esq. to the Honorable Julien Xavier Neals, U.S.D.J. On Behalf of All Tr.pdf",FREE_RECAP_PDF_AVAILABLE,10,10,Exact local PDF page count.,309124,e6ecad9c5b3796b7a7db52d95ddf5c8282af2e149328489a63447fcf8957a4c9,81c9710f95a1da88e8cfb397bd9427d05309aa0c,a09fb73b4fdaf3147db4cff704907d90,False,,,,,"iText® Core 7.2.3 (production version) ©2000-2022 iText Group NV, Administrative Office of the United States Courts",,D:20250822173026-04'00',https://storage.courtlistener.com/recap/gov.uscourts.njd.550383/gov.uscourts.njd.550383.98.0.pdf,https://storage.courtlistener.com/recap/gov.uscourts.njd.550383/gov.uscourts.njd.550383.98.0.pdf,https://archive.org/download/gov.uscourts.njd.550383/gov.uscourts.njd.550383.98.0.pdf,https://www.courtlistener.com/docket/68869775/98/shoshi-goldfus-v-apple-inc/,https://ecf.njd.uscourts.gov/doc1/119022968433?caseid=550383,$1.00,1.00,https://www.courtlistener.com/docket/68869775/apple-inc-smartphone-antitrust-litigation/
0099,99,0,2025-09-05,"Sep 5, 2025","MDL TEXT ORDER - This matter comes before the Court upon the pre-motion letter filed by Defendant Apple Inc. requesting a pre-motion conference prior to moving to dismiss the claims raised by the Direct iPhone Purchaser Plaintiff Class (""DIP""), Indirect iPhone Purchaser Plaintiff Class (""IIP""), and Direct Apple Watch Purchaser Plaintiff Class (""DAWP""), under Federal Rules of Civil Procedure 12(b)(1) and 12(b)(6). (ECF No. 95 ). Having reviewed the parties' submissions, including the DIP, IIP, and DAWP's response (ECF No. 98 ), the Court will address the issues identified therein during the in-person initial case management conference scheduled on Tuesday, September 16, 2025 at 12:00 p.m. in Courtroom 5D of the Martin Luther King Jr. Federal Building and U.S. Courthouse.So Ordered by Judge Julien Xavier Neals on 9/5/2025. (kd) (Entered: 09/05/2025)",Main Document,,,NO_PUBLIC_PDF_LINK,,,Price not displayed; page count unknown.,,,,,,,,,,,,,,,,,,,,https://www.courtlistener.com/docket/68869775/apple-inc-smartphone-antitrust-litigation/
0100,100,0,2025-09-05,"Sep 5, 2025","Letter from Liza M. Walsh to the Hon. Julien X. Neals, U.S.D.J., and the Hon. Leda D. Wettre, U.S.M.J., re joint agenda for initial case management conference. (Attachments: # 1 Exhibit A, # 2 Exhibit B)(WALSH, LIZA) (Entered: 09/05/2025)",Main Document,Letter,"0100. (09-05-2025) Letter from Liza M. Walsh to the Hon. Julien X. Neals, U.S.D.J., and the Hon. Leda D. Wettre, U.S.M.pdf",FREE_RECAP_PDF_AVAILABLE,15,15,Exact local PDF page count.,402747,46d2ef3878d17fbec3b1947bc34722ee295a3c00990ec4b3a25076ae908ce2a1,0c4867a5ab95ca7e690084d0f5c79742ebdc50a8,d75681471f61d93b69521bebd32a1cef,False,,"Anderson, Brian W.",,Acrobat PDFMaker 25 for Word,"Adobe PDF Library 25.1.163; modified using iText® Core 7.2.3 (production version) ©2000-2022 iText Group NV, Administrative Office of the United States Courts",D:20250905200526-04'00',D:20250905202105-04'00',https://storage.courtlistener.com/recap/gov.uscourts.njd.550383/gov.uscourts.njd.550383.100.0.pdf,https://storage.courtlistener.com/recap/gov.uscourts.njd.550383/gov.uscourts.njd.550383.100.0.pdf,https://archive.org/download/gov.uscourts.njd.550383/gov.uscourts.njd.550383.100.0.pdf,https://www.courtlistener.com/docket/68869775/100/shoshi-goldfus-v-apple-inc/,https://ecf.njd.uscourts.gov/doc1/119023012413?caseid=550383,$1.50,1.50,https://www.courtlistener.com/docket/68869775/apple-inc-smartphone-antitrust-litigation/
0100-001,100,1,2025-09-05,"Sep 5, 2025","Letter from Liza M. Walsh to the Hon. Julien X. Neals, U.S.D.J., and the Hon. Leda D. Wettre, U.S.M.J., re joint agenda for initial case management conference. (Attachments: # 1 Exhibit A, # 2 Exhibit B)(WALSH, LIZA) (Entered: 09/05/2025)",Attachment 1,Exhibit A,0100-001. (09-05-2025) Exhibit A.pdf,FREE_RECAP_PDF_AVAILABLE,39,>=30,Exact local PDF page count.,419896,91cf455455c8ebea26730d7963a41685b1619e1346b04916bdfa478928ee3f3f,4e6176bf916fcd8b34e39a2d899007a813f8d35e,077a35738b66fcb2ea3a075be3cfb066,False,,"Anderson, Brian W.",,Acrobat PDFMaker 25 for Word,"Adobe PDF Library 25.1.143; modified using iText® Core 7.2.3 (production version) ©2000-2022 iText Group NV, Administrative Office of the United States Courts",D:20250905154030-07'00',D:20250905202413-04'00',https://storage.courtlistener.com/recap/gov.uscourts.njd.550383/gov.uscourts.njd.550383.100.1.pdf,https://storage.courtlistener.com/recap/gov.uscourts.njd.550383/gov.uscourts.njd.550383.100.1.pdf,https://archive.org/download/gov.uscourts.njd.550383/gov.uscourts.njd.550383.100.1.pdf,https://www.courtlistener.com/docket/68869775/100/1/shoshi-goldfus-v-apple-inc/,https://ecf.njd.uscourts.gov/doc1/119023012414?caseid=550383,$3.00,3.00,https://www.courtlistener.com/docket/68869775/apple-inc-smartphone-antitrust-litigation/
0100-002,100,2,2025-09-05,"Sep 5, 2025","Letter from Liza M. Walsh to the Hon. Julien X. Neals, U.S.D.J., and the Hon. Leda D. Wettre, U.S.M.J., re joint agenda for initial case management conference. (Attachments: # 1 Exhibit A, # 2 Exhibit B)(WALSH, LIZA) (Entered: 09/05/2025)",Attachment 2,Exhibit B,0100-002. (09-05-2025) (Exhibit B).pdf,FREE_RECAP_PDF_AVAILABLE,33,>=30,Exact local PDF page count.,595580,102466c11c376b0a99f385d50af4c14e93835d5fcc0829d2e07dc292424a7b9b,a8ed207d4d58e302d570f083f61289ab251ddd87,47095ae49d068a4b1313542dd5289a46,False,,,,Acrobat PDFMaker 25 for Word,"Adobe PDF Library 25.1.143; modified using iText® Core 7.2.3 (production version) ©2000-2022 iText Group NV, Administrative Office of the United States Courts",D:20250905154227-07'00',D:20250905202436-04'00',https://storage.courtlistener.com/recap/gov.uscourts.njd.550383/gov.uscourts.njd.550383.100.2.pdf,https://storage.courtlistener.com/recap/gov.uscourts.njd.550383/gov.uscourts.njd.550383.100.2.pdf,https://archive.org/download/gov.uscourts.njd.550383/gov.uscourts.njd.550383.100.2.pdf,https://www.courtlistener.com/docket/68869775/100/2/shoshi-goldfus-v-apple-inc/,https://ecf.njd.uscourts.gov/doc1/119023012415?caseid=550383,$3.00,3.00,https://www.courtlistener.com/docket/68869775/apple-inc-smartphone-antitrust-litigation/
0101,101,0,2025-09-08,"Sep 8, 2025","Letter from Stanley O. King re 85 Amended Document. (Attachments: # 1 Proposed Corrected Complaint (Red Line Version), # 2 Proposed Corrected Complaint (Clean Version), # 3 Text of Proposed Order)(KING, STANLEY) (Entered: 09/08/2025)",Main Document,Letter,0101. (09-08-2025) Letter from Stanley O. King re 85 Amended Document.pdf,FREE_RECAP_PDF_AVAILABLE,1,1,Exact local PDF page count.,316621,f9d8a595923401203a0cf0d3a82da395c06c8792748702e4c9a3725f1ea533a1,db6a99f934dc0d2a06fa23fd3dd13a6bffd434dc,c02b23c491d510410816128856c63a30,False,,Janis,,Microsoft® Word for Microsoft 365,"Microsoft® Word for Microsoft 365; modified using iText® Core 7.2.3 (production version) ©2000-2022 iText Group NV, Administrative Office of the United States Courts",D:20250902173248-04'00',D:20250908132538-04'00',https://storage.courtlistener.com/recap/gov.uscourts.njd.550383/gov.uscourts.njd.550383.101.0.pdf,https://storage.courtlistener.com/recap/gov.uscourts.njd.550383/gov.uscourts.njd.550383.101.0.pdf,https://archive.org/download/gov.uscourts.njd.550383/gov.uscourts.njd.550383.101.0.pdf,https://www.courtlistener.com/docket/68869775/101/shoshi-goldfus-v-apple-inc/,https://ecf.njd.uscourts.gov/doc1/119023014999?caseid=550383,$0.10,0.10,https://www.courtlistener.com/docket/68869775/apple-inc-smartphone-antitrust-litigation/
0101-001,101,1,2025-09-08,"Sep 8, 2025","Letter from Stanley O. King re 85 Amended Document. (Attachments: # 1 Proposed Corrected Complaint (Red Line Version), # 2 Proposed Corrected Complaint (Clean Version), # 3 Text of Proposed Order)(KING, STANLEY) (Entered: 09/08/2025)",Attachment 1,Proposed Corrected Complaint (Red Line Version),0101-001. (09-08-2025) Proposed Corrected Complaint (Red Line Version).pdf,PACER_LINK_AVAILABLE,200,>=30,Exact local PDF page count.,775965,2e5b6190a2b7c57d20bb319fae4b6209da1fddf350c35e387ca8a54680c3dea7,5b5456178f0ade8075471837b2e3591840c9a7b0,9f1556d58b20349a8477fc3693c9cb00,False,Microsoft Word - 2025-09-08 IPP Corrected CCAC (REDLINE).docx,GerriMDeMarshall,,PScript5.dll Version 5.2.2,"Acrobat Distiller 25.0 (Windows); modified using iText® Core 7.2.3 (production version) ©2000-2022 iText Group NV, Administrative Office of the United States Courts",D:20250908110559-04'00',D:20250908132611-04'00',https://ecf.njd.uscourts.gov/doc1/119023015000?caseid=550383,,,,https://ecf.njd.uscourts.gov/doc1/119023015000?caseid=550383,$3.00,3.00,https://www.courtlistener.com/docket/68869775/apple-inc-smartphone-antitrust-litigation/
0101-002,101,2,2025-09-08,"Sep 8, 2025","Letter from Stanley O. King re 85 Amended Document. (Attachments: # 1 Proposed Corrected Complaint (Red Line Version), # 2 Proposed Corrected Complaint (Clean Version), # 3 Text of Proposed Order)(KING, STANLEY) (Entered: 09/08/2025)",Attachment 2,Proposed Corrected Complaint (Clean Version),0101-002. (09-08-2025) Proposed Corrected Complaint (Clean Version).pdf,PACER_LINK_AVAILABLE,200,>=30,Exact local PDF page count.,762064,1d76708d4403ac7b1fd337ad7461eae12c6ffd46c4d70686e9b88bab589f49ed,bf91500e01eb6fd4b01a5079e98ef9103bdd911c,a53dee5e37510af19035752d6346692f,False,Microsoft Word - 2025-09-08 IPP Corrected CCAC (CLEAN).docx,GerriMDeMarshall,,PScript5.dll Version 5.2.2,"Acrobat Distiller 25.0 (Windows); modified using iText® Core 7.2.3 (production version) ©2000-2022 iText Group NV, Administrative Office of the United States Courts",D:20250908111247-04'00',D:20250908132633-04'00',https://ecf.njd.uscourts.gov/doc1/119023015001?caseid=550383,,,,https://ecf.njd.uscourts.gov/doc1/119023015001?caseid=550383,$3.00,3.00,https://www.courtlistener.com/docket/68869775/apple-inc-smartphone-antitrust-litigation/
0101-003,101,3,2025-09-08,"Sep 8, 2025","Letter from Stanley O. King re 85 Amended Document. (Attachments: # 1 Proposed Corrected Complaint (Red Line Version), # 2 Proposed Corrected Complaint (Clean Version), # 3 Text of Proposed Order)(KING, STANLEY) (Entered: 09/08/2025)",Attachment 3,Text of Proposed Order,0101-003. (09-08-2025) (Text of Proposed Order).pdf,PACER_LINK_AVAILABLE,1,1,Exact local PDF page count.,119458,51bbed719d161b2bef413658c3ed0218cf3d6d9f878f0bfc31a2d3082a698f8d,bf282e8808cecd5d7a823ffef55f862085c40c68,243690acc8e7676b2e3ad58b59573d17,False,,Alicia Sandoval,,Acrobat PDFMaker 25 for Word,"Adobe PDF Library 25.1.163; modified using iText® Core 7.2.3 (production version) ©2000-2022 iText Group NV, Administrative Office of the United States Courts",D:20250908110247-04'00',D:20250908132656-04'00',https://ecf.njd.uscourts.gov/doc1/119023015002?caseid=550383,,,,https://ecf.njd.uscourts.gov/doc1/119023015002?caseid=550383,$0.10,0.10,https://www.courtlistener.com/docket/68869775/apple-inc-smartphone-antitrust-litigation/
0102,102,0,2025-09-09,"Sep 9, 2025","NOTICE of Appearance by FRAZAR THOMAS on behalf of DEBORAH COLLINS, JAMES COLLINS, SHOSHI GOLDFUS, DEANNA SIANO (THOMAS, FRAZAR) (Entered: 09/09/2025)",Main Document,Notice of Appearance,"0102. (09-09-2025) NOTICE of Appearance by FRAZAR THOMAS on behalf of DEBORAH COLLINS, JAMES COLLINS, SHOSHI GOLDFUS, D.pdf",PACER_LINK_AVAILABLE,1,,Exact local PDF page count.,108327,2b73e87074a2dfeb99056504d62bf2c2bc477c0faa79675111317e21c11fe827,2fc32c750d9db6c374e90d5066c6adcbb85c3533,3ecc89a417c1d000797b48d85a46d587,False,Microsoft Word - Notice of Appearance - Frazar Thomas,FThomas,,PScript5.dll Version 5.2.2,"Acrobat Distiller 25.0 (Windows); modified using iText® Core 7.2.3 (production version) ©2000-2022 iText Group NV, Administrative Office of the United States Courts",D:20250909151646-04'00',D:20250909152736-04'00',https://ecf.njd.uscourts.gov/doc1/119023022031?caseid=550383,,,,https://ecf.njd.uscourts.gov/doc1/119023022031?caseid=550383,,,https://www.courtlistener.com/docket/68869775/apple-inc-smartphone-antitrust-litigation/
0103,103,0,2025-09-09,"Sep 9, 2025","NOTICE of Appearance by JORDAN M. STEELE on behalf of DEBORAH COLLINS, JAMES COLLINS, SHOSHI GOLDFUS, DEANNA SIANO (STEELE, JORDAN) (Entered: 09/09/2025)",Main Document,Notice of Appearance,"0103. (09-09-2025) NOTICE of Appearance by JORDAN M. STEELE on behalf of DEBORAH COLLINS, JAMES COLLINS, SHOSHI GOLDFUS.pdf",PACER_LINK_AVAILABLE,1,,Exact local PDF page count.,124857,4666ee49d86195389e3973b11fc5e45ddebcd2484d9276270693e6102c304f0a,75fb3f151248e1cd2e318483e6192a9b17aa115d,21d1e2bc00f72f11e6c29edc69fc48cd,False,,,,,"iText® Core 7.2.3 (production version) ©2000-2022 iText Group NV, Administrative Office of the United States Courts",,D:20250909184149-04'00',https://ecf.njd.uscourts.gov/doc1/119023023452?caseid=550383,,,,https://ecf.njd.uscourts.gov/doc1/119023023452?caseid=550383,,,https://www.courtlistener.com/docket/68869775/apple-inc-smartphone-antitrust-litigation/
0104,104,0,2025-09-10,"Sep 10, 2025",ORDER Granting Leave to File Corrected Consolidated Class Action Complaint within five (5) days of the date of this Order. Signed by Magistrate Judge Leda D. Wettre on 9/9/2025. (amv) (Entered: 09/10/2025),Main Document,Order,0104. (09-10-2025) ORDER Granting Leave to File Corrected Consolidated Class Action Complaint within five (5) days of t.pdf,PACER_LINK_AVAILABLE,1,,Exact local PDF page count.,173836,e45b44ae847bdb7ca5031283d8408368601186e03330692ebb8e0555c589d452,2826987b7cc8675a6193dec9e8f1a1da9f88dd5a,172ea5f47aded6e7fab8e81b0deaf3b9,False,,,,,"iText® Core 7.2.3 (production version) ©2000-2022 iText Group NV, Administrative Office of the United States Courts",,D:20250910103529-04'00',https://ecf.njd.uscourts.gov/doc1/119023024687?caseid=550383,,,,https://ecf.njd.uscourts.gov/doc1/119023024687?caseid=550383,,,https://www.courtlistener.com/docket/68869775/apple-inc-smartphone-antitrust-litigation/
0105,105,0,2025-09-11,"Sep 11, 2025","NOTICE of Appearance by TRACIE LYNN BRYANT on behalf of APPLE, INC. (BRYANT, TRACIE) (Entered: 09/11/2025)",Main Document,Notice of Appearance,"0105. (09-11-2025) NOTICE of Appearance by TRACIE LYNN BRYANT on behalf of APPLE, INC.pdf",PACER_LINK_AVAILABLE,1,,Exact local PDF page count.,141831,d0b474031b1972cac0a0597539b519eb7a379acf58c5d40b9367aa067c90e95b,42bc813fffdd0b169870f7642013b809a4d20dfc,54c01de1dd47bafd7d44ba5bbe436c47,False,,,,,"iText® Core 7.2.3 (production version) ©2000-2022 iText Group NV, Administrative Office of the United States Courts",,D:20250911093857-04'00',https://ecf.njd.uscourts.gov/doc1/119023029008?caseid=550383,,,,https://ecf.njd.uscourts.gov/doc1/119023029008?caseid=550383,,,https://www.courtlistener.com/docket/68869775/apple-inc-smartphone-antitrust-litigation/
0106,106,0,2025-09-11,"Sep 11, 2025","NOTICE of Appearance by STEPHEN A. TENSMEYER on behalf of APPLE, INC. (TENSMEYER, STEPHEN) (Entered: 09/11/2025)",Main Document,Notice of Appearance,"0106. (09-11-2025) NOTICE of Appearance by STEPHEN A. TENSMEYER on behalf of APPLE, INC.pdf",PACER_LINK_AVAILABLE,1,,Exact local PDF page count.,141239,802c2f76ef9194f07a0eccbeac720c8a83eabd68dd1ee34ad379c82807bf2412,0d77a3b39abad1e8a42cccf1bce9fba94a14598f,79913735cb1a4eea1ea10d2b38e74b3c,False,,,,,"iText® Core 7.2.3 (production version) ©2000-2022 iText Group NV, Administrative Office of the United States Courts",,D:20250911094025-04'00',https://ecf.njd.uscourts.gov/doc1/119023029011?caseid=550383,,,,https://ecf.njd.uscourts.gov/doc1/119023029011?caseid=550383,,,https://www.courtlistener.com/docket/68869775/apple-inc-smartphone-antitrust-litigation/
0107,107,0,2025-09-11,"Sep 11, 2025","NOTICE of Appearance by SOOWAN CHOI on behalf of APPLE, INC. (CHOI, SOOWAN) (Entered: 09/11/2025)",Main Document,Notice of Appearance,"0107. (09-11-2025) NOTICE of Appearance by SOOWAN CHOI on behalf of APPLE, INC.pdf",PACER_LINK_AVAILABLE,1,,Exact local PDF page count.,142709,87f3bdf2b60c08e2299c51dcf5cf6d096aa340710f9e9a591f37be42152bf854,9f985b49042700dcf114c51742d8b004d8ae4316,e084326b8baf062dca2a581522ba9bdf,False,,,,,"iText® Core 7.2.3 (production version) ©2000-2022 iText Group NV, Administrative Office of the United States Courts",,D:20250911094111-04'00',https://ecf.njd.uscourts.gov/doc1/119023029025?caseid=550383,,,,https://ecf.njd.uscourts.gov/doc1/119023029025?caseid=550383,,,https://www.courtlistener.com/docket/68869775/apple-inc-smartphone-antitrust-litigation/
0108,108,0,2025-09-11,"Sep 11, 2025","MDL TEXT ORDER - The Court will open a telephone conference line for the Initial Case Management Conference set for 9/16/2025 at 12:00 pm, for those wishing to just listen to the conference, as follows: participants will dial (855) 244-8681 and the access code is 2317 571 1910. Participants are to dial in no later than 5 minutes prior to the start of the conference, and the line is to be muted for the duration of the conference call.So Ordered by Judge Julien Xavier Neals on 9/11/2025. (kd) (Entered: 09/11/2025)",Main Document,,,NO_PUBLIC_PDF_LINK,,,Price not displayed; page count unknown.,,,,,,,,,,,,,,,,,,,,https://www.courtlistener.com/docket/68869775/apple-inc-smartphone-antitrust-litigation/
0109,109,0,2025-09-11,"Sep 11, 2025","CORRECTED CONSOLIDATED CLASS ACTION COMPLAINT by Indirect iPhone Purchaser Plaintiffs against APPLE, INC., with JURY DEMAND, filed by STANLEY O. KING.(ECF Help Desk E-mail)(wh) (Entered: 09/12/2025)",Main Document,Complaint,0109. (09-11-2025) CORRECTED CONSOLIDATED CLASS ACTION COMPLAINT by Indirect iPhone Purchaser Plaintiffs against APPLE.pdf,FREE_RECAP_PDF_AVAILABLE,200,>=30,Exact local PDF page count.,694123,c4bf01d9f42f8b0811d7875c02114b09fe023af52cbf2b3ee1200178c835c8a7,c682f7bda3e3161323ab028534df3014444c46b3,c0e0d8a24cadf77359c5273d696701cb,False,Microsoft Word - 2025-09-11 IPP Corrected CCAC (FINAL).docx,GerriMDeMarshall,,PScript5.dll Version 5.2.2,"Acrobat Distiller 25.0 (Windows); modified using iText® Core 7.2.3 (production version) ©2000-2022 iText Group NV, Administrative Office of the United States Courts",D:20250910145506-04'00',D:20250912152203-04'00',https://storage.courtlistener.com/recap/gov.uscourts.njd.550383/gov.uscourts.njd.550383.109.0_1.pdf,https://storage.courtlistener.com/recap/gov.uscourts.njd.550383/gov.uscourts.njd.550383.109.0_1.pdf,https://archive.org/download/gov.uscourts.njd.550383/gov.uscourts.njd.550383.109.0.pdf,https://www.courtlistener.com/docket/68869775/109/shoshi-goldfus-v-apple-inc/,https://ecf.njd.uscourts.gov/doc1/119023036946?caseid=550383,$3.00,3.00,https://www.courtlistener.com/docket/68869775/apple-inc-smartphone-antitrust-litigation/
0110,110,0,2025-09-12,"Sep 12, 2025","Letter from Stanley O. King. (KING, STANLEY) (Entered: 09/12/2025)",Main Document,Letter,0110. (09-12-2025) Letter from Stanley O. King.pdf,FREE_RECAP_PDF_AVAILABLE,5,5,Exact local PDF page count.,315749,a7b0c52193d86bc91a2aa0f907c9c5505e8dfc0801bda4d966daec5251882fa1,83f51cdbd0153ab83963e6118b89c954e4ff5497,56af1fbfbe1d74a28e289b4788a58661,False,,Srujana Shivji,,Microsoft® Word for Microsoft 365,"Microsoft® Word for Microsoft 365; modified using iText® Core 7.2.3 (production version) ©2000-2022 iText Group NV, Administrative Office of the United States Courts",D:20250912183008-04'00',D:20250912233104-04'00',https://storage.courtlistener.com/recap/gov.uscourts.njd.550383/gov.uscourts.njd.550383.110.0.pdf,https://storage.courtlistener.com/recap/gov.uscourts.njd.550383/gov.uscourts.njd.550383.110.0.pdf,https://archive.org/download/gov.uscourts.njd.550383/gov.uscourts.njd.550383.110.0.pdf,https://www.courtlistener.com/docket/68869775/110/shoshi-goldfus-v-apple-inc/,https://ecf.njd.uscourts.gov/doc1/119023038984?caseid=550383,$0.50,0.50,https://www.courtlistener.com/docket/68869775/apple-inc-smartphone-antitrust-litigation/
0111,111,0,2025-09-15,"Sep 15, 2025","NOTICE of Appearance by JOSEPH BOURNE on behalf of NANCY COX, SHARLA HILBURN, SUSAN MARIE (BOURNE, JOSEPH) (Entered: 09/15/2025)",Main Document,Notice of Appearance,"0111. (09-15-2025) NOTICE of Appearance by JOSEPH BOURNE on behalf of NANCY COX, SHARLA HILBURN, SUSAN MARIE.pdf",PACER_LINK_AVAILABLE,1,,Exact local PDF page count.,91677,5d3e990185580aacaa13ac793097ab7896b2cb1cb5bc6699c5cd675153a4d43e,883b714eedb4fa689f7e06b0688c45768921b288,23a8730d6fcc2aeb51ba96e7a53e1bb5,False,Apple - JCB Notice of Appearance for  Case 24-md-3113 for IIP 0-15-25 4897-1910-9481 v.1,,,,"Amyuni PDF Converter version 6.5.0.3; modified using iText® Core 7.2.3 (production version) ©2000-2022 iText Group NV, Administrative Office of the United States Courts",D:20250915140408-05'00',D:20250915151957-04'00',https://ecf.njd.uscourts.gov/doc1/119023042546?caseid=550383,,,,https://ecf.njd.uscourts.gov/doc1/119023042546?caseid=550383,,,https://www.courtlistener.com/docket/68869775/apple-inc-smartphone-antitrust-litigation/
0112,112,0,2025-09-16,"Sep 16, 2025","Minute Entry for proceedings held before Judge Julien Xavier Neals: Scheduling Conference held on 9/16/2025. (Court Reporter, Melissa Mormile (973-776-7710)) (kd) (Entered: 09/16/2025)",Main Document,Scheduling Conference,0112. (09-16-2025) Minute Entry for proceedings held before Judge Julien Xavier Neals- Scheduling Conference held on 9.pdf,PACER_LINK_AVAILABLE,1,,Exact local PDF page count.,126927,a5d1505d78aa9aaa163ef6864392ffab4b99f78a53bb254b3f349d581cb8ee32,e8481630cf4cbd9ef572932ae8555f3ee61a96d8,c36784f7f6ae5e7b8506b8ea30e2afd5,False,,Lissette Rodriguez,,Acrobat PDFMaker 25 for Word,"Adobe PDF Library 25.1.213; modified using iText® Core 7.2.3 (production version) ©2000-2022 iText Group NV, Administrative Office of the United States Courts",D:20250916133640-04'00',D:20250916134039-04'00',https://ecf.njd.uscourts.gov/doc1/119023046893?caseid=550383,,,,https://ecf.njd.uscourts.gov/doc1/119023046893?caseid=550383,,,https://www.courtlistener.com/docket/68869775/apple-inc-smartphone-antitrust-litigation/
0113,113,0,2025-09-16,"Sep 16, 2025","Minute Entry for proceedings held before Magistrate Judge Leda D. Wettre: Scheduling Conference held on 9/16/2025. (Court Reporter, Melissa Mormile (973-776-7710)) (kd) (Entered: 09/16/2025)",Main Document,Scheduling Conference,0113. (09-16-2025) Minute Entry for proceedings held before Magistrate Judge Leda D. Wettre- Scheduling Conference held.pdf,PACER_LINK_AVAILABLE,1,,Exact local PDF page count.,127135,6976d3612647a22bcd127a4f91423b5710994c3d96c2a4579184ae09f4f74847,56d32cb39227785350cad8d7d2b33e8447ff41e5,a8edd035478987dc36c8dfd000a3d261,False,,Lissette Rodriguez,,Acrobat PDFMaker 25 for Word,"Adobe PDF Library 25.1.213; modified using iText® Core 7.2.3 (production version) ©2000-2022 iText Group NV, Administrative Office of the United States Courts",D:20250916133640-04'00',D:20250916143223-04'00',https://ecf.njd.uscourts.gov/doc1/119023047325?caseid=550383,,,,https://ecf.njd.uscourts.gov/doc1/119023047325?caseid=550383,,,https://www.courtlistener.com/docket/68869775/apple-inc-smartphone-antitrust-litigation/
0114,114,0,2025-09-17,"Sep 17, 2025","MDL TEXT ORDER - As discussed at the initial case management conference, plaintiffs shall file a supplemental letter on or before September 23, 2025 setting forth their position on remaining disputes with respect to the Discovery Confidentiality Order, including an explanation of any insurmountable barriers to implementation of defendant's proposal regarding data security measures. Defendant shall file a supplemental letter in support of its position with respect to the DCO on or before September 30, 2025. So Ordered by Magistrate Judge Leda D. Wettre on 9/17/2025. (rn) (Entered: 09/17/2025)",Main Document,,,NO_PUBLIC_PDF_LINK,,,Price not displayed; page count unknown.,,,,,,,,,,,,,,,,,,,,https://www.courtlistener.com/docket/68869775/apple-inc-smartphone-antitrust-litigation/
0115,115,0,2025-09-22,"Sep 22, 2025","TEXT ORDER - As discussed at the September 16, 2025 Initial Case Management Conference for In re: Apple Inc. Smartphone Antitrust Litigation, No. 24-cv-3113, the Court advised the Indirect iPhone Purchaser Plaintiff Class (""IIP"") and any other similarly situated parties to file a letter indicating how much time they would like to file supplemental briefing regarding the motion to remand filed in Whiteside, et al. v. Apple Inc., No. 24-cv-9658. As of September 22, 2025, no parties have filed a letter regarding the request for supplemental briefing. By no later than Thursday, September 25, 2025, the parties shall file a letter outlining their proposed briefing schedule for the Court's review.So Ordered by Judge Julien Xavier Neals on 9/22/2025. (kd) (Entered: 09/22/2025)",Main Document,,,NO_PUBLIC_PDF_LINK,,,Price not displayed; page count unknown.,,,,,,,,,,,,,,,,,,,,https://www.courtlistener.com/docket/68869775/apple-inc-smartphone-antitrust-litigation/
0116,116,0,2025-09-23,"Sep 23, 2025","Letter from James E. Cecchi to the Honorable Leda D. Wettre, U.S.M.J. regarding data security dispute. re 114 Text Order,,. (Attachments: # 1 Declaration of Ben M. Harrington)(CECCHI, JAMES) (Entered: 09/23/2025)",Main Document,Letter,"0116. (09-23-2025) Letter from James E. Cecchi to the Honorable Leda D. Wettre, U.S.M.J. regarding data security disput.pdf",PACER_LINK_AVAILABLE,12,,Exact local PDF page count.,368159,277d6dc19dd2f2e563aa0d31357ad9d01cd668011a16482d548f99fc2898bfbc,e35f1a00102d70d6500439ac25c22030f835fb62,3ca71f6dec7d027bd93521ec8af0f8a8,False,,,,Acrobat PDFMaker 25 for Word,"Adobe PDF Library 25.1.213; modified using iText® Core 7.2.3 (production version) ©2000-2022 iText Group NV, Administrative Office of the United States Courts",D:20250923163443-04'00',D:20250923171049-04'00',https://ecf.njd.uscourts.gov/doc1/119023070424?caseid=550383,,,,https://ecf.njd.uscourts.gov/doc1/119023070424?caseid=550383,,,https://www.courtlistener.com/docket/68869775/apple-inc-smartphone-antitrust-litigation/
0116-001,116,1,2025-09-23,"Sep 23, 2025","Letter from James E. Cecchi to the Honorable Leda D. Wettre, U.S.M.J. regarding data security dispute. re 114 Text Order,,. (Attachments: # 1 Declaration of Ben M. Harrington)(CECCHI, JAMES) (Entered: 09/23/2025)",Attachment 1,Declaration of Ben M. Harrington,0116-001. (09-23-2025) (Declaration of Ben M. Harrington).pdf,PACER_LINK_AVAILABLE,2,2,Exact local PDF page count.,158746,6321bd56ff6540a20e9297ec4b0875b660e7c9ecb8fa1386dd19ab02d6aa1dcb,078439d59d524677d0c4907a03e792a6484743fb,f583f3703ca7634102c390d00b2f7850,False,,,,Acrobat PDFMaker 25 for Word,"Adobe PDF Library 25.1.213; modified using iText® Core 7.2.3 (production version) ©2000-2022 iText Group NV, Administrative Office of the United States Courts",D:20250923163103-04'00',D:20250923171110-04'00',https://ecf.njd.uscourts.gov/doc1/119023070425?caseid=550383,,,,https://ecf.njd.uscourts.gov/doc1/119023070425?caseid=550383,$0.20,0.20,https://www.courtlistener.com/docket/68869775/apple-inc-smartphone-antitrust-litigation/
0117,117,0,2025-09-25,"Sep 25, 2025","Letter from Stanley O. King. (KING, STANLEY) (Entered: 09/25/2025)",Main Document,Letter,0117. (09-25-2025) Letter from Stanley O. King.pdf,PACER_LINK_AVAILABLE,2,,Exact local PDF page count.,230060,092a3bc0d3748820056dad801f32365b59f19efaf6a9e706eeb0d8627f867f9e,e73df27ec00eeebd684de28dcd3e209945751482,2931b55e3627a670e742cde18ed8b4fb,False,,Gerri M. DeMarshall,,Acrobat PDFMaker 25 for Word,"Adobe PDF Library 25.1.213; modified using iText® Core 7.2.3 (production version) ©2000-2022 iText Group NV, Administrative Office of the United States Courts",D:20250925165503-04'00',D:20250925175421-04'00',https://ecf.njd.uscourts.gov/doc1/119023078697?caseid=550383,,,,https://ecf.njd.uscourts.gov/doc1/119023078697?caseid=550383,,,https://www.courtlistener.com/docket/68869775/apple-inc-smartphone-antitrust-litigation/
0118,118,0,2025-09-26,"Sep 26, 2025",LETTER ORDER granting additional briefing. Signed by Judge Julien Xavier Neals on 9/26/2025. (arm) (Entered: 09/26/2025),Main Document,Order,0118. (09-26-2025) LETTER ORDER granting additional briefing. Signed by Judge Julien Xavier Neals on 9262025.pdf,FREE_RECAP_PDF_AVAILABLE,2,2,Exact local PDF page count.,92958,5bf6ba9bbb2270e413e32331af40f062060fbfb0cc3c7f7f8df45ed7ee145f66,e7b719b38323bf5578f3c5ce02647c2aca66ff04,09dff64fd4a8f51348d3b8972e6dcd40,False,,,,RICOH IM C4500,"RICOH IM C4500; modified using iText® Core 7.2.3 (production version) ©2000-2022 iText Group NV, Administrative Office of the United States Courts",D:20250926143554-04'00',D:20250926162333-04'00',https://storage.courtlistener.com/recap/gov.uscourts.njd.550383/gov.uscourts.njd.550383.118.0.pdf,https://storage.courtlistener.com/recap/gov.uscourts.njd.550383/gov.uscourts.njd.550383.118.0.pdf,https://archive.org/download/gov.uscourts.njd.550383/gov.uscourts.njd.550383.118.0.pdf,https://www.courtlistener.com/docket/68869775/118/shoshi-goldfus-v-apple-inc/,https://ecf.njd.uscourts.gov/doc1/119023082633?caseid=550383,$0.20,0.20,https://www.courtlistener.com/docket/68869775/apple-inc-smartphone-antitrust-litigation/
0119,119,0,2025-09-29,"Sep 29, 2025","Letter from Liza M. Walsh to the Honorable Julien X. Neals, U.S.D.J., re upcoming motion to dismiss briefing. (WALSH, LIZA) (Entered: 09/29/2025)",Main Document,Letter,"0119. (09-29-2025) Letter from Liza M. Walsh to the Honorable Julien X. Neals, U.S.D.J., re upcoming motion to dismiss.pdf",FREE_RECAP_PDF_AVAILABLE,2,2,Exact local PDF page count.,268288,fd868ec170cae1f3400bc4f36fabf62bc665a331fb9f9238544e1cba68015c1c,e77ce6efa2dd45b6f7f6d07733cd3290985faaae,24dba341ee4152062a3fe291e5c279ba,False,,Lauren Malakoff,,Acrobat PDFMaker 25 for Word,"Adobe PDF Library 25.1.213; modified using iText® Core 7.2.3 (production version) ©2000-2022 iText Group NV, Administrative Office of the United States Courts",D:20250929212921-04'00',D:20250929213741-04'00',https://storage.courtlistener.com/recap/gov.uscourts.njd.550383/gov.uscourts.njd.550383.119.0.pdf,https://storage.courtlistener.com/recap/gov.uscourts.njd.550383/gov.uscourts.njd.550383.119.0.pdf,https://archive.org/download/gov.uscourts.njd.550383/gov.uscourts.njd.550383.119.0.pdf,https://www.courtlistener.com/docket/68869775/119/shoshi-goldfus-v-apple-inc/,https://ecf.njd.uscourts.gov/doc1/119023089405?caseid=550383,$0.20,0.20,https://www.courtlistener.com/docket/68869775/apple-inc-smartphone-antitrust-litigation/
0120,120,0,2025-09-30,"Sep 30, 2025",LETTER ORDER granting 119 joint briefing schedule. Signed by Judge Julien Xavier Neals on 9/30/2025. (arm) (Entered: 09/30/2025),Main Document,Order,0120. (09-30-2025) LETTER ORDER granting 119 joint briefing schedule. Signed by Judge Julien Xavier Neals on 9302025.pdf,FREE_RECAP_PDF_AVAILABLE,2,2,Exact local PDF page count.,95212,a7f762215d1ee74014a1c3d7f8d0e0902471eac5c61c19ffbbd5123ed4754703,a5ab382a13c51522af3d7df14000f26f5212028a,5324d72e905f452fa10519be85db466f,False,,,,RICOH IM C4500,"RICOH IM C4500; modified using iText® Core 7.2.3 (production version) ©2000-2022 iText Group NV, Administrative Office of the United States Courts",D:20250930110849-04'00',D:20250930115801-04'00',https://storage.courtlistener.com/recap/gov.uscourts.njd.550383/gov.uscourts.njd.550383.120.0.pdf,https://storage.courtlistener.com/recap/gov.uscourts.njd.550383/gov.uscourts.njd.550383.120.0.pdf,https://archive.org/download/gov.uscourts.njd.550383/gov.uscourts.njd.550383.120.0.pdf,https://www.courtlistener.com/docket/68869775/120/shoshi-goldfus-v-apple-inc/,https://ecf.njd.uscourts.gov/doc1/119023091086?caseid=550383,$0.20,0.20,https://www.courtlistener.com/docket/68869775/apple-inc-smartphone-antitrust-litigation/
0121,121,0,2025-09-19,"Sep 19, 2025","Transcript of Initial Case Management Conference held on September 16, 2025, before Magistrate Judge Leda Dunn Wettre & Judge Julien Xavier Neals. Court Reporter: Melissa Mormile (973-776-7710). NOTICE REGARDING (1) REDACTION OF PERSONAL IDENTIFIERS IN TRANSCRIPTS AND (2) MOTION TO REDACT AND SEAL: The parties have seven (7) calendar days to file with the Court a Notice of Intent to Request Redaction of this Transcript to comply with Fed.R.Civ.P.5.2(a) (personal identifiers). Parties seeking to redact and seal this Transcript, or portions thereof, pursuant to L.Civ.R. 5.3(g) must e-file a Motion to Redact and Seal utilizing the event `Redact and Seal Transcript/Digital Recording`. Redaction Request to Court Reporter due, but not filed, by 10/10/2025. Redacted Transcript Deadline set for 10/20/2025. Release of Transcript Restriction set for 12/18/2025. (adc) (Entered: 09/30/2025)",Main Document,Transcript,,PACER_LINK_AVAILABLE,,,Price not displayed; page count unknown.,,,,,,,,,,,,,https://ecf.njd.uscourts.gov/doc1/119023092144?caseid=550383,,,,https://ecf.njd.uscourts.gov/doc1/119023092144?caseid=550383,,,https://www.courtlistener.com/docket/68869775/apple-inc-smartphone-antitrust-litigation/
0122,122,0,2025-09-30,"Sep 30, 2025","Letter from Liza M. Walsh to the Honorable Leda D. Wettre, U.S.M.J. re 116 Letter. (WALSH, LIZA) (Entered: 09/30/2025)",Main Document,Letter,"0122. (09-30-2025) Letter from Liza M. Walsh to the Honorable Leda D. Wettre, U.S.M.J. re 116 Letter.pdf",FREE_RECAP_PDF_AVAILABLE,12,12,Exact local PDF page count.,411395,77651292b1b5d5f15346be5bdc3d1427f03d9c0f379ea67ebf1cdeab283f1829,0e2fd2e962b793536372a83955c372743d50daca,8419891b3318f9690539fe082a2aca1c,False,,Lauren Malakoff,,Acrobat PDFMaker 25 for Word,"Adobe PDF Library 25.1.213; modified using iText® Core 7.2.3 (production version) ©2000-2022 iText Group NV, Administrative Office of the United States Courts",D:20250930222118-04'00',D:20250930223746-04'00',https://storage.courtlistener.com/recap/gov.uscourts.njd.550383/gov.uscourts.njd.550383.122.0.pdf,https://storage.courtlistener.com/recap/gov.uscourts.njd.550383/gov.uscourts.njd.550383.122.0.pdf,https://archive.org/download/gov.uscourts.njd.550383/gov.uscourts.njd.550383.122.0.pdf,https://www.courtlistener.com/docket/68869775/122/shoshi-goldfus-v-apple-inc/,https://ecf.njd.uscourts.gov/doc1/119023095068?caseid=550383,$1.20,1.20,https://www.courtlistener.com/docket/68869775/apple-inc-smartphone-antitrust-litigation/
0123,123,0,2025-10-06,"Oct 6, 2025","MOTION to Dismiss Apple Inc.'s Motion to Dismiss Consolidated Complaints of Direct and Indirect iPhone Purchasers and Direct Apple Watch Purchaser by APPLE, INC.. (Attachments: # 1 Memorandum of Law, # 2 Appendix 1-7, # 3 Declaration of Julian Kleinbrodt, # 4 Exhibit 1, # 5 Text of Proposed Order)(WALSH, LIZA) (Entered: 10/06/2025)",Main Document,Dismiss,0123. (10-06-2025) MOTION to Dismiss Apple Inc.s Motion to Dismiss Consolidated Complaints of Direct and Indirect iPho.pdf,FREE_RECAP_PDF_AVAILABLE,4,4,Exact local PDF page count.,189958,e057200dddb97d4f9f53a62e9b6da1bc17494b35d29436e8ea7433b6b7e167a0,9bce3d2796849cafa63fa2c1525de4bca96ea8fd,17d4bfaa19ec32d894f6b07dab6ff943,False,,,,Aspose Pty Ltd.,"Aspose.PDF for .NET 24.2.0; modified using iText® Core 7.2.3 (production version) ©2000-2022 iText Group NV, Administrative Office of the United States Courts",,D:20251006215001-04'00',https://storage.courtlistener.com/recap/gov.uscourts.njd.550383/gov.uscourts.njd.550383.123.0.pdf,https://storage.courtlistener.com/recap/gov.uscourts.njd.550383/gov.uscourts.njd.550383.123.0.pdf,https://archive.org/download/gov.uscourts.njd.550383/gov.uscourts.njd.550383.123.0.pdf,https://www.courtlistener.com/docket/68869775/123/shoshi-goldfus-v-apple-inc/,https://ecf.njd.uscourts.gov/doc1/119023115647?caseid=550383,$0.40,0.40,https://www.courtlistener.com/docket/68869775/apple-inc-smartphone-antitrust-litigation/
0123-001,123,1,2025-10-06,"Oct 6, 2025","MOTION to Dismiss Apple Inc.'s Motion to Dismiss Consolidated Complaints of Direct and Indirect iPhone Purchasers and Direct Apple Watch Purchaser by APPLE, INC.. (Attachments: # 1 Memorandum of Law, # 2 Appendix 1-7, # 3 Declaration of Julian Kleinbrodt, # 4 Exhibit 1, # 5 Text of Proposed Order)(WALSH, LIZA) (Entered: 10/06/2025)",Attachment 1,Memorandum of Law,0123-001. (10-06-2025) Memorandum of Law.pdf,FREE_RECAP_PDF_AVAILABLE,107,>=30,Exact local PDF page count.,1095812,d0e78a8be0d5fe13b5bae1e599f98e32d289ea909c714b41fcba1acd19542b24,6006c3e342ed49859f2e4c78c75c42ac884550e6,d64528bdd2f24fd06d1235ed8fd5d96b,False,,,,Aspose Pty Ltd.,"Aspose.PDF for .NET 24.2.0; modified using iText® Core 7.2.3 (production version) ©2000-2022 iText Group NV, Administrative Office of the United States Courts",,D:20251006234307-04'00',https://storage.courtlistener.com/recap/gov.uscourts.njd.550383/gov.uscourts.njd.550383.123.1.pdf,https://storage.courtlistener.com/recap/gov.uscourts.njd.550383/gov.uscourts.njd.550383.123.1.pdf,https://archive.org/download/gov.uscourts.njd.550383/gov.uscourts.njd.550383.123.1.pdf,https://www.courtlistener.com/docket/68869775/123/1/shoshi-goldfus-v-apple-inc/,https://ecf.njd.uscourts.gov/doc1/119023115648?caseid=550383,$3.00,3.00,https://www.courtlistener.com/docket/68869775/apple-inc-smartphone-antitrust-litigation/
0123-002,123,2,2025-10-06,"Oct 6, 2025","MOTION to Dismiss Apple Inc.'s Motion to Dismiss Consolidated Complaints of Direct and Indirect iPhone Purchasers and Direct Apple Watch Purchaser by APPLE, INC.. (Attachments: # 1 Memorandum of Law, # 2 Appendix 1-7, # 3 Declaration of Julian Kleinbrodt, # 4 Exhibit 1, # 5 Text of Proposed Order)(WALSH, LIZA) (Entered: 10/06/2025)",Attachment 2,Appendix 1-7,0123-002. (10-06-2025) Appendix 1-7.pdf,PACER_LINK_AVAILABLE,29,29,Exact local PDF page count.,688438,a4a0d50e6ac664a83b54e2a54f8469df2b30af92c89f53008c7c0eb320986d9d,8262d5db4e17282e910ddb677e0bc9e619b3976c,2a974b3f7b2add68064c8dffc252d090,False,,,,Aspose Pty Ltd.,"Aspose.PDF for .NET 24.2.0; modified using iText® Core 7.2.3 (production version) ©2000-2022 iText Group NV, Administrative Office of the United States Courts",,D:20251006215157-04'00',https://ecf.njd.uscourts.gov/doc1/119023115649?caseid=550383,,,,https://ecf.njd.uscourts.gov/doc1/119023115649?caseid=550383,$2.90,2.90,https://www.courtlistener.com/docket/68869775/apple-inc-smartphone-antitrust-litigation/
0123-003,123,3,2025-10-06,"Oct 6, 2025","MOTION to Dismiss Apple Inc.'s Motion to Dismiss Consolidated Complaints of Direct and Indirect iPhone Purchasers and Direct Apple Watch Purchaser by APPLE, INC.. (Attachments: # 1 Memorandum of Law, # 2 Appendix 1-7, # 3 Declaration of Julian Kleinbrodt, # 4 Exhibit 1, # 5 Text of Proposed Order)(WALSH, LIZA) (Entered: 10/06/2025)",Attachment 3,Declaration of Julian Kleinbrodt,0123-003. (10-06-2025) Declaration of Julian Kleinbrodt.pdf,PACER_LINK_AVAILABLE,2,2,Exact local PDF page count.,181217,bd022b418f9e3a30d3e9bea8c7ac8e159bd1716d1228d6aecf6c13a2d70feae6,77c12a700dc69926357143a5ff34c8efd3e579d7,dcf4c3a096ad7ed264b2b629051add1d,False,,,,Aspose Pty Ltd.,"Aspose.PDF for .NET 24.2.0; modified using iText® Core 7.2.3 (production version) ©2000-2022 iText Group NV, Administrative Office of the United States Courts",,D:20251007100507-04'00',https://ecf.njd.uscourts.gov/doc1/119023115650?caseid=550383,,,,https://ecf.njd.uscourts.gov/doc1/119023115650?caseid=550383,$0.20,0.20,https://www.courtlistener.com/docket/68869775/apple-inc-smartphone-antitrust-litigation/
0123-004,123,4,2025-10-06,"Oct 6, 2025","MOTION to Dismiss Apple Inc.'s Motion to Dismiss Consolidated Complaints of Direct and Indirect iPhone Purchasers and Direct Apple Watch Purchaser by APPLE, INC.. (Attachments: # 1 Memorandum of Law, # 2 Appendix 1-7, # 3 Declaration of Julian Kleinbrodt, # 4 Exhibit 1, # 5 Text of Proposed Order)(WALSH, LIZA) (Entered: 10/06/2025)",Attachment 4,Exhibit 1,0123-004. (10-06-2025) Exhibit 1.pdf,PACER_LINK_AVAILABLE,51,>=30,Exact local PDF page count.,1045010,836ec5ab760365b50b53eeb7e93f4e67ebade62eb8e8d065619d698fb074fe0c,444d28455a551caaf86b1d08512ca80764aa560c,245c91d8e909cf3a429e02c361e5b1da,False,,,,Aspose Pty Ltd.,"Aspose.PDF for .NET 24.2.0; modified using iText® Core 7.2.3 (production version) ©2000-2022 iText Group NV, Administrative Office of the United States Courts",,D:20251006215426-04'00',https://ecf.njd.uscourts.gov/doc1/119023115651?caseid=550383,,,,https://ecf.njd.uscourts.gov/doc1/119023115651?caseid=550383,$3.00,3.00,https://www.courtlistener.com/docket/68869775/apple-inc-smartphone-antitrust-litigation/
0123-005,123,5,2025-10-06,"Oct 6, 2025","MOTION to Dismiss Apple Inc.'s Motion to Dismiss Consolidated Complaints of Direct and Indirect iPhone Purchasers and Direct Apple Watch Purchaser by APPLE, INC.. (Attachments: # 1 Memorandum of Law, # 2 Appendix 1-7, # 3 Declaration of Julian Kleinbrodt, # 4 Exhibit 1, # 5 Text of Proposed Order)(WALSH, LIZA) (Entered: 10/06/2025)",Attachment 5,Text of Proposed Order,0123-005. (10-06-2025) (Text of Proposed Order).pdf,PACER_LINK_AVAILABLE,2,2,Exact local PDF page count.,135336,e35fec7621691b2e05f2ef362ac2918e4743124c283fdb311064aa5732d7857b,c1440a6a71b135b12315c471caf3842bd995844e,651ab8d50c0281d7618119ca6be51d35,False,,,,Aspose Pty Ltd.,"Aspose.PDF for .NET 24.2.0; modified using iText® Core 7.2.3 (production version) ©2000-2022 iText Group NV, Administrative Office of the United States Courts",,D:20251006215625-04'00',https://ecf.njd.uscourts.gov/doc1/119023115652?caseid=550383,,,,https://ecf.njd.uscourts.gov/doc1/119023115652?caseid=550383,$0.20,0.20,https://www.courtlistener.com/docket/68869775/apple-inc-smartphone-antitrust-litigation/
0124,124,0,2025-10-07,"Oct 7, 2025","Discovery Confidentiality Order. Signed by Magistrate Judge Leda D. Wettre on 10/7/2025. (lag, ) (Entered: 10/07/2025)",Main Document,Discovery Confidentiality Order,0124. (10-07-2025) Discovery Confidentiality Order. Signed by Magistrate Judge Leda D. Wettre on 1072025.pdf,FREE_RECAP_PDF_AVAILABLE,34,>=30,Exact local PDF page count.,329683,59a3ffb31bae2f7b8e382cb5ab1a8b748f51b3958814dc817389ca48f9c0e189,0f1f1d5b2bd65764e0bf0c314bdcdca41e4b94c2,09e4add7bb896c61370047a0199057ef,False,,,,,"iText® Core 7.2.3 (production version) ©2000-2022 iText Group NV, Administrative Office of the United States Courts",,D:20251007171521-04'00',https://storage.courtlistener.com/recap/gov.uscourts.njd.550383/gov.uscourts.njd.550383.124.0.pdf,https://storage.courtlistener.com/recap/gov.uscourts.njd.550383/gov.uscourts.njd.550383.124.0.pdf,https://archive.org/download/gov.uscourts.njd.550383/gov.uscourts.njd.550383.124.0.pdf,https://www.courtlistener.com/docket/68869775/124/shoshi-goldfus-v-apple-inc/,https://ecf.njd.uscourts.gov/doc1/119023119773?caseid=550383,$3.00,3.00,https://www.courtlistener.com/docket/68869775/apple-inc-smartphone-antitrust-litigation/
0125,125,0,2025-10-09,"Oct 9, 2025","Letter from Liza M. Walsh to the Honorable Leda Dunn Wettre, U.S.M.J.. (WALSH, LIZA) (Entered: 10/09/2025)",Main Document,Letter,"0125. (10-09-2025) Letter from Liza M. Walsh to the Honorable Leda Dunn Wettre, U.S.M.J.pdf",FREE_RECAP_PDF_AVAILABLE,1,1,Exact local PDF page count.,194262,c026627a32fa0c41625e6088233bfc3089df5fc692e97d6a1dbbd8e84d700402,a5d9ce2e4ab5151716bf13b0417bbb6dc1e321ab,ed8a95be4cd6be9c12a9ff946b367709,False,Microsoft Word - Apple MDL - Draft Joint Letter re Upcoming CMO(5004209786.6)(2106953.1),btroyan,,PScript5.dll Version 5.2.2,"Acrobat Distiller 25.0 (Windows); modified using iText® Core 7.2.3 (production version) ©2000-2022 iText Group NV, Administrative Office of the United States Courts",D:20251009160906-04'00',D:20251009161416-04'00',https://storage.courtlistener.com/recap/gov.uscourts.njd.550383/gov.uscourts.njd.550383.125.0.pdf,https://storage.courtlistener.com/recap/gov.uscourts.njd.550383/gov.uscourts.njd.550383.125.0.pdf,https://archive.org/download/gov.uscourts.njd.550383/gov.uscourts.njd.550383.125.0.pdf,https://www.courtlistener.com/docket/68869775/125/shoshi-goldfus-v-apple-inc/,https://ecf.njd.uscourts.gov/doc1/119023128727?caseid=550383,$0.10,0.10,https://www.courtlistener.com/docket/68869775/apple-inc-smartphone-antitrust-litigation/
0126,126,0,2025-10-10,"Oct 10, 2025","LETTER ORDER Granting request to file a joint discovery plan, proposed scheduling and case management order on 10/30/2025. Signed by Magistrate Judge Leda D. Wettre on 10/10/2025. (kes, ) (Entered: 10/10/2025)",Main Document,Order,"0126. (10-10-2025) LETTER ORDER Granting request to file a joint discovery plan, proposed scheduling and case managemen.pdf",FREE_RECAP_PDF_AVAILABLE,1,1,Exact local PDF page count.,222449,7a84f524721b5cd768dfb2adcb988d27f177c8feac9ef91a2ecc7b95314a44b2,0f80f717f924fb2470d28cc24ef06ebbb1cf0b30,1fa0dbe4468d471e7f400b4e4243fc83,False,,,,,"iText® Core 7.2.3 (production version) ©2000-2022 iText Group NV, Administrative Office of the United States Courts",,D:20251010110708-04'00',https://storage.courtlistener.com/recap/gov.uscourts.njd.550383/gov.uscourts.njd.550383.126.0.pdf,https://storage.courtlistener.com/recap/gov.uscourts.njd.550383/gov.uscourts.njd.550383.126.0.pdf,https://archive.org/download/gov.uscourts.njd.550383/gov.uscourts.njd.550383.126.0.pdf,https://www.courtlistener.com/docket/68869775/126/shoshi-goldfus-v-apple-inc/,https://ecf.njd.uscourts.gov/doc1/119023131045?caseid=550383,$0.10,0.10,https://www.courtlistener.com/docket/68869775/apple-inc-smartphone-antitrust-litigation/
0127,127,0,2025-10-10,"Oct 10, 2025","Letter from Stanley O. King regarding Opposition to Motion to Remand, 24-cv-9658. (KING, STANLEY) (Entered: 10/10/2025)",Main Document,Letter,"0127. (10-10-2025) Letter from Stanley O. King regarding Opposition to Motion to Remand, 24-cv-9658.pdf",PACER_LINK_AVAILABLE,19,,Exact local PDF page count.,301142,0f7e70150bb7e165c9a346293864e88503f5bcfdf88a35d88695562a77d369c7,d2a5022e26827755b82f842cca12356e41e53e59,fd7f4e8d9677fd3e46a6b929f01b8a99,False,,Suneel Jain,,Microsoft® Word for Microsoft 365,"Microsoft® Word for Microsoft 365; modified using iText® Core 7.2.3 (production version) ©2000-2022 iText Group NV, Administrative Office of the United States Courts",D:20251010132945-07'00',D:20251010190410-04'00',https://ecf.njd.uscourts.gov/doc1/119023135121?caseid=550383,,,,https://ecf.njd.uscourts.gov/doc1/119023135121?caseid=550383,,,https://www.courtlistener.com/docket/68869775/apple-inc-smartphone-antitrust-litigation/
0128,128,0,2025-10-22,"Oct 22, 2025","NOTICE of Appearance by MICHAEL KINANE on behalf of NANCY COX, SHARLA HILBURN, SUSAN MARIE (KINANE, MICHAEL) (Entered: 10/22/2025)",Main Document,Notice of Appearance,"0128. (10-22-2025) NOTICE of Appearance by MICHAEL KINANE on behalf of NANCY COX, SHARLA HILBURN, SUSAN MARIE.pdf",PACER_LINK_AVAILABLE,1,,Exact local PDF page count.,91337,746cdc630f350ed559aefc7316902d6708e48d67d6a28daa8df56a10d9eec97d,fbca46f1d12fd9cbd3a6ecad2899960825cf84aa,c20340a9a77069c40cc13afb2e1f2df2,False,Apple AT - MJKMK Notice of Appearance 4932-0073-0985 v.1,,,,"Amyuni PDF Converter version 6.5.0.3; modified using iText® Core 7.2.3 (production version) ©2000-2022 iText Group NV, Administrative Office of the United States Courts",D:20251022161651-05'00',D:20251022172351-04'00',https://ecf.njd.uscourts.gov/doc1/119023173716?caseid=550383,,,,https://ecf.njd.uscourts.gov/doc1/119023173716?caseid=550383,,,https://www.courtlistener.com/docket/68869775/apple-inc-smartphone-antitrust-litigation/
0129,129,0,2025-10-24,"Oct 24, 2025","NOTICE by KYLE T. WHITESIDE of Withdrawal of Motion to Remand (2:24-cv-9658, ECF No. 35) (KOVEL, DAVID) (Entered: 10/24/2025)",Main Document,Notice (Other),"0129. (10-24-2025) NOTICE by KYLE T. WHITESIDE of Withdrawal of Motion to Remand (2-24-cv-9658, ECF No. 35).pdf",FREE_RECAP_PDF_AVAILABLE,1,1,Exact local PDF page count.,129557,1c6adaaee3204b66cae248ece073298462f54194263ec875b2a1ef98c245aa34,a185438b467087fa5a5c6f027b06581728a96ee6,1b78821f5bf5b9bfb4904b4e3d03eae4,False,,,,Acrobat PDFMaker 25 for Word,"Adobe PDF Library 25.1.20; modified using iText® Core 7.2.3 (production version) ©2000-2022 iText Group NV, Administrative Office of the United States Courts",D:20251024154230-04'00',D:20251024170546-04'00',https://storage.courtlistener.com/recap/gov.uscourts.njd.550383/gov.uscourts.njd.550383.129.0.pdf,https://storage.courtlistener.com/recap/gov.uscourts.njd.550383/gov.uscourts.njd.550383.129.0.pdf,https://archive.org/download/gov.uscourts.njd.550383/gov.uscourts.njd.550383.129.0.pdf,https://www.courtlistener.com/docket/68869775/129/shoshi-goldfus-v-apple-inc/,https://ecf.njd.uscourts.gov/doc1/119023190379?caseid=550383,$0.10,0.10,https://www.courtlistener.com/docket/68869775/apple-inc-smartphone-antitrust-litigation/
0130,130,0,2025-10-27,"Oct 27, 2025","MDL TEXT ORDER - The Court is in receipt of Plaintiff Kyle T. Whiteside's counsel's submission dated October 24, 2025 (ECF No. 129 ), withdrawing the pending Motion to Remand filed in Whiteside, et al. v. Apple Inc., No. 2:24-cv-9658 (ECF No. 35 ). In light of the same, the Clerk of the Court is directed to administratively terminate the Motion to Remand filed in 2:24-cv-9658 at ECF No. 35 . So Ordered by Judge Julien Xavier Neals on 10/27/2025. (kd) (Entered: 10/27/2025)",Main Document,,,NO_PUBLIC_PDF_LINK,,,Price not displayed; page count unknown.,,,,,,,,,,,,,,,,,,,,https://www.courtlistener.com/docket/68869775/apple-inc-smartphone-antitrust-litigation/
0131,131,0,2025-10-30,"Oct 30, 2025","Letter from Liza M. Walsh to the Honorable Leda D. Wettre, U.S.M.J. re: Proposed Scheduling and Case Management Order Disputes. (Attachments: # 1 Exhibit A (Joint Discovery Plan), # 2 Exhibit B (Joint [Proposed] Scheduling and Case Management Order))(WALSH, LIZA) (Entered: 10/30/2025)",Main Document,Letter,"0131. (10-30-2025) Letter from Liza M. Walsh to the Honorable Leda D. Wettre, U.S.M.J. re- Proposed Scheduling and Case.pdf",FREE_RECAP_PDF_AVAILABLE,19,19,Exact local PDF page count.,421126,cb5daddcd3643c5c3692c70c4e155225a3e711af5036aaf59e597ff12407b8f4,2d18a894dc0a9b7c91b3d720caee22ee07b58e91,83ddb1c07fef94e635e1675aa30d3813,False,,Lauren Malakoff,,Acrobat PDFMaker 25 for Word,"Adobe PDF Library 25.1.20; modified using iText® Core 7.2.3 (production version) ©2000-2022 iText Group NV, Administrative Office of the United States Courts",D:20251030231531-04'00',D:20251030233634-04'00',https://storage.courtlistener.com/recap/gov.uscourts.njd.550383/gov.uscourts.njd.550383.131.0.pdf,https://storage.courtlistener.com/recap/gov.uscourts.njd.550383/gov.uscourts.njd.550383.131.0.pdf,https://archive.org/download/gov.uscourts.njd.550383/gov.uscourts.njd.550383.131.0.pdf,https://www.courtlistener.com/docket/68869775/131/shoshi-goldfus-v-apple-inc/,https://ecf.njd.uscourts.gov/doc1/119023219302?caseid=550383,$1.90,1.90,https://www.courtlistener.com/docket/68869775/apple-inc-smartphone-antitrust-litigation/
0131-001,131,1,2025-10-30,"Oct 30, 2025","Letter from Liza M. Walsh to the Honorable Leda D. Wettre, U.S.M.J. re: Proposed Scheduling and Case Management Order Disputes. (Attachments: # 1 Exhibit A (Joint Discovery Plan), # 2 Exhibit B (Joint [Proposed] Scheduling and Case Management Order))(WALSH, LIZA) (Entered: 10/30/2025)",Attachment 1,Exhibit A (Joint Discovery Plan),0131-001. (10-30-2025) Exhibit A (Joint Discovery Plan).pdf,FREE_RECAP_PDF_AVAILABLE,12,12,Exact local PDF page count.,318389,4ec4819b21756a05895dc15c2afc3c8c60fbfb749789b94254feae69029e7af1,854b8b01d3861a2543e0a7dcd8b5c001fdc3a845,e1d45c0dfc3fd3ef3541ee4b43d715b6,False,,Lauren Malakoff,,Acrobat PDFMaker 25 for Word,"Adobe PDF Library 25.1.20; modified using iText® Core 7.2.3 (production version) ©2000-2022 iText Group NV, Administrative Office of the United States Courts",D:20251030230910-04'00',D:20251030233700-04'00',https://storage.courtlistener.com/recap/gov.uscourts.njd.550383/gov.uscourts.njd.550383.131.1.pdf,https://storage.courtlistener.com/recap/gov.uscourts.njd.550383/gov.uscourts.njd.550383.131.1.pdf,https://archive.org/download/gov.uscourts.njd.550383/gov.uscourts.njd.550383.131.1.pdf,https://www.courtlistener.com/docket/68869775/131/1/shoshi-goldfus-v-apple-inc/,https://ecf.njd.uscourts.gov/doc1/119023219303?caseid=550383,$1.20,1.20,https://www.courtlistener.com/docket/68869775/apple-inc-smartphone-antitrust-litigation/
0131-002,131,2,2025-10-30,"Oct 30, 2025","Letter from Liza M. Walsh to the Honorable Leda D. Wettre, U.S.M.J. re: Proposed Scheduling and Case Management Order Disputes. (Attachments: # 1 Exhibit A (Joint Discovery Plan), # 2 Exhibit B (Joint [Proposed] Scheduling and Case Management Order))(WALSH, LIZA) (Entered: 10/30/2025)",Attachment 2,Exhibit B (Joint [Proposed] Scheduling and Case Management Order),0131-002. (10-30-2025) (Exhibit B (Joint [Proposed] Scheduling and Case Management Order)).pdf,FREE_RECAP_PDF_AVAILABLE,20,20,Exact local PDF page count.,359427,7fab243ad36560af0bfc1f52950da23290b34716ee5ae4f2daaf5f1a5f60ca9e,711443388beaf2c54d0c4f5d25924d15b41753d0,a0eb4fb5f98922d8f9a042ccdcc938aa,False,,Lauren Malakoff,,Acrobat PDFMaker 25 for Word,"Adobe PDF Library 25.1.20; modified using iText® Core 7.2.3 (production version) ©2000-2022 iText Group NV, Administrative Office of the United States Courts",D:20251030231143-04'00',D:20251030233725-04'00',https://storage.courtlistener.com/recap/gov.uscourts.njd.550383/gov.uscourts.njd.550383.131.2.pdf,https://storage.courtlistener.com/recap/gov.uscourts.njd.550383/gov.uscourts.njd.550383.131.2.pdf,https://archive.org/download/gov.uscourts.njd.550383/gov.uscourts.njd.550383.131.2.pdf,https://www.courtlistener.com/docket/68869775/131/2/shoshi-goldfus-v-apple-inc/,https://ecf.njd.uscourts.gov/doc1/119023219304?caseid=550383,$2.00,2.00,https://www.courtlistener.com/docket/68869775/apple-inc-smartphone-antitrust-litigation/
0132,132,0,2025-11-14,"Nov 14, 2025","Letter from Liza M. Walsh enclosing corrected brief. (Attachments: # 1 Memorandum of Law (Corrected), # 2 Appendix 1-7 (Corrected))(WALSH, LIZA) (Entered: 11/14/2025)",Main Document,Letter,0132. (11-14-2025) Letter from Liza M. Walsh enclosing corrected brief.pdf,PACER_LINK_AVAILABLE,2,,Exact local PDF page count.,330801,a30d9d3eaaa4940e207fcba2e81db42105594ad3a69484e4bc18d01b0a8560a9,99a58f8f128bf58c290b4cf3f29e81f526e327ad,344969195b2aca0b19ac51d97185106f,False,,,,Aspose Pty Ltd.,"Aspose.PDF for .NET 24.2.0; modified using iText® Core 7.2.3 (production version) ©2000-2022 iText Group NV, Administrative Office of the United States Courts",D:20251114201810-05'00',D:20251114204606-05'00',https://ecf.njd.uscourts.gov/doc1/119023276120?caseid=550383,,,,https://ecf.njd.uscourts.gov/doc1/119023276120?caseid=550383,,,https://www.courtlistener.com/docket/68869775/apple-inc-smartphone-antitrust-litigation/
0132-001,132,1,2025-11-14,"Nov 14, 2025","Letter from Liza M. Walsh enclosing corrected brief. (Attachments: # 1 Memorandum of Law (Corrected), # 2 Appendix 1-7 (Corrected))(WALSH, LIZA) (Entered: 11/14/2025)",Attachment 1,Memorandum of Law (Corrected),0132-001. (11-14-2025) Memorandum of Law (Corrected).pdf,PACER_LINK_AVAILABLE,107,>=30,Exact local PDF page count.,1096334,e1df2adb0f2aac5d6a3a5b110760564e4caf81acab2a212a09ea4d75463ba1e7,b27c17e9028a85316e056336a3b90c562ab6e416,6511b892d54eba0531483197888cacd8,False,,,,Aspose Pty Ltd.,"Aspose.PDF for .NET 24.2.0; modified using iText® Core 7.2.3 (production version) ©2000-2022 iText Group NV, Administrative Office of the United States Courts",,D:20251114204638-05'00',https://ecf.njd.uscourts.gov/doc1/119023276121?caseid=550383,,,,https://ecf.njd.uscourts.gov/doc1/119023276121?caseid=550383,$3.00,3.00,https://www.courtlistener.com/docket/68869775/apple-inc-smartphone-antitrust-litigation/
0132-002,132,2,2025-11-14,"Nov 14, 2025","Letter from Liza M. Walsh enclosing corrected brief. (Attachments: # 1 Memorandum of Law (Corrected), # 2 Appendix 1-7 (Corrected))(WALSH, LIZA) (Entered: 11/14/2025)",Attachment 2,Appendix 1-7 (Corrected),0132-002. (11-14-2025) (Appendix 1-7 (Corrected)).pdf,PACER_LINK_AVAILABLE,29,29,Exact local PDF page count.,688273,af92df98516227ad62f82ac29ce11933cee89d75f560e9f617a7f720edf30367,da96509f7b48610536e89424932d6134c081b2f7,ec2d7aff770c295b67058c1814183b9f,False,,,,Aspose Pty Ltd.,"Aspose.PDF for .NET 24.2.0; modified using iText® Core 7.2.3 (production version) ©2000-2022 iText Group NV, Administrative Office of the United States Courts",,D:20251114204709-05'00',https://ecf.njd.uscourts.gov/doc1/119023276122?caseid=550383,,,,https://ecf.njd.uscourts.gov/doc1/119023276122?caseid=550383,$2.90,2.90,https://www.courtlistener.com/docket/68869775/apple-inc-smartphone-antitrust-litigation/
0133,133,0,2025-11-19,"Nov 19, 2025","NOTICE of Voluntary Dismissal Without Prejudice by KYLE T. WHITESIDE (KOVEL, DAVID) (Entered: 11/19/2025)",Main Document,Notice of Voluntary Dismissal (aty),0133. (11-19-2025) NOTICE of Voluntary Dismissal Without Prejudice by KYLE T. WHITESIDE.pdf,FREE_RECAP_PDF_AVAILABLE,1,1,Exact local PDF page count.,130253,76a9afce1025ae75f72bbe69957ae75a314299501224a85e9791f2b2f19010c6,fbe309a20d1849b5479ab396eec6da999b2592a6,ab8f1b7536e3ca33f2bb059d94edb662,False,,,,Acrobat PDFMaker 25 for Word,"Adobe PDF Library 25.1.20; modified using iText® Core 7.2.3 (production version) ©2000-2022 iText Group NV, Administrative Office of the United States Courts",D:20251119162645-05'00',D:20251119163719-05'00',https://storage.courtlistener.com/recap/gov.uscourts.njd.550383/gov.uscourts.njd.550383.133.0.pdf,https://storage.courtlistener.com/recap/gov.uscourts.njd.550383/gov.uscourts.njd.550383.133.0.pdf,https://archive.org/download/gov.uscourts.njd.550383/gov.uscourts.njd.550383.133.0.pdf,https://www.courtlistener.com/docket/68869775/133/shoshi-goldfus-v-apple-inc/,https://ecf.njd.uscourts.gov/doc1/119023292334?caseid=550383,$0.10,0.10,https://www.courtlistener.com/docket/68869775/apple-inc-smartphone-antitrust-litigation/
0134,134,0,2025-11-19,"Nov 19, 2025","NOTICE of Appearance by DAVID E KOVEL on behalf of NANCY COX, SHARLA HILBURN, SUSAN MARIE (KOVEL, DAVID) (Entered: 11/19/2025)",Main Document,Notice of Appearance,"0134. (11-19-2025) NOTICE of Appearance by DAVID E KOVEL on behalf of NANCY COX, SHARLA HILBURN, SUSAN MARIE.pdf",PACER_LINK_AVAILABLE,1,,Exact local PDF page count.,127479,054368994c0d8dbd1ae95dd76977c27643754664bafab04d999216b09b81c293,8267091df538441ca9919fb263d4cd4465dfc39f,2f6f1cf684669cecabc9c1f10f6f1d33,False,,,,Acrobat PDFMaker 25 for Word,"Adobe PDF Library 25.1.20; modified using iText® Core 7.2.3 (production version) ©2000-2022 iText Group NV, Administrative Office of the United States Courts",D:20251119162704-05'00',D:20251119164008-05'00',https://ecf.njd.uscourts.gov/doc1/119023292375?caseid=550383,,,,https://ecf.njd.uscourts.gov/doc1/119023292375?caseid=550383,,,https://www.courtlistener.com/docket/68869775/apple-inc-smartphone-antitrust-litigation/
0135,135,0,2025-11-19,"Nov 19, 2025","NOTICE of Appearance by LAUREN WANDS on behalf of NANCY COX, SHARLA HILBURN, SUSAN MARIE (WANDS, LAUREN) (Entered: 11/19/2025)",Main Document,Notice of Appearance,"0135. (11-19-2025) NOTICE of Appearance by LAUREN WANDS on behalf of NANCY COX, SHARLA HILBURN, SUSAN MARIE.pdf",PACER_LINK_AVAILABLE,1,,Exact local PDF page count.,126030,b118086c0c8bff42cac76e04301ca52fdefcd1533aa297017c1bcd2b814f9a39,a0436a875d55c11779a5a0154429eec2b0b1cb14,1264c69c3524e98b304fcb9323023089,False,,,,Acrobat PDFMaker 25 for Word,"Adobe PDF Library 25.1.20; modified using iText® Core 7.2.3 (production version) ©2000-2022 iText Group NV, Administrative Office of the United States Courts",D:20251119162631-05'00',D:20251119164359-05'00',https://ecf.njd.uscourts.gov/doc1/119023292407?caseid=550383,,,,https://ecf.njd.uscourts.gov/doc1/119023292407?caseid=550383,,,https://www.courtlistener.com/docket/68869775/apple-inc-smartphone-antitrust-litigation/
0136,136,0,2025-11-20,"Nov 20, 2025","NOTICE AND ORDER OF VOLUNTARY DISMISSAL WITHOUT PREJUDICE AS TO KYLE T. WHITESIDE ONLY. Signed by Judge Julien Xavier Neals on 11/20/2025. (adc, ) (Entered: 11/20/2025)",Main Document,Order AND ~Util - Add and Terminate Parties,0136. (11-20-2025) NOTICE AND ORDER OF VOLUNTARY DISMISSAL WITHOUT PREJUDICE AS TO KYLE T. WHITESIDE ONLY. Signed by Ju.pdf,PACER_LINK_AVAILABLE,1,,Exact local PDF page count.,200657,1dcc2ea084add3b8b9b980d783f295ee05cbb759e4938b99b2185349479c6115,6ed0d61615d54ae70b822c6e28096d3d0ad2aabf,1c8a3793596538b36a9af56152d99b71,False,,,,Acrobat PDFMaker 25 for Word,"Adobe PDF Library 25.1.20; modified using iText® Core 7.2.3 (production version) ©2000-2022 iText Group NV, Administrative Office of the United States Courts; modified using iText® Core 7.2.3 (production version) ©2000-2022 iText Group NV, Administrative Office of the United States Courts",D:20251119162645-05'00',D:20251120112427-05'00',https://ecf.njd.uscourts.gov/doc1/119023294620?caseid=550383,,,,https://ecf.njd.uscourts.gov/doc1/119023294620?caseid=550383,,,https://www.courtlistener.com/docket/68869775/apple-inc-smartphone-antitrust-litigation/
0137,137,0,2025-11-20,"Nov 20, 2025","NOTICE of Voluntary Dismissal Without Prejudice by THOMAS LEONARD(24-7253) (FINBERG, JAMES) (Entered: 11/20/2025)",Main Document,Notice of Voluntary Dismissal (aty),0137. (11-20-2025) NOTICE of Voluntary Dismissal Without Prejudice by THOMAS LEONARD(24-7253).pdf,FREE_RECAP_PDF_AVAILABLE,1,1,Exact local PDF page count.,166567,3df79d8b620ef199a8d601e596912fcd5db2c1341b995691fe916a41e98cf0e8,973db4c6c95e72e2eff66319f6c288ee671fbb5a,b42096323c09b6619f392276cd8fd624,False,,squattrociocchi,,Acrobat PDFMaker 25 for Word,"Adobe PDF Library 25.1.20; modified using iText® Core 7.2.3 (production version) ©2000-2022 iText Group NV, Administrative Office of the United States Courts; modified using iText® Core 7.2.3 (production version) ©2000-2022 iText Group NV, Administrative Office of the United States Courts; modified using iText® Core 7.2.3 (production version) ©2000-2022 iText Group NV, Administrative Office of the United States Courts",D:20251119162645-05'00',D:20251120160717-05'00',https://storage.courtlistener.com/recap/gov.uscourts.njd.550383/gov.uscourts.njd.550383.137.0.pdf,https://storage.courtlistener.com/recap/gov.uscourts.njd.550383/gov.uscourts.njd.550383.137.0.pdf,https://archive.org/download/gov.uscourts.njd.550383/gov.uscourts.njd.550383.137.0.pdf,https://www.courtlistener.com/docket/68869775/137/shoshi-goldfus-v-apple-inc/,https://ecf.njd.uscourts.gov/doc1/119023296778?caseid=550383,$0.10,0.10,https://www.courtlistener.com/docket/68869775/apple-inc-smartphone-antitrust-litigation/
0138,138,0,2025-11-20,"Nov 20, 2025","NOTICE of Appearance by ROBERT J. GRALEWSKI, JR on behalf of NANCY COX, SHARLA HILBURN, SUSAN MARIE (GRALEWSKI, ROBERT) (Entered: 11/20/2025)",Main Document,Notice of Appearance,"0138. (11-20-2025) NOTICE of Appearance by ROBERT J. GRALEWSKI, JR on behalf of NANCY COX, SHARLA HILBURN, SUSAN MARIE.pdf",PACER_LINK_AVAILABLE,1,,Exact local PDF page count.,153672,f926f88b500792caf818ae2f6dcb403f3a981f9c61c23c8e0781fefbee187803,bf12120c69b7ffb903da2151e280219b52798ca0,25506d602f940dd996dfb22fee82e485,False,,,,Acrobat PDFMaker 25 for Word,"Adobe PDF Library 25.1.20; modified using iText® Core 7.2.3 (production version) ©2000-2022 iText Group NV, Administrative Office of the United States Courts",D:20251119162546-05'00',D:20251120161618-05'00',https://ecf.njd.uscourts.gov/doc1/119023296885?caseid=550383,,,,https://ecf.njd.uscourts.gov/doc1/119023296885?caseid=550383,,,https://www.courtlistener.com/docket/68869775/apple-inc-smartphone-antitrust-litigation/
0139,139,0,2025-11-20,"Nov 20, 2025","RESPONSE in Opposition filed by DEBORAH COLLINS, JAMES COLLINS, SHOSHI GOLDFUS, DEANNA SIANO re 123 MOTION to Dismiss Apple Inc.'s Motion to Dismiss Consolidated Complaints of Direct and Indirect iPhone Purchasers and Direct Apple Watch Purchaser by the Direct iPhone Purchaser Plaintiffs (Attachments: # 1 Text of Proposed Order)(CECCHI, JAMES) (Entered: 11/20/2025)",Main Document,Response in Opposition to Motion,"0139. (11-20-2025) RESPONSE in Opposition filed by DEBORAH COLLINS, JAMES COLLINS, SHOSHI GOLDFUS, DEANNA SIANO re 123.pdf",FREE_RECAP_PDF_AVAILABLE,37,>=30,Exact local PDF page count.,413351,c0d2cf07b55cc3c5e063351e3b99a88932d5f4ad7d3e6470b46b43482df2aca3,d9cc76c93139ba20743249646002de51f5acbf22,b071404809e50c9b891f9e0448973aa5,False,,,,,"iText® Core 7.2.3 (production version) ©2000-2022 iText Group NV, Administrative Office of the United States Courts",,D:20251120170416-05'00',https://storage.courtlistener.com/recap/gov.uscourts.njd.550383/gov.uscourts.njd.550383.139.0.pdf,https://storage.courtlistener.com/recap/gov.uscourts.njd.550383/gov.uscourts.njd.550383.139.0.pdf,https://archive.org/download/gov.uscourts.njd.550383/gov.uscourts.njd.550383.139.0.pdf,https://www.courtlistener.com/docket/68869775/139/shoshi-goldfus-v-apple-inc/,https://ecf.njd.uscourts.gov/doc1/119023297390?caseid=550383,$3.00,3.00,https://www.courtlistener.com/docket/68869775/apple-inc-smartphone-antitrust-litigation/
0139-001,139,1,2025-11-20,"Nov 20, 2025","RESPONSE in Opposition filed by DEBORAH COLLINS, JAMES COLLINS, SHOSHI GOLDFUS, DEANNA SIANO re 123 MOTION to Dismiss Apple Inc.'s Motion to Dismiss Consolidated Complaints of Direct and Indirect iPhone Purchasers and Direct Apple Watch Purchaser by the Direct iPhone Purchaser Plaintiffs (Attachments: # 1 Text of Proposed Order)(CECCHI, JAMES) (Entered: 11/20/2025)",Attachment 1,Text of Proposed Order,0139-001. (11-20-2025) (Text of Proposed Order).pdf,PACER_LINK_AVAILABLE,1,1,Exact local PDF page count.,120593,67bb5b92b7497d3cb820b287125e6238bee0d0a5efeab291f589450bce8c6a48,7b7ab9f35af6ef25e360a3bb84cbc71101ad7f80,d5e0a606f76e274a6bdb69c8aad49774,False,,,,,"iText® Core 7.2.3 (production version) ©2000-2022 iText Group NV, Administrative Office of the United States Courts",,D:20251120170454-05'00',https://ecf.njd.uscourts.gov/doc1/119023297391?caseid=550383,,,,https://ecf.njd.uscourts.gov/doc1/119023297391?caseid=550383,$0.10,0.10,https://www.courtlistener.com/docket/68869775/apple-inc-smartphone-antitrust-litigation/
0140,140,0,2025-11-20,"Nov 20, 2025","BRIEF in Opposition filed by NICOLE ARENDS re 123 MOTION to Dismiss Apple Inc.'s Motion to Dismiss Consolidated Complaints of Direct and Indirect iPhone Purchasers and Direct Apple Watch Purchaser Memorandum in Opposition to Apple Inc's Motion to Dismiss Consolidated Complaint of Indirect IPhone Purchasers (Attachments: # 1 Appendix, # 2 Declaration, # 3 Exhibit)(KING, STANLEY) (Entered: 11/20/2025)",Main Document,Brief in Opposition to Motion,0140. (11-20-2025) BRIEF in Opposition filed by NICOLE ARENDS re 123 MOTION to Dismiss Apple Inc.s Motion to Dismiss C.pdf,FREE_RECAP_PDF_AVAILABLE,41,>=30,Exact local PDF page count.,528792,57169a1de05a13ce89adae58f358b302a7890fa0e247474f76cf6646296eca47,93c652817a40056285ec54d59a72301987f13971,118235efafc522aa94c1de962f4b8481,False,,"Konkoly, Antonia M.",,Acrobat PDFMaker 25 for Word,"Adobe PDF Library 25.1.201; modified using iText® Core 7.2.3 (production version) ©2000-2022 iText Group NV, Administrative Office of the United States Courts",D:20251120155738-05'00',D:20251120172019-05'00',https://storage.courtlistener.com/recap/gov.uscourts.njd.550383/gov.uscourts.njd.550383.140.0.pdf,https://storage.courtlistener.com/recap/gov.uscourts.njd.550383/gov.uscourts.njd.550383.140.0.pdf,https://archive.org/download/gov.uscourts.njd.550383/gov.uscourts.njd.550383.140.0.pdf,https://www.courtlistener.com/docket/68869775/140/shoshi-goldfus-v-apple-inc/,https://ecf.njd.uscourts.gov/doc1/119023297478?caseid=550383,$3.00,3.00,https://www.courtlistener.com/docket/68869775/apple-inc-smartphone-antitrust-litigation/
0140-001,140,1,2025-11-20,"Nov 20, 2025","BRIEF in Opposition filed by NICOLE ARENDS re 123 MOTION to Dismiss Apple Inc.'s Motion to Dismiss Consolidated Complaints of Direct and Indirect iPhone Purchasers and Direct Apple Watch Purchaser Memorandum in Opposition to Apple Inc's Motion to Dismiss Consolidated Complaint of Indirect IPhone Purchasers (Attachments: # 1 Appendix, # 2 Declaration, # 3 Exhibit)(KING, STANLEY) (Entered: 11/20/2025)",Attachment 1,Appendix,0140-001. (11-20-2025) Appendix.pdf,PACER_LINK_AVAILABLE,67,>=30,Exact local PDF page count.,811023,10ceb7666e6e6fae6e7be04dc3ecbcaa2e2c4c2d248c2420d0a25091eb69b931,e340bc23e4a7aa197f0293bcaec8048ba62b5828,ba109542ee35d18e9284c32a7b0ae17f,False,,Robert Wozniak,,Acrobat PDFMaker 25 for Word,"Adobe PDF Library 25.1.108; modified using iText® Core 7.2.3 (production version) ©2000-2022 iText Group NV, Administrative Office of the United States Courts",D:20251119172951-05'00',D:20251120172046-05'00',https://ecf.njd.uscourts.gov/doc1/119023297479?caseid=550383,,,,https://ecf.njd.uscourts.gov/doc1/119023297479?caseid=550383,$3.00,3.00,https://www.courtlistener.com/docket/68869775/apple-inc-smartphone-antitrust-litigation/
0140-002,140,2,2025-11-20,"Nov 20, 2025","BRIEF in Opposition filed by NICOLE ARENDS re 123 MOTION to Dismiss Apple Inc.'s Motion to Dismiss Consolidated Complaints of Direct and Indirect iPhone Purchasers and Direct Apple Watch Purchaser Memorandum in Opposition to Apple Inc's Motion to Dismiss Consolidated Complaint of Indirect IPhone Purchasers (Attachments: # 1 Appendix, # 2 Declaration, # 3 Exhibit)(KING, STANLEY) (Entered: 11/20/2025)",Attachment 2,Declaration,0140-002. (11-20-2025) Declaration.pdf,PACER_LINK_AVAILABLE,3,3,Exact local PDF page count.,162670,5288d4790dbd2aced8ccddf6ca36305636b1ca661adfd73c11c1226469aa1345,6becbb4cb979e15634fbbfb4c1f3f1e2201002c8,b6073e11dd95fa8a49480aea2b0d5cbf,False,,"Potteiger, Heather N.",,Acrobat PDFMaker 25 for Word,"Adobe PDF Library 25.1.108; modified using iText® Core 7.2.3 (production version) ©2000-2022 iText Group NV, Administrative Office of the United States Courts",D:20251119104039-05'00',D:20251120172114-05'00',https://ecf.njd.uscourts.gov/doc1/119023297480?caseid=550383,,,,https://ecf.njd.uscourts.gov/doc1/119023297480?caseid=550383,$0.30,0.30,https://www.courtlistener.com/docket/68869775/apple-inc-smartphone-antitrust-litigation/
0140-003,140,3,2025-11-20,"Nov 20, 2025","BRIEF in Opposition filed by NICOLE ARENDS re 123 MOTION to Dismiss Apple Inc.'s Motion to Dismiss Consolidated Complaints of Direct and Indirect iPhone Purchasers and Direct Apple Watch Purchaser Memorandum in Opposition to Apple Inc's Motion to Dismiss Consolidated Complaint of Indirect IPhone Purchasers (Attachments: # 1 Appendix, # 2 Declaration, # 3 Exhibit)(KING, STANLEY) (Entered: 11/20/2025)",Attachment 3,Exhibit,0140-003. (11-20-2025) (Exhibit).pdf,PACER_LINK_AVAILABLE,22,22,Exact local PDF page count.,167992,ab9937a80b0b781f340d3fc41f800c998389b96174473c1e53aa3c9ae9b4ac9f,e2b1a3b407aaa9493a57f12222fc69b9daf3df5b,f9b321741cfc6ea96bde1bb978a12982,False,Microsoft Word - Document16,pottehn,,Power PDF Create,"Power PDF Create; modified using iText® Core 7.2.3 (production version) ©2000-2022 iText Group NV, Administrative Office of the United States Courts",D:20240909181445-05'00',D:20251120172142-05'00',https://ecf.njd.uscourts.gov/doc1/119023297481?caseid=550383,,,,https://ecf.njd.uscourts.gov/doc1/119023297481?caseid=550383,$2.20,2.20,https://www.courtlistener.com/docket/68869775/apple-inc-smartphone-antitrust-litigation/
0141,141,0,2025-11-20,"Nov 20, 2025","RESPONSE in Opposition filed by JOSEPH GIAMANCO re 123 MOTION to Dismiss Apple Inc.'s Motion to Dismiss Consolidated Complaints of Direct and Indirect iPhone Purchasers and Direct Apple Watch Purchaser Direct Apple Watch Purchaser Plaintiffs' Memorandum In Opposition to Defendant Apple Inc.'s Motion to Dismiss (Attachments: # 1 Certificate of Service)(CURTIN, THOMAS) (Entered: 11/20/2025)",Main Document,Response in Opposition to Motion,0141. (11-20-2025) RESPONSE in Opposition filed by JOSEPH GIAMANCO re 123 MOTION to Dismiss Apple Inc.s Motion to Dism.pdf,FREE_RECAP_PDF_AVAILABLE,41,>=30,Exact local PDF page count.,314932,26e2b002a58ec81fb3c73f5d3c2066a09e0f177385dcb187eec60760344351ad,ddcf6c33d1825d4a42beaf7975e64ea8dc25234d,bc66931122d7a07c14694c50b979481e,False,,,,PScript5.dll Version 5.2.2,"Acrobat Distiller 25.0 (Windows); modified using iText® Core 7.2.3 (production version) ©2000-2022 iText Group NV, Administrative Office of the United States Courts",D:20251120192438-05'00',D:20251120201545-05'00',https://storage.courtlistener.com/recap/gov.uscourts.njd.550383/gov.uscourts.njd.550383.141.0.pdf,https://storage.courtlistener.com/recap/gov.uscourts.njd.550383/gov.uscourts.njd.550383.141.0.pdf,https://archive.org/download/gov.uscourts.njd.550383/gov.uscourts.njd.550383.141.0.pdf,https://www.courtlistener.com/docket/68869775/141/shoshi-goldfus-v-apple-inc/,https://ecf.njd.uscourts.gov/doc1/119023297747?caseid=550383,$3.00,3.00,https://www.courtlistener.com/docket/68869775/apple-inc-smartphone-antitrust-litigation/
0141-001,141,1,2025-11-20,"Nov 20, 2025","RESPONSE in Opposition filed by JOSEPH GIAMANCO re 123 MOTION to Dismiss Apple Inc.'s Motion to Dismiss Consolidated Complaints of Direct and Indirect iPhone Purchasers and Direct Apple Watch Purchaser Direct Apple Watch Purchaser Plaintiffs' Memorandum In Opposition to Defendant Apple Inc.'s Motion to Dismiss (Attachments: # 1 Certificate of Service)(CURTIN, THOMAS) (Entered: 11/20/2025)",Attachment 1,Certificate of Service,0141-001. (11-20-2025) (Certificate of Service).pdf,PACER_LINK_AVAILABLE,1,1,Exact local PDF page count.,24792,fd501086fe26b63fc4a2a09372569a37bdbc0ff739af156ff3b1da08849a0bbd,782977aa02aff688d87f2a45954b7c05987827fb,073cbe95dcae7e157d8442fa45fde1e9,False,Microsoft Word - Apple Watch - Final COS Brief In Opp. to MTD (002)(13632025.1).docx,kfennelly,,Power PDF Create,"Power PDF Create; modified using iText® Core 7.2.3 (production version) ©2000-2022 iText Group NV, Administrative Office of the United States Courts",D:20251120130400-05'00',D:20251120201636-05'00',https://ecf.njd.uscourts.gov/doc1/119023297748?caseid=550383,,,,https://ecf.njd.uscourts.gov/doc1/119023297748?caseid=550383,$0.10,0.10,https://www.courtlistener.com/docket/68869775/apple-inc-smartphone-antitrust-litigation/
0142,142,0,2025-12-05,"Dec 5, 2025","JOINT SCHEDULING & CASE MANAGEMENT ORDER Filed. This case is part of MDL 3113. Parties are expected to review and abide by all prior orders entered in this MDL, which can be found here.. Signed by Magistrate Judge Leda D. Wettre on 12/4/2025. (jal, ) (Entered: 12/05/2025)",Main Document,Case Management Order AND Scheduling Order,0142. (12-05-2025) JOINT SCHEDULING  CASE MANAGEMENT ORDER Filed. This case is part of MDL 3113. Parties are expected.pdf,FREE_RECAP_PDF_AVAILABLE,23,23,Exact local PDF page count.,12593395,cdcad6ffc6ace8df091b25d0db6c6b2092a9239a85c94f963416797e6a78b419,6c7b85818d6faa41a75a2c5a2ad4cb9e8288e966,a1ca3ed5553f8596d18ee15ef73f0e02,False,,,,,"iText® Core 7.2.3 (production version) ©2000-2022 iText Group NV, Administrative Office of the United States Courts",,D:20251205091709-05'00',https://storage.courtlistener.com/recap/gov.uscourts.njd.550383/gov.uscourts.njd.550383.142.0.pdf,https://storage.courtlistener.com/recap/gov.uscourts.njd.550383/gov.uscourts.njd.550383.142.0.pdf,https://archive.org/download/gov.uscourts.njd.550383/gov.uscourts.njd.550383.142.0.pdf,https://www.courtlistener.com/docket/68869775/142/shoshi-goldfus-v-apple-inc/,https://ecf.njd.uscourts.gov/doc1/119023345733?caseid=550383,$2.30,2.30,https://www.courtlistener.com/docket/68869775/apple-inc-smartphone-antitrust-litigation/
0143,143,0,2025-12-09,"Dec 9, 2025","NOTICE of Appearance by SCOTT MICHAEL GRZENCZYK on behalf of RICHARD DWYER, AIMEN HALIM (GRZENCZYK, SCOTT) (Entered: 12/09/2025)",Main Document,Notice of Appearance,"0143. (12-09-2025) NOTICE of Appearance by SCOTT MICHAEL GRZENCZYK on behalf of RICHARD DWYER, AIMEN HALIM.pdf",PACER_LINK_AVAILABLE,1,,Exact local PDF page count.,267917,23276280b9896544e7d74484f430a5623c27c236224c7b39e5fddb96193658b6,9a75e22ef40875f0376770bd7344950189ff421a,6aa85906c82c56306a59d59c3d33fc5b,False,Microsoft Word - 2025-12-09 Notice of Appearance of S. Grzenczyk 4926-9117-9607 v.3.docx,Anne-Michele Von Goetz,,,"Microsoft: Print To PDF; modified using iText® Core 7.2.3 (production version) ©2000-2022 iText Group NV, Administrative Office of the United States Courts",D:20251209093650-08'00',D:20251209124804-05'00',https://ecf.njd.uscourts.gov/doc1/119023357770?caseid=550383,,,,https://ecf.njd.uscourts.gov/doc1/119023357770?caseid=550383,,,https://www.courtlistener.com/docket/68869775/apple-inc-smartphone-antitrust-litigation/
0144,144,0,2025-12-09,"Dec 9, 2025","NOTICE of Appearance by KYLE QUACKENBUSH on behalf of RICHARD DWYER, AIMEN HALIM (QUACKENBUSH, KYLE) (Entered: 12/09/2025)",Main Document,Notice of Appearance,"0144. (12-09-2025) NOTICE of Appearance by KYLE QUACKENBUSH on behalf of RICHARD DWYER, AIMEN HALIM.pdf",PACER_LINK_AVAILABLE,1,,Exact local PDF page count.,268942,40df6aae51650696a028414426d74f5ba895e105a1b72bc770021c71c0a4e551,8802dba19734ba5b4817759bf51151dcc752f6fc,3a8349a8dc9448e8ba96fec0a595c877,False,Microsoft Word - 2025-12-09 Notice of Appearance of K. Quackenbush 4927-3141-8725 v.2.docx,Anne-Michele Von Goetz,,,"Microsoft: Print To PDF; modified using iText® Core 7.2.3 (production version) ©2000-2022 iText Group NV, Administrative Office of the United States Courts",D:20251209093740-08'00',D:20251209125046-05'00',https://ecf.njd.uscourts.gov/doc1/119023357793?caseid=550383,,,,https://ecf.njd.uscourts.gov/doc1/119023357793?caseid=550383,,,https://www.courtlistener.com/docket/68869775/apple-inc-smartphone-antitrust-litigation/
0145,145,0,2025-12-09,"Dec 9, 2025","NOTICE of Appearance by ISABEL VELEZ on behalf of RICHARD DWYER, AIMEN HALIM (VELEZ, ISABEL) (Entered: 12/09/2025)",Main Document,Notice of Appearance,"0145. (12-09-2025) NOTICE of Appearance by ISABEL VELEZ on behalf of RICHARD DWYER, AIMEN HALIM.pdf",PACER_LINK_AVAILABLE,1,,Exact local PDF page count.,266380,94924387c7a5c4cf9bf97516a93373b2ee31238b8ed6c2387d64290916bbb060,4a774778421beff63b006f0ed0d7875d276721c5,a895f472ab62b0655d467195418c0555,False,Microsoft Word - 2025-12-09 Notice of Appearance of I. Velez 4920-1189-8981 v.2.docx,Anne-Michele Von Goetz,,,"Microsoft: Print To PDF; modified using iText® Core 7.2.3 (production version) ©2000-2022 iText Group NV, Administrative Office of the United States Courts",D:20251209093453-08'00',D:20251209125428-05'00',https://ecf.njd.uscourts.gov/doc1/119023357815?caseid=550383,,,,https://ecf.njd.uscourts.gov/doc1/119023357815?caseid=550383,,,https://www.courtlistener.com/docket/68869775/apple-inc-smartphone-antitrust-litigation/
0146,146,0,2025-12-16,"Dec 16, 2025","NOTICE of Appearance by ANDREW DELANEY on behalf of United States of America (DELANEY, ANDREW) (Entered: 12/16/2025)",Main Document,Notice of Appearance,0146. (12-16-2025) NOTICE of Appearance by ANDREW DELANEY on behalf of United States of America.pdf,PACER_LINK_AVAILABLE,2,,Exact local PDF page count.,241560,9f3fe54030bd14887b9fd44bb89b194339d74f02b092b3fb3425a1619ee584b2,36f0c5353ac0bdf1f368ea23a0816322b6724beb,9e6c4764e68a0a13038c3d0d3572b4f0,False,,,,,"iText® Core 7.2.3 (production version) ©2000-2022 iText Group NV, Administrative Office of the United States Courts",,D:20251216195105-05'00',https://ecf.njd.uscourts.gov/doc1/119023385438?caseid=550383,,,,https://ecf.njd.uscourts.gov/doc1/119023385438?caseid=550383,,,https://www.courtlistener.com/docket/68869775/apple-inc-smartphone-antitrust-litigation/
0147,147,0,2025-12-16,"Dec 16, 2025","STATEMENT OF INTEREST by United States of America. (DELANEY, ANDREW) (Entered: 12/16/2025)",Main Document,Statement,0147. (12-16-2025) STATEMENT OF INTEREST by United States of America.pdf,FREE_RECAP_PDF_AVAILABLE,14,14,Exact local PDF page count.,290199,09424ad61433a1f73b13e9aab38d2e7fcffb01a9e94864a90fcd6b786ad992a2,bd36fa527cbd929fec3501c30646c115d42de5d9,4df149d1dfaf5d89bd228972b8f637ea,False,,,,,"iText® Core 7.2.3 (production version) ©2000-2022 iText Group NV, Administrative Office of the United States Courts",,D:20251216200135-05'00',https://storage.courtlistener.com/recap/gov.uscourts.njd.550383/gov.uscourts.njd.550383.147.0_1.pdf,https://storage.courtlistener.com/recap/gov.uscourts.njd.550383/gov.uscourts.njd.550383.147.0_1.pdf,https://archive.org/download/gov.uscourts.njd.550383/gov.uscourts.njd.550383.147.0.pdf,https://www.courtlistener.com/docket/68869775/147/shoshi-goldfus-v-apple-inc/,https://ecf.njd.uscourts.gov/doc1/119023385441?caseid=550383,$1.40,1.40,https://www.courtlistener.com/docket/68869775/apple-inc-smartphone-antitrust-litigation/
0148,148,0,2025-12-19,"Dec 19, 2025","REPLY BRIEF to Opposition to Motion filed by APPLE, INC. re 123 MOTION to Dismiss Apple Inc.'s Motion to Dismiss Consolidated Complaints of Direct and Indirect iPhone Purchasers and Direct Apple Watch Purchaser (WALSH, LIZA) (Entered: 12/19/2025)",Main Document,Reply Brief to Opposition to Motion,"0148. (12-19-2025) REPLY BRIEF to Opposition to Motion filed by APPLE, INC. re 123 MOTION to Dismiss Apple Inc.s Motio.pdf",PACER_LINK_AVAILABLE,57,,Exact local PDF page count.,533277,e4dbc06b9ba2f56ff2def3c2a426bf8a13dd4cbaefec1c55efe8f57b1f99a8ba,8b9f9514c514f873c6da9b183725f42f746ddf6f,02c516a3857c428a297e8a6495829274,False,,,,Aspose Pty Ltd.,"Aspose.PDF for .NET 24.2.0; modified using iText® Core 7.2.3 (production version) ©2000-2022 iText Group NV, Administrative Office of the United States Courts",D:20251219223429-05'00',D:20251219231100-05'00',https://ecf.njd.uscourts.gov/doc1/119023400934?caseid=550383,,,,https://ecf.njd.uscourts.gov/doc1/119023400934?caseid=550383,,,https://www.courtlistener.com/docket/68869775/apple-inc-smartphone-antitrust-litigation/
0149,149,0,2026-01-09,"Jan 9, 2026","Letter from MDL Plaintiffs to Hon. Magistrate Judge Wettre. (HOLLINGER, JORDAN) (Entered: 01/09/2026)",Main Document,Letter,0149. (01-09-2026) Letter from MDL Plaintiffs to Hon. Magistrate Judge Wettre.pdf,FREE_RECAP_PDF_AVAILABLE,1,1,Exact local PDF page count.,147570,20a8e9188fe5ac30685ca45a27a2d87676ede2dd3db77f40b2509cb212997397,463eafe417c0ba5edbaa578e9bbb42dbbf5f49f6,7c498bf493f96da9d4ca094a9c1e9563,False,,Rosalie Scanlon,,Microsoft® Word for Microsoft 365,"Microsoft® Word for Microsoft 365; modified using iText® Core 7.2.3 (production version) ©2000-2022 iText Group NV, Administrative Office of the United States Courts",D:20260109193916-05'00',D:20260109195827-05'00',https://storage.courtlistener.com/recap/gov.uscourts.njd.550383/gov.uscourts.njd.550383.149.0.pdf,https://storage.courtlistener.com/recap/gov.uscourts.njd.550383/gov.uscourts.njd.550383.149.0.pdf,https://archive.org/download/gov.uscourts.njd.550383/gov.uscourts.njd.550383.149.0.pdf,https://www.courtlistener.com/docket/68869775/149/shoshi-goldfus-v-apple-inc/,https://ecf.njd.uscourts.gov/doc1/119023457943?caseid=550383,$0.10,0.10,https://www.courtlistener.com/docket/68869775/apple-inc-smartphone-antitrust-litigation/
0150,150,0,2026-01-12,"Jan 12, 2026","LETTER ORDER Granting request to extend the deadline for the joint submission until 1/14/2026. Signed by Magistrate Judge Leda D. Wettre on 1/12/2026. (kes, ) (Entered: 01/12/2026)",Main Document,Order,0150. (01-12-2026) LETTER ORDER Granting request to extend the deadline for the joint submission until 1142026. Signe.pdf,FREE_RECAP_PDF_AVAILABLE,1,1,Exact local PDF page count.,165769,85686d634cf14eeadf76f90ab3840f7e6bd8a606beba09ac4a6e5db91f9c3757,7b1d773c8fc93bff466eb5d38c2dcc19dd472c70,12f29c05058434bf7305e3cfd84d34d9,False,,,,,"iText® Core 7.2.3 (production version) ©2000-2022 iText Group NV, Administrative Office of the United States Courts",,D:20260112153945-05'00',https://storage.courtlistener.com/recap/gov.uscourts.njd.550383/gov.uscourts.njd.550383.150.0.pdf,https://storage.courtlistener.com/recap/gov.uscourts.njd.550383/gov.uscourts.njd.550383.150.0.pdf,https://archive.org/download/gov.uscourts.njd.550383/gov.uscourts.njd.550383.150.0.pdf,https://www.courtlistener.com/docket/68869775/150/shoshi-goldfus-v-apple-inc/,https://ecf.njd.uscourts.gov/doc1/119023462927?caseid=550383,$0.10,0.10,https://www.courtlistener.com/docket/68869775/apple-inc-smartphone-antitrust-litigation/
0151,151,0,2026-01-14,"Jan 14, 2026","NOTICE of Appearance by KATHERINE DREWS on behalf of IRA POLLY (DREWS, KATHERINE) (Entered: 01/14/2026)",Main Document,Notice of Appearance,0151. (01-14-2026) NOTICE of Appearance by KATHERINE DREWS on behalf of IRA POLLY.pdf,PACER_LINK_AVAILABLE,2,,Exact local PDF page count.,306726,b37c905458c6e256d0b26842e8db9d2d0e0471d252b9c36d8d50ca55d1ca4ea4,748bbdc6100320997205d6b2112b0ed49e09f66d,e475486618a854ba0572e50cc9a29af6,False,,Laura Parrella,,Acrobat PDFMaker 25 for Word,"Adobe PDF Library 25.1.20; modified using iText® Core 7.2.3 (production version) ©2000-2022 iText Group NV, Administrative Office of the United States Courts",D:20251105110827-06'00',D:20260114152658-05'00',https://ecf.njd.uscourts.gov/doc1/119023473562?caseid=550383,,,,https://ecf.njd.uscourts.gov/doc1/119023473562?caseid=550383,,,https://www.courtlistener.com/docket/68869775/apple-inc-smartphone-antitrust-litigation/
0152,152,0,2026-01-14,"Jan 14, 2026","Letter from Christopher A. Seeger 2026.01.14 Joint Letter re MDL Substantial Completion Date (Joint). (SEEGER, CHRISTOPHER) (Entered: 01/14/2026)",Main Document,Letter,0152. (01-14-2026) Letter from Christopher A. Seeger 2026.01.14 Joint Letter re MDL Substantial Completion Date (Joint).pdf,FREE_RECAP_PDF_AVAILABLE,10,10,Exact local PDF page count.,202262,480c0cf3b1aed6c6f5e91c521575cee53805a4c5fccf1f106e9bce9d974f80d8,a5ae5c9e39cf35ff6f2132213cdfd46620601cac,bcdd92b4122025cbde2e623b6790ed9c,False,2026.01.14 Joint Letter re MDL Substantial Completion Date,Jen Scullion,,Word,"macOS Version 15.5 (Build 24F74) Quartz PDFContext; modified using iText® Core 7.2.3 (production version) ©2000-2022 iText Group NV, Administrative Office of the United States Courts",D:20260115013017Z,D:20260114205651-05'00',https://storage.courtlistener.com/recap/gov.uscourts.njd.550383/gov.uscourts.njd.550383.152.0.pdf,https://storage.courtlistener.com/recap/gov.uscourts.njd.550383/gov.uscourts.njd.550383.152.0.pdf,https://archive.org/download/gov.uscourts.njd.550383/gov.uscourts.njd.550383.152.0.pdf,https://www.courtlistener.com/docket/68869775/152/shoshi-goldfus-v-apple-inc/,https://ecf.njd.uscourts.gov/doc1/119023475163?caseid=550383,$1.00,1.00,https://www.courtlistener.com/docket/68869775/apple-inc-smartphone-antitrust-litigation/
0153,153,0,2026-01-22,"Jan 22, 2026","Letter from Liza M. Walsh to the Hon. Julien Xavier Neals, U.S.D.J., re: supplemental authority. (Attachments: # 1 Exhibit 1)(WALSH, LIZA) (Entered: 01/22/2026)",Main Document,Letter,"0153. (01-22-2026) Letter from Liza M. Walsh to the Hon. Julien Xavier Neals, U.S.D.J., re- supplemental authority.pdf",FREE_RECAP_PDF_AVAILABLE,3,3,Exact local PDF page count.,289110,6d9858130cc1bcd29c9486a25a3a876139f8d3c498299638f4e91d9af0b35c87,3031a83809c7ab13a9d831fc60f3d15fd153af32,5e12d0d63d139c6b88e71083e402650c,False,,Lauren Malakoff,,Acrobat PDFMaker 25 for Word,"Adobe PDF Library 25.1.5; modified using iText® Core 7.2.3 (production version) ©2000-2022 iText Group NV, Administrative Office of the United States Courts",D:20260122223345-05'00',D:20260122224844-05'00',https://storage.courtlistener.com/recap/gov.uscourts.njd.550383/gov.uscourts.njd.550383.153.0.pdf,https://storage.courtlistener.com/recap/gov.uscourts.njd.550383/gov.uscourts.njd.550383.153.0.pdf,https://archive.org/download/gov.uscourts.njd.550383/gov.uscourts.njd.550383.153.0.pdf,https://www.courtlistener.com/docket/68869775/153/shoshi-goldfus-v-apple-inc/,https://ecf.njd.uscourts.gov/doc1/119023503856?caseid=550383,$0.30,0.30,https://www.courtlistener.com/docket/68869775/apple-inc-smartphone-antitrust-litigation/
0153-001,153,1,2026-01-22,"Jan 22, 2026","Letter from Liza M. Walsh to the Hon. Julien Xavier Neals, U.S.D.J., re: supplemental authority. (Attachments: # 1 Exhibit 1)(WALSH, LIZA) (Entered: 01/22/2026)",Attachment 1,Exhibit 1,0153-001. (01-22-2026) (Exhibit 1).pdf,PACER_LINK_AVAILABLE,27,27,Exact local PDF page count.,416222,ac9b5cb105f47db660bc858d45ebddfad7247614cf0885db845322185462182c,0e14fcbf98c47ca0642add82b05f3ab38c655372,8e00fbcf47ba91bc37ac168b995bbc7a,False,Exhibit 1 - AliveCor Opinion (002).pdf,Lauren Malakoff,,,"Microsoft: Print To PDF; modified using iText® Core 7.2.3 (production version) ©2000-2022 iText Group NV, Administrative Office of the United States Courts",D:20260122222929-05'00',D:20260122225118-05'00',https://ecf.njd.uscourts.gov/doc1/119023503857?caseid=550383,,,,https://ecf.njd.uscourts.gov/doc1/119023503857?caseid=550383,$2.70,2.70,https://www.courtlistener.com/docket/68869775/apple-inc-smartphone-antitrust-litigation/
0154,154,0,2026-01-29,"Jan 29, 2026","NOTICE of Voluntary Dismissal by ANALI HERRERIAS (BLATT, GAYLE) (Entered: 01/29/2026)",Main Document,Notice of Voluntary Dismissal (aty),0154. (01-29-2026) NOTICE of Voluntary Dismissal by ANALI HERRERIAS.pdf,PACER_LINK_AVAILABLE,1,,Exact local PDF page count.,110196,79f20e0289f07ac8a6ab86a49555ffb8a2001bd0d5fcc3244962ce980608cd32,fae03b0fc043c5bd957bf9567e70dde42ea7d1b1,219607a39a59639b75eefbba3acc052c,False,Microsoft Word - Notice of Voluntary Dismissal - Anali Herrerias,clazar,,PScript5.dll Version 5.2.2,"Acrobat Distiller 25.0 (Windows); modified using iText® Core 7.2.3 (production version) ©2000-2022 iText Group NV, Administrative Office of the United States Courts",D:20260129094357-08'00',D:20260129124818-05'00',https://ecf.njd.uscourts.gov/doc1/119023525956?caseid=550383,,,,https://ecf.njd.uscourts.gov/doc1/119023525956?caseid=550383,,,https://www.courtlistener.com/docket/68869775/apple-inc-smartphone-antitrust-litigation/
0155,155,0,2026-01-29,"Jan 29, 2026","NOTICE of Voluntary Dismissal by MARIAH NAYERI (BLATT, GAYLE) (Entered: 01/29/2026)",Main Document,Notice of Voluntary Dismissal (aty),0155. (01-29-2026) NOTICE of Voluntary Dismissal by MARIAH NAYERI.pdf,FREE_RECAP_PDF_AVAILABLE,1,1,Exact local PDF page count.,109851,bd091faa88ed70da8a67d36da7d32276ebab59887a7f47bafe7f42ac74bbd45b,37935923fe43b46841916e2572232899f45f90db,b8cf711d3241c7c5b5f6d6c7863d5c32,False,Microsoft Word - Notice of Voluntary Dismissal - Mariah Nayeri,clazar,,PScript5.dll Version 5.2.2,"Acrobat Distiller 25.0 (Windows); modified using iText® Core 7.2.3 (production version) ©2000-2022 iText Group NV, Administrative Office of the United States Courts",D:20260129094455-08'00',D:20260129124949-05'00',https://storage.courtlistener.com/recap/gov.uscourts.njd.550383/gov.uscourts.njd.550383.155.0.pdf,https://storage.courtlistener.com/recap/gov.uscourts.njd.550383/gov.uscourts.njd.550383.155.0.pdf,https://archive.org/download/gov.uscourts.njd.550383/gov.uscourts.njd.550383.155.0.pdf,https://www.courtlistener.com/docket/68869775/155/shoshi-goldfus-v-apple-inc/,https://ecf.njd.uscourts.gov/doc1/119023525974?caseid=550383,$0.10,0.10,https://www.courtlistener.com/docket/68869775/apple-inc-smartphone-antitrust-litigation/
0156,156,0,2026-01-30,"Jan 30, 2026","ORDER Granting 154 Notice of Voluntary Dismissal; Anali Herrerias hereby voluntarily dismisses their claims against defendant Apple, Inc., pursuant to Fed. R. Civ. P. 41(a). ANALI HERRERIAS (24-7194) terminated. Signed by Judge Julien Xavier Neals on 1/30/2026. (sms2) (Entered: 01/30/2026)",Main Document,Order AND ~Util - Add and Terminate Parties,0156. (01-30-2026) ORDER Granting 154 Notice of Voluntary Dismissal Anali Herrerias hereby voluntarily dismisses their.pdf,PACER_LINK_AVAILABLE,1,,Exact local PDF page count.,179715,dc307ab42eef126876d4a2f503b7fd65837c3c9d46548ce09a28a266e39cd78b,2830cac20668257ebbf8e14e72eb14ec7ce3647d,7bf7126865aa20cf630bb3817d9c07ed,False,Microsoft Word - Notice of Voluntary Dismissal - Anali Herrerias,clazar,,PScript5.dll Version 5.2.2,"Acrobat Distiller 25.0 (Windows); modified using iText® Core 7.2.3 (production version) ©2000-2022 iText Group NV, Administrative Office of the United States Courts; modified using iText® Core 7.2.3 (production version) ©2000-2022 iText Group NV, Administrative Office of the United States Courts",D:20260129094357-08'00',D:20260130103707-05'00',https://ecf.njd.uscourts.gov/doc1/119023529999?caseid=550383,,,,https://ecf.njd.uscourts.gov/doc1/119023529999?caseid=550383,,,https://www.courtlistener.com/docket/68869775/apple-inc-smartphone-antitrust-litigation/
0157,157,0,2026-01-30,"Jan 30, 2026","ORDER Granting 155 Notice of Voluntary Dismissal; Mariah Nayeri hereby voluntarily dismisses their claims against defendant Apple, Inc., pursuant to Fed. R. Civ. P. 41(a). MARIAH NAYERI (individually and on behalf of all others similarly situated, 24-7194) terminated. Signed by Judge Julien Xavier Neals on 1/30/2026. (sms2) (Entered: 01/30/2026)",Main Document,Order AND ~Util - Add and Terminate Parties,0157. (01-30-2026) ORDER Granting 155 Notice of Voluntary Dismissal Mariah Nayeri hereby voluntarily dismisses their c.pdf,PACER_LINK_AVAILABLE,1,,Exact local PDF page count.,178981,983f4688744effd6252ff4f2ebf344e6cb7766deaed4f5d082ab77af232e27e9,5a504bf0bf24a81f3ba60a2ff3b5f9d7585bec06,a23b13936d93db712b43a35c10feeb50,False,Microsoft Word - Notice of Voluntary Dismissal - Mariah Nayeri,clazar,,PScript5.dll Version 5.2.2,"Acrobat Distiller 25.0 (Windows); modified using iText® Core 7.2.3 (production version) ©2000-2022 iText Group NV, Administrative Office of the United States Courts; modified using iText® Core 7.2.3 (production version) ©2000-2022 iText Group NV, Administrative Office of the United States Courts",D:20260129094455-08'00',D:20260130104010-05'00',https://ecf.njd.uscourts.gov/doc1/119023530016?caseid=550383,,,,https://ecf.njd.uscourts.gov/doc1/119023530016?caseid=550383,,,https://www.courtlistener.com/docket/68869775/apple-inc-smartphone-antitrust-litigation/
0158,158,0,2026-02-05,"Feb 5, 2026","NOTICE by All Plaintiffs NOTICE OF CHANGE OF DISTRIBUTION EMAIL ADDRESS (DEPALMA, JOSEPH) (Entered: 02/05/2026)",Main Document,Notice (Other),0158. (02-05-2026) NOTICE by All Plaintiffs NOTICE OF CHANGE OF DISTRIBUTION EMAIL ADDRESS.pdf,PACER_LINK_AVAILABLE,1,,Exact local PDF page count.,446929,327b966e5dec88c22cfd851c5b566fbfe658d573d81421d676c632b060ca324f,057dbe3f79051e266e35207fe134cc3d103ac7e5,6a911129ac9848e859f4cdc6f8ea887b,False,Microsoft Word - Notice of Change of Distribution Email,Elvira M. Palomino,,,"Microsoft: Print To PDF; modified using iText® Core 7.2.3 (production version) ©2000-2022 iText Group NV, Administrative Office of the United States Courts",D:20260205162842-05'00',D:20260205163438-05'00',https://ecf.njd.uscourts.gov/doc1/119023553959?caseid=550383,,,,https://ecf.njd.uscourts.gov/doc1/119023553959?caseid=550383,,,https://www.courtlistener.com/docket/68869775/apple-inc-smartphone-antitrust-litigation/
0159,159,0,2026-02-06,"Feb 6, 2026","MOTION to Withdraw as Attorney for Jordan M. Steele by JAMES COLLINS. (STEELE, JORDAN) (Entered: 02/06/2026)",Main Document,Withdraw as Attorney,0159. (02-06-2026) MOTION to Withdraw as Attorney for Jordan M. Steele by JAMES COLLINS.pdf,PACER_LINK_AVAILABLE,2,,Exact local PDF page count.,94086,0b89acffb626ae40c9f69727c12b863a48aeb8b973aeb4c5616a0065d725af65,e62ca9bcc18321156e064036519de5bca53db0c0,9376f1b9f3db1d68cc75099c3dc40cb3,False,,,,,"iText® Core 7.2.3 (production version) ©2000-2022 iText Group NV, Administrative Office of the United States Courts",,D:20260206153048-05'00',https://ecf.njd.uscourts.gov/doc1/119023559041?caseid=550383,,,,https://ecf.njd.uscourts.gov/doc1/119023559041?caseid=550383,,,https://www.courtlistener.com/docket/68869775/apple-inc-smartphone-antitrust-litigation/
0160,160,0,2026-02-06,"Feb 6, 2026","Letter from Thomas R. Curtin, Esq. re 153 Letter. (CURTIN, THOMAS) (Entered: 02/06/2026)",Main Document,Letter,"0160. (02-06-2026) Letter from Thomas R. Curtin, Esq. re 153 Letter.pdf",FREE_RECAP_PDF_AVAILABLE,3,3,Exact local PDF page count.,62522,84975f4a193da9d51ba6758abacff8872338b637b889dcb65f3095707420e55a,290e03a237a9567ce23555e888e0b90dfebe3e3c,d9fceab78483432fb7931647d75567d6,False,Microsoft Word - In re_ Apple Inc.  2.6.2026 Letter to Judge Neals(13684147.1).docx,jtamakloe,,Power PDF Create,"Power PDF Create; modified using iText® Core 7.2.3 (production version) ©2000-2022 iText Group NV, Administrative Office of the United States Courts",D:20260206163253-05'00',D:20260206164246-05'00',https://storage.courtlistener.com/recap/gov.uscourts.njd.550383/gov.uscourts.njd.550383.160.0.pdf,https://storage.courtlistener.com/recap/gov.uscourts.njd.550383/gov.uscourts.njd.550383.160.0.pdf,https://archive.org/download/gov.uscourts.njd.550383/gov.uscourts.njd.550383.160.0.pdf,https://www.courtlistener.com/docket/68869775/160/shoshi-goldfus-v-apple-inc/,https://ecf.njd.uscourts.gov/doc1/119023559901?caseid=550383,$0.30,0.30,https://www.courtlistener.com/docket/68869775/apple-inc-smartphone-antitrust-litigation/
0161,161,0,2026-02-06,"Feb 6, 2026","NOTICE of Appearance by RUND KHAYYAT on behalf of JOSEPH GIAMANCO (KHAYYAT, RUND) (Entered: 02/06/2026)",Main Document,Notice of Appearance,0161. (02-06-2026) NOTICE of Appearance by RUND KHAYYAT on behalf of JOSEPH GIAMANCO.pdf,PACER_LINK_AVAILABLE,1,,Exact local PDF page count.,143552,65783c6730e62c34e30b293f5d26e2028d7913716066cf2c45f2f6e5b017d23a,3f7c8dcdb099dd9a21fb962befbcb40ff28e64a9,f247e3b017223d587064e81fc7817518,False,,,,,"iText® Core 7.2.3 (production version) ©2000-2022 iText Group NV, Administrative Office of the United States Courts",,D:20260206164842-05'00',https://ecf.njd.uscourts.gov/doc1/119023559999?caseid=550383,,,,https://ecf.njd.uscourts.gov/doc1/119023559999?caseid=550383,,,https://www.courtlistener.com/docket/68869775/apple-inc-smartphone-antitrust-litigation/
0162,162,0,2026-02-09,"Feb 9, 2026","NOTICE AND ORDER OF WITHDRAWAL OF JORDAN M. STEELE AS COUNSEL FOR PLAINTIFFS. Signed by Magistrate Judge Leda D. Wettre on 2/9/2026. (adc, ) (Entered: 02/09/2026)",Main Document,Order on Motion to Withdraw as Attorney,0162. (02-09-2026) NOTICE AND ORDER OF WITHDRAWAL OF JORDAN M. STEELE AS COUNSEL FOR PLAINTIFFS. Signed by Magistrate J.pdf,PACER_LINK_AVAILABLE,1,,Exact local PDF page count.,125940,500bc6874de3b5a458afaefd96d7371f5195978533596bec6d3b739521d564a1,972fe002bb25ee8b5f08f02a0318982230f15f08,3f04c315417b0a37a79565c0e61ee1a7,False,,,,,"iText® Core 7.2.3 (production version) ©2000-2022 iText Group NV, Administrative Office of the United States Courts",,D:20260209120953-05'00',https://ecf.njd.uscourts.gov/doc1/119023563388?caseid=550383,,,,https://ecf.njd.uscourts.gov/doc1/119023563388?caseid=550383,,,https://www.courtlistener.com/docket/68869775/apple-inc-smartphone-antitrust-litigation/
0163,163,0,2026-02-11,"Feb 11, 2026","NOTICE of Voluntary Dismissal by ANGELA BOYKIN, CHRISTOPHER MILLER (NAM, HAE) (Entered: 02/11/2026)",Main Document,Notice of Voluntary Dismissal (aty),"0163. (02-11-2026) NOTICE of Voluntary Dismissal by ANGELA BOYKIN, CHRISTOPHER MILLER.pdf",FREE_RECAP_PDF_AVAILABLE,2,2,Exact local PDF page count.,147384,fb70ef0a901ffa0fa863091cab9f90770919ca994a4c130be5547a6a8c1dd453,b98274c28e69b6a238bb5a1a48a1169d7dcbf6e0,80e23be4684c37e728d76a9d6f195ac1,False,Microsoft Word - Notice of Voluntary Dismissal - Mariah Nayeri,clazar,,Microsoft® Word for Microsoft 365,"Microsoft® Word for Microsoft 365; modified using iText® Core 7.2.3 (production version) ©2000-2022 iText Group NV, Administrative Office of the United States Courts",D:20260211113721-05'00',D:20260211140401-05'00',https://storage.courtlistener.com/recap/gov.uscourts.njd.550383/gov.uscourts.njd.550383.163.0.pdf,https://storage.courtlistener.com/recap/gov.uscourts.njd.550383/gov.uscourts.njd.550383.163.0.pdf,https://archive.org/download/gov.uscourts.njd.550383/gov.uscourts.njd.550383.163.0.pdf,https://www.courtlistener.com/docket/68869775/163/shoshi-goldfus-v-apple-inc/,https://ecf.njd.uscourts.gov/doc1/119023574147?caseid=550383,$0.20,0.20,https://www.courtlistener.com/docket/68869775/apple-inc-smartphone-antitrust-litigation/
0164,164,0,2026-02-13,"Feb 13, 2026","NOTICE & ORDER of voluntary dismissal without prejudice as to ANGELA BOYKIN and CHRISTOPHER MILLER. Signed by Judge Julien Xavier Neals on 2/13/2026. (lag, ) (Entered: 02/13/2026)",Main Document,Order AND ~Util - Add and Terminate Parties,0164. (02-13-2026) NOTICE  ORDER of voluntary dismissal without prejudice as to ANGELA BOYKIN and CHRISTOPHER MILLER.pdf,PACER_LINK_AVAILABLE,2,,Exact local PDF page count.,211707,531055cbabacfda08ff70c066af0c73c348ce39e50aafdb899aa2db7055b9b83,6f550664c498651ed8557b3cd3ebab53c8082cc1,73752e9a2afd283ced60bbcaf7fe03be,False,Microsoft Word - Notice of Voluntary Dismissal - Mariah Nayeri,clazar,,Microsoft® Word for Microsoft 365,"Microsoft® Word for Microsoft 365; modified using iText® Core 7.2.3 (production version) ©2000-2022 iText Group NV, Administrative Office of the United States Courts; modified using iText® Core 7.2.3 (production version) ©2000-2022 iText Group NV, Administrative Office of the United States Courts",D:20260211113721-05'00',D:20260213093208-05'00',https://ecf.njd.uscourts.gov/doc1/119023580380?caseid=550383,,,,https://ecf.njd.uscourts.gov/doc1/119023580380?caseid=550383,,,https://www.courtlistener.com/docket/68869775/apple-inc-smartphone-antitrust-litigation/
0165,165,0,2026-02-13,"Feb 13, 2026","NOTICE of Appearance by LAUREN RUTH MALAKOFF on behalf of APPLE, INC. (MALAKOFF, LAUREN) (Entered: 02/13/2026)",Main Document,Notice of Appearance,"0165. (02-13-2026) NOTICE of Appearance by LAUREN RUTH MALAKOFF on behalf of APPLE, INC.pdf",PACER_LINK_AVAILABLE,1,,Exact local PDF page count.,144094,d0489e0c19c36c551dbde29e53d0b8b0f8b459256f1e73a45f15f435a0d93a52,08604f9468132375be930f46eac3b63d2ebcbab2,ad4a624eb75236552325513ec80be573,False,Liza M,Mary McGuire,,Acrobat PDFMaker 25 for Word,"Adobe PDF Library 25.1.192; modified using iText® Core 7.2.3 (production version) ©2000-2022 iText Group NV, Administrative Office of the United States Courts",D:20260213212316-05'00',D:20260213213235-05'00',https://ecf.njd.uscourts.gov/doc1/119023585859?caseid=550383,,,,https://ecf.njd.uscourts.gov/doc1/119023585859?caseid=550383,,,https://www.courtlistener.com/docket/68869775/apple-inc-smartphone-antitrust-litigation/
0166,166,0,2026-02-17,"Feb 17, 2026","Substitution of Attorney - Attorney ANDREW DELANEY terminated. Attorney PATRICK MICHAEL KUHLMANN for United States of America added.. (KUHLMANN, PATRICK) (Entered: 02/17/2026)",Main Document,Substitution of Attorney,0166. (02-17-2026) Substitution of Attorney - Attorney ANDREW DELANEY terminated. Attorney PATRICK MICHAEL KUHLMANN for.pdf,PACER_LINK_AVAILABLE,2,,Exact local PDF page count.,87435,add3bca1f9484d9ea55d9c01a628298fffd6865dd5c36a6d3ae5ebf92b2e37df,821e12d79e92fb738038d1a931cec2de73ff8f12,756d613d8c6b9dcb6848f4fa8d27d243,False,Microsoft Word - 2026.02.13.Apple.Litigation.Notice.Substitution.docx,"Kuhlmann, Patrick",,,"Microsoft: Print To PDF; modified using iText® Core 7.2.3 (production version) ©2000-2022 iText Group NV, Administrative Office of the United States Courts",D:20260217091545-05'00',D:20260217135602-05'00',https://ecf.njd.uscourts.gov/doc1/119023590954?caseid=550383,,,,https://ecf.njd.uscourts.gov/doc1/119023590954?caseid=550383,,,https://www.courtlistener.com/docket/68869775/apple-inc-smartphone-antitrust-litigation/
0167,167,0,2026-02-23,"Feb 23, 2026","MDL TEXT ORDER - The in-person case management conference set for March 19, 2026 before Magistrate Judge Leda D. Wettre is rescheduled to March 18, 2026 at 10:00 a.m. in Newark-Courtroom 3C. Kindly mark your calendar accordingly. So Ordered by Magistrate Judge Leda D. Wettre on 2/23/2026. (rn) (Entered: 02/23/2026)",Main Document,,,NO_PUBLIC_PDF_LINK,,,Price not displayed; page count unknown.,,,,,,,,,,,,,,,,,,,,https://www.courtlistener.com/docket/68869775/apple-inc-smartphone-antitrust-litigation/
0168,168,0,2026-03-02,"Mar 2, 2026","NOTICE of Appearance by LAURA MUMMERT on behalf of IRA POLLY (MUMMERT, LAURA) (Entered: 03/02/2026)",Main Document,Notice of Appearance,0168. (03-02-2026) NOTICE of Appearance by LAURA MUMMERT on behalf of IRA POLLY.pdf,PACER_LINK_AVAILABLE,1,,Exact local PDF page count.,122393,19f5bb1d8f5f0180925b7cd89e1bd0157e95784bfe54e846a9e9e8c5f89d6503,3cefa3da449e2c66c9ddf9e077a89570a19b0c9d,d5d7200f3c9ce44953aac18f02888ab0,False,Microsoft Word - 2026-03-02 NOA for LM(1085158.1),ep,,PScript5.dll Version 5.2.2,"Acrobat Distiller 25.0 (Windows); modified using iText® Core 7.2.3 (production version) ©2000-2022 iText Group NV, Administrative Office of the United States Courts",D:20260302121157-05'00',D:20260302121521-05'00',https://ecf.njd.uscourts.gov/doc1/119023638542?caseid=550383,,,,https://ecf.njd.uscourts.gov/doc1/119023638542?caseid=550383,,,https://www.courtlistener.com/docket/68869775/apple-inc-smartphone-antitrust-litigation/
0169,169,0,2026-03-02,"Mar 2, 2026","Letter from Liza M. Walsh to the Honorable Leda D. Wettre, U.S.M.J. re: joint status letter. (WALSH, LIZA) (Entered: 03/02/2026)",Main Document,Letter,"0169. (03-02-2026) Letter from Liza M. Walsh to the Honorable Leda D. Wettre, U.S.M.J. re- joint status letter.pdf",FREE_RECAP_PDF_AVAILABLE,8,8,Exact local PDF page count.,305936,b23e37fcb939b5d8bc4a97b8f18d7ea24a41bd2e5e094f818806b80d333b7ead,52e6d327b7083cc1ae316ccc9353a5003acfbcdc,7a68688b6e493561b3a7ab0fd79d7b07,False,,Lauren Malakoff,,Acrobat PDFMaker 25 for Word,"Adobe PDF Library 25.1.231; modified using iText® Core 7.2.3 (production version) ©2000-2022 iText Group NV, Administrative Office of the United States Courts",D:20260302215549-05'00',D:20260302221656-05'00',https://storage.courtlistener.com/recap/gov.uscourts.njd.550383/gov.uscourts.njd.550383.169.0.pdf,https://storage.courtlistener.com/recap/gov.uscourts.njd.550383/gov.uscourts.njd.550383.169.0.pdf,https://archive.org/download/gov.uscourts.njd.550383/gov.uscourts.njd.550383.169.0.pdf,https://www.courtlistener.com/docket/68869775/169/shoshi-goldfus-v-apple-inc/,https://ecf.njd.uscourts.gov/doc1/119023642407?caseid=550383,$0.80,0.80,https://www.courtlistener.com/docket/68869775/apple-inc-smartphone-antitrust-litigation/
0170,170,0,2026-03-04,"Mar 4, 2026","NOTICE of Voluntary Dismissal by KEVIN MELKOWSKI (MATHEWS, TIMOTHY) (Entered: 03/04/2026)",Main Document,Notice of Voluntary Dismissal (aty),0170. (03-04-2026) NOTICE of Voluntary Dismissal by KEVIN MELKOWSKI.pdf,PACER_LINK_AVAILABLE,2,,Exact local PDF page count.,26026,1f74bf40ca577f77ef105a91d05b62af88da805a88d77acd3cf46ecb937ac2f8,5f0417d8aa48b216947fbc3ba4d1341d07c3f8ea,ea346810ab8275ea943038266e80b5ba,False,Notice of Voluntary Dismissal  (Haverford\11985\MISCPLD\H0134192.DOCX;1),Juliana Del Pesco,H0134192.,Acrobat PDFMaker 11 for Word,"Adobe PDF Library 11.0; modified using iText® Core 7.2.3 (production version) ©2000-2022 iText Group NV, Administrative Office of the United States Courts",D:20260304092259-05'00',D:20260304093044-05'00',https://ecf.njd.uscourts.gov/doc1/119023648897?caseid=550383,,,,https://ecf.njd.uscourts.gov/doc1/119023648897?caseid=550383,,,https://www.courtlistener.com/docket/68869775/apple-inc-smartphone-antitrust-litigation/
0171,171,0,2026-03-05,"Mar 5, 2026","Order Granting Notice of Voluntary Dismissal: Kevin Melkowski hereby voluntarily dismisses his claims against defendant Apple, Inc. Signed by Judge Julien Xavier Neals on 3/5/2026. (sms2) (Entered: 03/05/2026)",Main Document,Order,0171. (03-05-2026) Order Granting Notice of Voluntary Dismissal- Kevin Melkowski hereby voluntarily dismisses his claim.pdf,FREE_RECAP_PDF_AVAILABLE,1,1,Exact local PDF page count.,38254,4d98b6c5b85cbb8b5cee8d2bcd3e1aa1c3ead1d15c445932151a389f483c4cba,0eb49dd0dc9870782e67d7f54b6764adc7d02d35,c81343de4f53f8aefcf0cb6fe5bb8a2d,False,,,,RICOH IM C4500,"RICOH IM C4500; modified using iText® Core 7.2.3 (production version) ©2000-2022 iText Group NV, Administrative Office of the United States Courts",D:20260305160855-05'00',D:20260305162800-05'00',https://storage.courtlistener.com/recap/gov.uscourts.njd.550383/gov.uscourts.njd.550383.171.0.pdf,https://storage.courtlistener.com/recap/gov.uscourts.njd.550383/gov.uscourts.njd.550383.171.0.pdf,https://archive.org/download/gov.uscourts.njd.550383/gov.uscourts.njd.550383.171.0.pdf,https://www.courtlistener.com/docket/68869775/171/shoshi-goldfus-v-apple-inc/,https://ecf.njd.uscourts.gov/doc1/119023658351?caseid=550383,$0.10,0.10,https://www.courtlistener.com/docket/68869775/apple-inc-smartphone-antitrust-litigation/
0172,172,0,2026-03-12,"Mar 12, 2026","MDL TEXT ORDER - Public and media access to listen to the March 18, 2026 case management conference before Magistrate Judge Leda D. Wettre is available by telephone using the following dial-in information: (973) 437-5535, access code 300 663 308#. Persons remotely accessing the conference are reminded of the general prohibition against recording and rebroadcasting court proceedings. So Ordered by Magistrate Judge Leda D. Wettre on 3/12/2026. (rn) (Entered: 03/12/2026)",Main Document,,,NO_PUBLIC_PDF_LINK,,,Price not displayed; page count unknown.,,,,,,,,,,,,,,,,,,,,https://www.courtlistener.com/docket/68869775/apple-inc-smartphone-antitrust-litigation/
0173,173,0,2026-03-23,"Mar 23, 2026","NOTICE by APPLE, INC. NOTICE OF APPLE INC.'S EMAIL ADDRESS CHANGE (WALSH, LIZA) (Entered: 03/23/2026)",Main Document,Notice (Other),"0173. (03-23-2026) NOTICE by APPLE, INC. NOTICE OF APPLE INC.S EMAIL ADDRESS CHANGE.pdf",PACER_LINK_AVAILABLE,2,,Exact local PDF page count.,277363,fadb987cd4aa3ea2be25ef7b2c426eb9b5158d0a2eb4c445d610395085e7a9bc,40a5987f4afbf2801a262e7a60ca71b993d0345a,dc9a9f64c063c84cac3f54f5277d8cec,False,Microsoft Word - 2026 03 18 Apple Inc's Notice of Email Address Change,Barbara Troyan,,,"Microsoft: Print To PDF; modified using iText® Core 7.2.3 (production version) ©2000-2022 iText Group NV, Administrative Office of the United States Courts",D:20260323141433-04'00',D:20260323144737-04'00',https://ecf.njd.uscourts.gov/doc1/119023718694?caseid=550383,,,,https://ecf.njd.uscourts.gov/doc1/119023718694?caseid=550383,,,https://www.courtlistener.com/docket/68869775/apple-inc-smartphone-antitrust-litigation/
0174,174,0,2026-04-02,"Apr 2, 2026","MDL TEXT ORDER - The parties are directed to file a joint status letter no later than April 13, 2026 (1) identifying all remaining disputes with respect to the deposition protocol that require resolution, and (2) proposing dates when the parties are available for a remote conference with the undersigned to address those disputes. So Ordered by Magistrate Judge Leda D. Wettre on 4/2/2026. (rn) (Entered: 04/02/2026)",Main Document,,,NO_PUBLIC_PDF_LINK,,,Price not displayed; page count unknown.,,,,,,,,,,,,,,,,,,,,https://www.courtlistener.com/docket/68869775/apple-inc-smartphone-antitrust-litigation/
0175,175,0,2026-04-06,"Apr 6, 2026",AMENDED SCHEDULING ORDER. Signed by Magistrate Judge Leda D. Wettre on 4/6/2026. (jjc) (Entered: 04/06/2026),Main Document,Scheduling Order,0175. (04-06-2026) AMENDED SCHEDULING ORDER. Signed by Magistrate Judge Leda D. Wettre on 462026.pdf,FREE_RECAP_PDF_AVAILABLE,3,3,Exact local PDF page count.,172683,f290d308c60573c401a1f687853c9c0479e07a2a5b8bd379df8957b65a260ca8,0dbc4f118d8d457fce29ae4f46016b1655f5408e,f65371b589d9521d5f68ba3ad878203a,False,,,,,"iText® Core 7.2.3 (production version) ©2000-2022 iText Group NV, Administrative Office of the United States Courts",,D:20260406104302-04'00',https://storage.courtlistener.com/recap/gov.uscourts.njd.550383/gov.uscourts.njd.550383.175.0.pdf,https://storage.courtlistener.com/recap/gov.uscourts.njd.550383/gov.uscourts.njd.550383.175.0.pdf,https://archive.org/download/gov.uscourts.njd.550383/gov.uscourts.njd.550383.175.0.pdf,https://www.courtlistener.com/docket/68869775/175/shoshi-goldfus-v-apple-inc/,https://ecf.njd.uscourts.gov/doc1/119023772575?caseid=550383,$0.30,0.30,https://www.courtlistener.com/docket/68869775/apple-inc-smartphone-antitrust-litigation/
0176,176,0,2026-04-06,"Apr 6, 2026","Letter from Liza M. Walsh to the Honorable Leda D. Wettre, U.S.M.J. requesting leave of Court for Apple to file a Motion for Issuance of a Letter of Request under the Hague Convention. (Attachments: # 1 Exhibit 1)(WALSH, LIZA) (Entered: 04/06/2026)",Main Document,Letter,"0176. (04-06-2026) Letter from Liza M. Walsh to the Honorable Leda D. Wettre, U.S.M.J. requesting leave of Court for Ap.pdf",PACER_LINK_AVAILABLE,1,,Exact local PDF page count.,261878,f7b7be9bb59ef4659e83354689503691697ee69365843228065fadaa5c2408c8,a8a1a10c887bb5c28f6fdbf414ad3494428db56b,e6b09fe8a8aae3f897cf8698a1c95126,False,,,,Aspose Pty Ltd.,"Aspose.PDF for .NET 24.6.0; modified using iText® Core 7.2.3 (production version) ©2000-2022 iText Group NV, Administrative Office of the United States Courts",D:19000101000000-07'00',D:20260406214800-04'00',https://ecf.njd.uscourts.gov/doc1/119023777802?caseid=550383,,,,https://ecf.njd.uscourts.gov/doc1/119023777802?caseid=550383,,,https://www.courtlistener.com/docket/68869775/apple-inc-smartphone-antitrust-litigation/
0176-001,176,1,2026-04-06,"Apr 6, 2026","Letter from Liza M. Walsh to the Honorable Leda D. Wettre, U.S.M.J. requesting leave of Court for Apple to file a Motion for Issuance of a Letter of Request under the Hague Convention. (Attachments: # 1 Exhibit 1)(WALSH, LIZA) (Entered: 04/06/2026)",Attachment 1,Exhibit 1,0176-001. (04-06-2026) (Exhibit 1).pdf,PACER_LINK_AVAILABLE,778,>=30,Exact local PDF page count.,31978687,782daa17b380f0c6a60f79e950a1d9a36adf52d67fc4bc5cabbca349b2cd83d8,ce007d1b3af5ed512458a9eb38060fdf529e5997,1904e39f6e116f8ed52aa6646c5beb1b,False,,Barbara Troyan,,Aspose Pty Ltd.,"Adobe Acrobat (64-bit) 26.1.21367; modified using iText® Core 7.2.3 (production version) ©2000-2022 iText Group NV, Administrative Office of the United States Courts",D:20260406213333-04'00',D:20260406214815-04'00',https://ecf.njd.uscourts.gov/doc1/119023777803?caseid=550383,,,,https://ecf.njd.uscourts.gov/doc1/119023777803?caseid=550383,$3.00,3.00,https://www.courtlistener.com/docket/68869775/apple-inc-smartphone-antitrust-litigation/
0177,177,0,2026-04-07,"Apr 7, 2026",LETTER ORDER granting 176 request for leave of Court to file a Motion for Issuance of a Letter of Request under the Hague Convention on or before 4/14/2026. Signed by Magistrate Judge Leda D. Wettre on 4/7/2026. (sks) (Entered: 04/07/2026),Main Document,Order,0177. (04-07-2026) LETTER ORDER granting 176 request for leave of Court to file a Motion for Issuance of a Letter of Re.pdf,PACER_LINK_AVAILABLE,1,,Exact local PDF page count.,172631,1e5089a52230807cb9d61073a48852fe8bc95af195d909cfd98bf4343277217b,3a72fa32e2c542af542b64078afa623da47d83a3,279174307d90f7d462a071892923edc0,False,,,,,"iText® Core 7.2.3 (production version) ©2000-2022 iText Group NV, Administrative Office of the United States Courts",,D:20260407160352-04'00',https://ecf.njd.uscourts.gov/doc1/119023782124?caseid=550383,,,,https://ecf.njd.uscourts.gov/doc1/119023782124?caseid=550383,,,https://www.courtlistener.com/docket/68869775/apple-inc-smartphone-antitrust-litigation/
0178,178,0,2026-04-07,"Apr 7, 2026","MOTION for Issuance of Letters Rogatory by APPLE, INC.. (Attachments: # 1 Memorandum of Law, # 2 Declaration of Julian Kleinbrodt, # 3 Exhibit A, # 4 Exhibit B, # 5 Exhibit C, # 6 Text of Proposed Order)(WALSH, LIZA) (Entered: 04/07/2026)",Main Document,Letters Rogatory,"0178. (04-07-2026) MOTION for Issuance of Letters Rogatory by APPLE, INC.pdf",PACER_LINK_AVAILABLE,4,,Exact local PDF page count.,200936,e74635c376d34e21be969c2a37dd19c764fc7c5aaccb34550ab2ad37e6c6d43e,39983999aac7c745abc6b9f66908a0788acf93ef,fd1ce3539b38db47fd1fbe569c33a5fc,False,,,,Aspose Pty Ltd.,"Aspose.PDF for .NET 24.6.0; modified using iText® Core 7.2.3 (production version) ©2000-2022 iText Group NV, Administrative Office of the United States Courts",D:19000101000000-07'00',D:20260407203409-04'00',https://ecf.njd.uscourts.gov/doc1/119023783642?caseid=550383,,,,https://ecf.njd.uscourts.gov/doc1/119023783642?caseid=550383,,,https://www.courtlistener.com/docket/68869775/apple-inc-smartphone-antitrust-litigation/
0178-001,178,1,2026-04-07,"Apr 7, 2026","MOTION for Issuance of Letters Rogatory by APPLE, INC.. (Attachments: # 1 Memorandum of Law, # 2 Declaration of Julian Kleinbrodt, # 3 Exhibit A, # 4 Exhibit B, # 5 Exhibit C, # 6 Text of Proposed Order)(WALSH, LIZA) (Entered: 04/07/2026)",Attachment 1,Memorandum of Law,0178-001. (04-07-2026) Memorandum of Law.pdf,PACER_LINK_AVAILABLE,24,24,Exact local PDF page count.,388087,477cfb412a58825678a10d43242ba0ce50ce01f86c5b57222fd3c8d32e74f71e,ac53f05845de9019ed087ba56671679f1837c70a,c59a95333605c37b2fe0f15f37083859,False,,,,Aspose Pty Ltd.,"Aspose.PDF for .NET 24.6.0; modified using iText® Core 7.2.3 (production version) ©2000-2022 iText Group NV, Administrative Office of the United States Courts",D:19000101000000-07'00',D:20260407203436-04'00',https://ecf.njd.uscourts.gov/doc1/119023783643?caseid=550383,,,,https://ecf.njd.uscourts.gov/doc1/119023783643?caseid=550383,$2.40,2.40,https://www.courtlistener.com/docket/68869775/apple-inc-smartphone-antitrust-litigation/
0178-002,178,2,2026-04-07,"Apr 7, 2026","MOTION for Issuance of Letters Rogatory by APPLE, INC.. (Attachments: # 1 Memorandum of Law, # 2 Declaration of Julian Kleinbrodt, # 3 Exhibit A, # 4 Exhibit B, # 5 Exhibit C, # 6 Text of Proposed Order)(WALSH, LIZA) (Entered: 04/07/2026)",Attachment 2,Declaration of Julian Kleinbrodt,0178-002. (04-07-2026) Declaration of Julian Kleinbrodt.pdf,PACER_LINK_AVAILABLE,3,3,Exact local PDF page count.,217972,7fe0c87fcbc900513366cc91c588b8ed935762e67e7184da932f0f729034e295,5f1922486c542df5492f8e7453c60fe02bdcc84c,0ba9f22c8b1103acd0803d31e8a456b6,False,,,,Aspose Pty Ltd.,"Aspose.PDF for .NET 24.6.0; modified using iText® Core 7.2.3 (production version) ©2000-2022 iText Group NV, Administrative Office of the United States Courts",D:19000101000000-07'00',D:20260407203454-04'00',https://ecf.njd.uscourts.gov/doc1/119023783644?caseid=550383,,,,https://ecf.njd.uscourts.gov/doc1/119023783644?caseid=550383,$0.30,0.30,https://www.courtlistener.com/docket/68869775/apple-inc-smartphone-antitrust-litigation/
0178-003,178,3,2026-04-07,"Apr 7, 2026","MOTION for Issuance of Letters Rogatory by APPLE, INC.. (Attachments: # 1 Memorandum of Law, # 2 Declaration of Julian Kleinbrodt, # 3 Exhibit A, # 4 Exhibit B, # 5 Exhibit C, # 6 Text of Proposed Order)(WALSH, LIZA) (Entered: 04/07/2026)",Attachment 3,Exhibit A,0178-003. (04-07-2026) Exhibit A.pdf,PACER_LINK_AVAILABLE,11,11,Exact local PDF page count.,583764,5c587b522820e7f06e807594d17f842f2e9759d7e5716f16e7f27b52643b4066,fc37f015438a77f68f8461c8bbb3f1b288d4b627,2fb1076a7caa4d525246e0aab4e02e49,False,,,,Aspose Pty Ltd.,"Aspose.PDF for .NET 24.6.0; modified using iText® Core 7.2.3 (production version) ©2000-2022 iText Group NV, Administrative Office of the United States Courts",D:19000101000000-07'00',D:20260407203553-04'00',https://ecf.njd.uscourts.gov/doc1/119023783645?caseid=550383,,,,https://ecf.njd.uscourts.gov/doc1/119023783645?caseid=550383,$1.10,1.10,https://www.courtlistener.com/docket/68869775/apple-inc-smartphone-antitrust-litigation/
0178-004,178,4,2026-04-07,"Apr 7, 2026","MOTION for Issuance of Letters Rogatory by APPLE, INC.. (Attachments: # 1 Memorandum of Law, # 2 Declaration of Julian Kleinbrodt, # 3 Exhibit A, # 4 Exhibit B, # 5 Exhibit C, # 6 Text of Proposed Order)(WALSH, LIZA) (Entered: 04/07/2026)",Attachment 4,Exhibit B,0178-004. (04-07-2026) Exhibit B.pdf,PACER_LINK_AVAILABLE,631,>=30,Exact local PDF page count.,30817089,1c61c94b13158f936c9ee3f8372401f36d56c32406aa6de847c5e6c7ff86fe94,7e980fc7416e6108a690153d0bba6d99957269f0,0f435e1830782d00b3d22327e7dcf6f7,False,,,,Aspose Pty Ltd.,"Aspose.PDF for .NET 24.6.0; modified using iText® Core 7.2.3 (production version) ©2000-2022 iText Group NV, Administrative Office of the United States Courts",D:19000101000000-07'00',D:20260407203644-04'00',https://ecf.njd.uscourts.gov/doc1/119023783646?caseid=550383,,,,https://ecf.njd.uscourts.gov/doc1/119023783646?caseid=550383,$3.00,3.00,https://www.courtlistener.com/docket/68869775/apple-inc-smartphone-antitrust-litigation/
0178-005,178,5,2026-04-07,"Apr 7, 2026","MOTION for Issuance of Letters Rogatory by APPLE, INC.. (Attachments: # 1 Memorandum of Law, # 2 Declaration of Julian Kleinbrodt, # 3 Exhibit A, # 4 Exhibit B, # 5 Exhibit C, # 6 Text of Proposed Order)(WALSH, LIZA) (Entered: 04/07/2026)",Attachment 5,Exhibit C,0178-005. (04-07-2026) Exhibit C.pdf,PACER_LINK_AVAILABLE,102,>=30,Exact local PDF page count.,679205,1e04d4ec03e56ac43401c151a6ca5007ae09dc5e28f8e8f4d6b3c3050de965c8,6af52209e2ca7e286e8370272ad25324c9d98435,6a64c9a2b799d71f83791f5d871e66b8,False,,,,Aspose Pty Ltd.,"Aspose.PDF for .NET 24.6.0; modified using iText® Core 7.2.3 (production version) ©2000-2022 iText Group NV, Administrative Office of the United States Courts",D:19000101000000-07'00',D:20260407203826-04'00',https://ecf.njd.uscourts.gov/doc1/119023783647?caseid=550383,,,,https://ecf.njd.uscourts.gov/doc1/119023783647?caseid=550383,$3.00,3.00,https://www.courtlistener.com/docket/68869775/apple-inc-smartphone-antitrust-litigation/
0178-006,178,6,2026-04-07,"Apr 7, 2026","MOTION for Issuance of Letters Rogatory by APPLE, INC.. (Attachments: # 1 Memorandum of Law, # 2 Declaration of Julian Kleinbrodt, # 3 Exhibit A, # 4 Exhibit B, # 5 Exhibit C, # 6 Text of Proposed Order)(WALSH, LIZA) (Entered: 04/07/2026)",Attachment 6,Text of Proposed Order,0178-006. (04-07-2026) (Text of Proposed Order).pdf,PACER_LINK_AVAILABLE,2,2,Exact local PDF page count.,160410,ed5957bba5e1f51dd451e592253d4d8b783e910e65f00d4041dcd51fffc055fc,29d1d2733b481f4d37a32a8472a6b26219a74681,9e428da71b7f5a2db29e95cec28922b8,False,,,,Aspose Pty Ltd.,"Aspose.PDF for .NET 24.6.0; modified using iText® Core 7.2.3 (production version) ©2000-2022 iText Group NV, Administrative Office of the United States Courts",D:19000101000000-07'00',D:20260407203932-04'00',https://ecf.njd.uscourts.gov/doc1/119023783648?caseid=550383,,,,https://ecf.njd.uscourts.gov/doc1/119023783648?caseid=550383,$0.20,0.20,https://www.courtlistener.com/docket/68869775/apple-inc-smartphone-antitrust-litigation/
0179,179,0,2026-04-13,"Apr 13, 2026","Letter from Liza M. Walsh to the Honorable Leda D. Wettre, U.S.M.J., re Joint Letter re 174 Text Order,. (WALSH, LIZA) (Entered: 04/13/2026)",Main Document,Letter,"0179. (04-13-2026) Letter from Liza M. Walsh to the Honorable Leda D. Wettre, U.S.M.J., re Joint Letter re 174 Text Ord.pdf",PACER_LINK_AVAILABLE,17,,Exact local PDF page count.,378305,924851001d16a471742e883e586d846fb0e2d7babcf1922a1f840cf482bee975,2c848cf0c4b45710a34f25884a04813e3e500792,b256412eb604fc512e392bdd39f28124,False,,Lauren Malakoff,,Acrobat PDFMaker 26 for Word,"Adobe PDF Library 26.1.163; modified using iText® Core 7.2.3 (production version) ©2000-2022 iText Group NV, Administrative Office of the United States Courts",D:20260413233419-04'00',D:20260413234710-04'00',https://ecf.njd.uscourts.gov/doc1/119023804621?caseid=550383,,,,https://ecf.njd.uscourts.gov/doc1/119023804621?caseid=550383,,,https://www.courtlistener.com/docket/68869775/apple-inc-smartphone-antitrust-litigation/
0180,180,0,2026-04-20,"Apr 20, 2026","Cross MOTION for Issuance of Letters Rogatory by JOSEPH GIAMANCO. (Attachments: # 1 Brief Memorandum of Law in Support of Cross-Motion, # 2 Declaration Declaration of Kayvon M. Ghayoumi, # 3 Exhibit A, # 4 Exhibit B, # 5 Exhibit C, # 6 Text of Proposed Order Proposed Order)(CURTIN, THOMAS) (Entered: 04/20/2026)",Main Document,Letters Rogatory,0180. (04-20-2026) Cross MOTION for Issuance of Letters Rogatory by JOSEPH GIAMANCO.pdf,PACER_LINK_AVAILABLE,4,,Exact local PDF page count.,123369,3c015d7cb454a43d57e3100f465c0354cfa9ee730790dfdf4a5ffe4b0236082d,a70d368c200004ded3c164674e3f72d452c72c01,85c19f4e61464ec8e916ca85d6f26dda,False,,,,PScript5.dll Version 5.2.2,"Acrobat Distiller 26.0 (Windows); modified using iText® Core 7.2.3 (production version) ©2000-2022 iText Group NV, Administrative Office of the United States Courts",D:20260420193526-05'00',D:20260420223943-04'00',https://ecf.njd.uscourts.gov/doc1/119023831020?caseid=550383,,,,https://ecf.njd.uscourts.gov/doc1/119023831020?caseid=550383,,,https://www.courtlistener.com/docket/68869775/apple-inc-smartphone-antitrust-litigation/
0180-001,180,1,2026-04-20,"Apr 20, 2026","Cross MOTION for Issuance of Letters Rogatory by JOSEPH GIAMANCO. (Attachments: # 1 Brief Memorandum of Law in Support of Cross-Motion, # 2 Declaration Declaration of Kayvon M. Ghayoumi, # 3 Exhibit A, # 4 Exhibit B, # 5 Exhibit C, # 6 Text of Proposed Order Proposed Order)(CURTIN, THOMAS) (Entered: 04/20/2026)",Attachment 1,Brief Memorandum of Law in Support of Cross-Motion,0180-001. (04-20-2026) Brief Memorandum of Law in Support of Cross-Motion.pdf,PACER_LINK_AVAILABLE,19,19,Exact local PDF page count.,232194,5b9ec69c3401184abdd821e403d598a0aee945cbdce6e8346cac6305816cc389,e779c30166859f50a6eb6032409a1fa6e78fcdee,c6348fe8a55ef9e76596dbc8bfe1ba3a,False,,,,PScript5.dll Version 5.2.2,"Acrobat Distiller 26.0 (Windows); modified using iText® Core 7.2.3 (production version) ©2000-2022 iText Group NV, Administrative Office of the United States Courts",D:20260420202137-05'00',D:20260420224031-04'00',https://ecf.njd.uscourts.gov/doc1/119023831021?caseid=550383,,,,https://ecf.njd.uscourts.gov/doc1/119023831021?caseid=550383,$1.90,1.90,https://www.courtlistener.com/docket/68869775/apple-inc-smartphone-antitrust-litigation/
0180-002,180,2,2026-04-20,"Apr 20, 2026","Cross MOTION for Issuance of Letters Rogatory by JOSEPH GIAMANCO. (Attachments: # 1 Brief Memorandum of Law in Support of Cross-Motion, # 2 Declaration Declaration of Kayvon M. Ghayoumi, # 3 Exhibit A, # 4 Exhibit B, # 5 Exhibit C, # 6 Text of Proposed Order Proposed Order)(CURTIN, THOMAS) (Entered: 04/20/2026)",Attachment 2,Declaration Declaration of Kayvon M. Ghayoumi,0180-002. (04-20-2026) Declaration Declaration of Kayvon M. Ghayoumi.pdf,PACER_LINK_AVAILABLE,2,2,Exact local PDF page count.,128188,0eb6713e4fa8cb57ffb3c667d5bc9676e44ca3b92199ff926e514b4bda6d5ef3,c45f5b28f9656148346041f427baef3c16fad6a4,9925ab175b1f9e6298b7bf22c0072054,False,,,,PScript5.dll Version 5.2.2,"Acrobat Distiller 26.0 (Windows); modified using iText® Core 7.2.3 (production version) ©2000-2022 iText Group NV, Administrative Office of the United States Courts",D:20260420195923-05'00',D:20260420224050-04'00',https://ecf.njd.uscourts.gov/doc1/119023831022?caseid=550383,,,,https://ecf.njd.uscourts.gov/doc1/119023831022?caseid=550383,$0.20,0.20,https://www.courtlistener.com/docket/68869775/apple-inc-smartphone-antitrust-litigation/
0180-003,180,3,2026-04-20,"Apr 20, 2026","Cross MOTION for Issuance of Letters Rogatory by JOSEPH GIAMANCO. (Attachments: # 1 Brief Memorandum of Law in Support of Cross-Motion, # 2 Declaration Declaration of Kayvon M. Ghayoumi, # 3 Exhibit A, # 4 Exhibit B, # 5 Exhibit C, # 6 Text of Proposed Order Proposed Order)(CURTIN, THOMAS) (Entered: 04/20/2026)",Attachment 3,Exhibit A,0180-003. (04-20-2026) Exhibit A.pdf,PACER_LINK_AVAILABLE,7,7,Exact local PDF page count.,263708,242e9a99ea957d34f14826f25768dc2091427e0b30f2efd6490f25dc79582cc2,01f26edec70a882110cdc86605b0dbccffc0a42a,4f30f6584ff2e77f845d35d196d5f619,False,,,,Adobe Acrobat (64-bit) 26.1.21431,"Acrobat Distiller 26.0 (Windows); modified using iText® Core 7.2.3 (production version) ©2000-2022 iText Group NV, Administrative Office of the United States Courts",D:20260420195643-05'00',D:20260420224110-04'00',https://ecf.njd.uscourts.gov/doc1/119023831023?caseid=550383,,,,https://ecf.njd.uscourts.gov/doc1/119023831023?caseid=550383,$0.70,0.70,https://www.courtlistener.com/docket/68869775/apple-inc-smartphone-antitrust-litigation/
0180-004,180,4,2026-04-20,"Apr 20, 2026","Cross MOTION for Issuance of Letters Rogatory by JOSEPH GIAMANCO. (Attachments: # 1 Brief Memorandum of Law in Support of Cross-Motion, # 2 Declaration Declaration of Kayvon M. Ghayoumi, # 3 Exhibit A, # 4 Exhibit B, # 5 Exhibit C, # 6 Text of Proposed Order Proposed Order)(CURTIN, THOMAS) (Entered: 04/20/2026)",Attachment 4,Exhibit B,0180-004. (04-20-2026) Exhibit B.pdf,PACER_LINK_AVAILABLE,113,>=30,Exact local PDF page count.,4239695,1e7799185c57089a988d59903bec6a1964ddb431fe535553467c65a2227cf0b4,ba0d74d8857adf5ddddc1bf034882e154ee27f95,9c34414efb8fab983d6ad384cc008a77,False,,,,Adobe Acrobat (64-bit) 26.1.21431,"Adobe Acrobat (64-bit) 26.1.21431; modified using iText® Core 7.2.3 (production version) ©2000-2022 iText Group NV, Administrative Office of the United States Courts",D:20260420184919-05'00',D:20260420224130-04'00',https://ecf.njd.uscourts.gov/doc1/119023831024?caseid=550383,,,,https://ecf.njd.uscourts.gov/doc1/119023831024?caseid=550383,$3.00,3.00,https://www.courtlistener.com/docket/68869775/apple-inc-smartphone-antitrust-litigation/
0180-005,180,5,2026-04-20,"Apr 20, 2026","Cross MOTION for Issuance of Letters Rogatory by JOSEPH GIAMANCO. (Attachments: # 1 Brief Memorandum of Law in Support of Cross-Motion, # 2 Declaration Declaration of Kayvon M. Ghayoumi, # 3 Exhibit A, # 4 Exhibit B, # 5 Exhibit C, # 6 Text of Proposed Order Proposed Order)(CURTIN, THOMAS) (Entered: 04/20/2026)",Attachment 5,Exhibit C,0180-005. (04-20-2026) Exhibit C.pdf,PACER_LINK_AVAILABLE,58,>=30,Exact local PDF page count.,428120,9591cab6948efd9a7ac2e30a32659aef8b8414fd6f1630394dee2e023f89cb6e,9dfe7f520cb6f86c93ec95db87cc33a6d35778b1,7a6c9c394919194a5d58f40d0f81c7eb,False,,,,Adobe Acrobat (64-bit) 26.1.21431,"Adobe Acrobat (64-bit) 26.1.21431; modified using iText® Core 7.2.3 (production version) ©2000-2022 iText Group NV, Administrative Office of the United States Courts",D:20260420185058-05'00',D:20260420224220-04'00',https://ecf.njd.uscourts.gov/doc1/119023831025?caseid=550383,,,,https://ecf.njd.uscourts.gov/doc1/119023831025?caseid=550383,$3.00,3.00,https://www.courtlistener.com/docket/68869775/apple-inc-smartphone-antitrust-litigation/
0180-006,180,6,2026-04-20,"Apr 20, 2026","Cross MOTION for Issuance of Letters Rogatory by JOSEPH GIAMANCO. (Attachments: # 1 Brief Memorandum of Law in Support of Cross-Motion, # 2 Declaration Declaration of Kayvon M. Ghayoumi, # 3 Exhibit A, # 4 Exhibit B, # 5 Exhibit C, # 6 Text of Proposed Order Proposed Order)(CURTIN, THOMAS) (Entered: 04/20/2026)",Attachment 6,Text of Proposed Order Proposed Order,0180-006. (04-20-2026) (Text of Proposed Order Proposed Order).pdf,PACER_LINK_AVAILABLE,2,2,Exact local PDF page count.,111991,c69300afdf95157ce84d1882d4c018f4291d101d8bc6f01942f4445e0d8c7a19,bc5677c18ba628406dd5db202fb94c79535ac616,11d56c5a8a54abce8ede165f837f411a,False,,,,PScript5.dll Version 5.2.2,"Acrobat Distiller 26.0 (Windows); modified using iText® Core 7.2.3 (production version) ©2000-2022 iText Group NV, Administrative Office of the United States Courts",D:20260420185217-05'00',D:20260420224241-04'00',https://ecf.njd.uscourts.gov/doc1/119023831026?caseid=550383,,,,https://ecf.njd.uscourts.gov/doc1/119023831026?caseid=550383,$0.20,0.20,https://www.courtlistener.com/docket/68869775/apple-inc-smartphone-antitrust-litigation/
0181,181,0,2026-04-06,"Apr 6, 2026","Transcript of Case Management Conference held on March 18, 2026, before Magistrate Judge Leda Dunn Wettre. Transcriber: King Transcription Service, LLC (973-237-6080). NOTICE REGARDING (1) REDACTION OF PERSONAL IDENTIFIERS IN TRANSCRIPTS AND (2) MOTION TO REDACT AND SEAL: The parties have seven (7) calendar days to file with the Court a Notice of Intent to Request Redaction of this Transcript to comply with Fed.R.Civ.P.5.2(a) (personal identifiers). Parties seeking to redact and seal this Transcript, or portions thereof, pursuant to L.Civ.R. 5.3(g) must e-file a Motion to Redact and Seal utilizing the event `Redact and Seal Transcript/Digital Recording`. Redaction Request to Transcription Agency due, but not filed, by 4/27/2026. Redacted Transcript Deadline set for 5/7/2026. Release of Transcript Restriction set for 7/6/2026. (mfr) (Entered: 04/21/2026)",Main Document,Transcript,,PACER_LINK_AVAILABLE,,,Price not displayed; page count unknown.,,,,,,,,,,,,,https://ecf.njd.uscourts.gov/doc1/119023832244?caseid=550383,,,,https://ecf.njd.uscourts.gov/doc1/119023832244?caseid=550383,,,https://www.courtlistener.com/docket/68869775/apple-inc-smartphone-antitrust-litigation/
0182,182,0,2026-04-22,"Apr 22, 2026","NOTICE of Appearance by ROBERT D. KEELING on behalf of APPLE, INC. (KEELING, ROBERT) (Entered: 04/22/2026)",Main Document,Notice of Appearance,"0182. (04-22-2026) NOTICE of Appearance by ROBERT D. KEELING on behalf of APPLE, INC.pdf",PACER_LINK_AVAILABLE,1,,Exact local PDF page count.,167657,e824024f9fe1ed3088503825110afb5f485a376cf7ef0800b7ef6d8359ef65e7,6a014b1cb268d576a741c1b0c172227d4c0ca26f,b7dc794eb0ad98bc311b58f4b34f6344,False,Appearance of Counsel,US Courts,,PScript5.dll Version 5.2.2,"Acrobat Distiller 26.0 (Windows); modified using iText® Core 7.2.3 (production version) ©2000-2022 iText Group NV, Administrative Office of the United States Courts",D:20260415085933-05'00',D:20260422114409-04'00',https://ecf.njd.uscourts.gov/doc1/119023838186?caseid=550383,,,,https://ecf.njd.uscourts.gov/doc1/119023838186?caseid=550383,,,https://www.courtlistener.com/docket/68869775/apple-inc-smartphone-antitrust-litigation/
0183,183,0,2026-04-22,"Apr 22, 2026","NOTICE of Appearance by RAY MANGUM on behalf of APPLE, INC. (MANGUM, RAY) (Entered: 04/22/2026)",Main Document,Notice of Appearance,"0183. (04-22-2026) NOTICE of Appearance by RAY MANGUM on behalf of APPLE, INC.pdf",PACER_LINK_AVAILABLE,1,,Exact local PDF page count.,167304,891b191e005f538228d218c91b76b5716837961ae9b015360fc213df234e267f,fb0965d3930f67a023d9b4d0dac27046b01e26b3,45dd4b39016e6772f166860dfa0152b1,False,Appearance of Counsel,US Courts,,PScript5.dll Version 5.2.2,"Acrobat Distiller 26.0 (Windows); modified using iText® Core 7.2.3 (production version) ©2000-2022 iText Group NV, Administrative Office of the United States Courts",D:20260415090030-05'00',D:20260422114830-04'00',https://ecf.njd.uscourts.gov/doc1/119023838222?caseid=550383,,,,https://ecf.njd.uscourts.gov/doc1/119023838222?caseid=550383,,,https://www.courtlistener.com/docket/68869775/apple-inc-smartphone-antitrust-litigation/
0184,184,0,2026-04-22,"Apr 22, 2026","NOTICE of Voluntary Dismissal by NANCY COX (KING, STANLEY) (Entered: 04/22/2026)",Main Document,Notice of Voluntary Dismissal (aty),0184. (04-22-2026) NOTICE of Voluntary Dismissal by NANCY COX.pdf,PACER_LINK_AVAILABLE,4,,Exact local PDF page count.,180672,ba6e33ee64b69a79191bc39a5f5da2f587a47e2cfe5c9fb391bac36fff5ad597,c76b0944c987e3cb873284baee3ded08a5efac12,ea0ad168013f549cc971bdda5b1b1dc2,False,,Brant Penney,,Acrobat PDFMaker 26 for Word,"Adobe PDF Library 26.1.183; modified using iText® Core 7.2.3 (production version) ©2000-2022 iText Group NV, Administrative Office of the United States Courts",D:20260422131742-04'00',D:20260422141326-04'00',https://ecf.njd.uscourts.gov/doc1/119023839374?caseid=550383,,,,https://ecf.njd.uscourts.gov/doc1/119023839374?caseid=550383,,,https://www.courtlistener.com/docket/68869775/apple-inc-smartphone-antitrust-litigation/
0185,185,0,2026-04-24,"Apr 24, 2026","ORDER GRANTING NOTICE OF VOLUNTARY DISMISSAL WITHOUT PREJUDICE as to claims brought by Plaintiffs Pashen Bennett, Nancy Cox, Miguel Gomez, Thomas Gorczynski, Joshua Hodges, and Jared Schermer ONLY. Signed by Judge Julien Xavier Neals on 4/24/2026. (sms2) (Entered: 04/24/2026)",Main Document,Order AND ~Util - Add and Terminate Parties,0185. (04-24-2026) ORDER GRANTING NOTICE OF VOLUNTARY DISMISSAL WITHOUT PREJUDICE as to claims brought by Plaintiffs Pa.pdf,PACER_LINK_AVAILABLE,4,,Exact local PDF page count.,230688,8ec5eb0562e1546f13bfae7004d0b140216af930fd2c2fc5cce4e094933b3384,6d8951a62f312723f9da53c3f02a05bd51f787f7,361edba98f8f4a36118798ba6cf185db,False,,Brant Penney,,Acrobat PDFMaker 26 for Word,"Adobe PDF Library 26.1.183; modified using iText® Core 7.2.3 (production version) ©2000-2022 iText Group NV, Administrative Office of the United States Courts; modified using iText® Core 7.2.3 (production version) ©2000-2022 iText Group NV, Administrative Office of the United States Courts",D:20260422131742-04'00',D:20260424100609-04'00',https://ecf.njd.uscourts.gov/doc1/119023848428?caseid=550383,,,,https://ecf.njd.uscourts.gov/doc1/119023848428?caseid=550383,,,https://www.courtlistener.com/docket/68869775/apple-inc-smartphone-antitrust-litigation/
0186,186,0,2026-04-24,"Apr 24, 2026","Letter from Liza M. Walsh to the Honorable Leda D. Wettre, U.S.M.J. re 180 Cross MOTION for Issuance of Letters Rogatory . (WALSH, LIZA) (Entered: 04/24/2026)",Main Document,Letter,"0186. (04-24-2026) Letter from Liza M. Walsh to the Honorable Leda D. Wettre, U.S.M.J. re 180 Cross MOTION for Issuance.pdf",PACER_LINK_AVAILABLE,1,,Exact local PDF page count.,247834,b8beab44732d08828f8b847f2a7baee00338425c3ce395fbc5eeaf634c89a387,67c78848f2f73a0c16756d73e07df7c70a3317e8,4c450b3d54b2b4f5f00489f8c86dd88d,False,,Lauren Malakoff,,Acrobat PDFMaker 26 for Word,"Adobe PDF Library 26.1.183; modified using iText® Core 7.2.3 (production version) ©2000-2022 iText Group NV, Administrative Office of the United States Courts",D:20260424151319-04'00',D:20260424220250-04'00',https://ecf.njd.uscourts.gov/doc1/119023852657?caseid=550383,,,,https://ecf.njd.uscourts.gov/doc1/119023852657?caseid=550383,,,https://www.courtlistener.com/docket/68869775/apple-inc-smartphone-antitrust-litigation/
0187,187,0,2026-04-27,"Apr 27, 2026","NOTICE by SHARLA HILBURN, SUSAN MARIE Notice of Change of Firm Name and Email Address (JUSTICE, KIMBERLY) (Entered: 04/27/2026)",Main Document,Notice (Other),"0187. (04-27-2026) NOTICE by SHARLA HILBURN, SUSAN MARIE Notice of Change of Firm Name and Email Address.pdf",PACER_LINK_AVAILABLE,1,,Exact local PDF page count.,127925,cdb24afbddd17046758d77d2b811ea3459c1e0b8fc0c29efcfd921fb425a5b75,83f798d96ef2ea2d24e50e0dc28654d792f5fe93,2b8d30782fa7d0c4b40bc70e62086ea2,False,,Marlene Khamoo,,Acrobat PDFMaker 26 for Word,"Adobe PDF Library 26.1.183; modified using iText® Core 7.2.3 (production version) ©2000-2022 iText Group NV, Administrative Office of the United States Courts",D:20260427132818-05'00',D:20260427143410-04'00',https://ecf.njd.uscourts.gov/doc1/119023856048?caseid=550383,,,,https://ecf.njd.uscourts.gov/doc1/119023856048?caseid=550383,,,https://www.courtlistener.com/docket/68869775/apple-inc-smartphone-antitrust-litigation/
0188,188,0,2026-04-30,"Apr 30, 2026","Transcript of Deposition Protocol Dispute Conference held on April 27, 2026, before Magistrate Judge Leda D. Wettre. Transcriber: King Transcription Services (973-237-6080). NOTICE REGARDING (1) REDACTION OF PERSONAL IDENTIFIERS IN TRANSCRIPTS AND (2) MOTION TO REDACT AND SEAL: The parties have seven (7) calendar days to file with the Court a Notice of Intent to Request Redaction of this Transcript to comply with Fed.R.Civ.P.5.2(a) (personal identifiers). Parties seeking to redact and seal this Transcript, or portions thereof, pursuant to L.Civ.R. 5.3(g) must e-file a Motion to Redact and Seal utilizing the event `Redact and Seal Transcript/Digital Recording`. Redaction Request to Transcription Agency due, but not filed, by 5/21/2026. Redacted Transcript Deadline set for 6/1/2026. Release of Transcript Restriction set for 7/29/2026. (sks) (Entered: 05/05/2026)",Main Document,Transcript,,PACER_LINK_AVAILABLE,,,Price not displayed; page count unknown.,,,,,,,,,,,,,https://ecf.njd.uscourts.gov/doc1/119023889728?caseid=550383,,,,https://ecf.njd.uscourts.gov/doc1/119023889728?caseid=550383,,,https://www.courtlistener.com/docket/68869775/apple-inc-smartphone-antitrust-litigation/
0189,189,0,2026-05-05,"May 5, 2026",MEMORANDUM. Signed by Judge Julien Xavier Neals on 5/5/2026. (arm) (Entered: 05/05/2026),Main Document,Memorandum,0189. (05-05-2026) MEMORANDUM. Signed by Judge Julien Xavier Neals on 552026.pdf,FREE_RECAP_PDF_AVAILABLE,3,3,Exact local PDF page count.,267788,8053e9420a432cf5c0428c047401c1c5e65674a4148abe203afc384b221b0a27,3510fc3576135e6d7a261e565c858483581b812d,6efd81be124d5c2adba2261f1c627242,False,,Jacquetta Baker,,Acrobat PDFMaker 26 for Word,"Adobe PDF Library 26.1.183; modified using iText® Core 7.2.3 (production version) ©2000-2022 iText Group NV, Administrative Office of the United States Courts",D:20260505132613-04'00',D:20260505153203-04'00',https://storage.courtlistener.com/recap/gov.uscourts.njd.550383/gov.uscourts.njd.550383.189.0_1.pdf,https://storage.courtlistener.com/recap/gov.uscourts.njd.550383/gov.uscourts.njd.550383.189.0_1.pdf,https://archive.org/download/gov.uscourts.njd.550383/gov.uscourts.njd.550383.189.0.pdf,https://www.courtlistener.com/docket/68869775/189/shoshi-goldfus-v-apple-inc/,https://ecf.njd.uscourts.gov/doc1/119023891618?caseid=550383,$0.30,0.30,https://www.courtlistener.com/docket/68869775/apple-inc-smartphone-antitrust-litigation/
0190,190,0,2026-05-07,"May 7, 2026","ORDER granting Plaintiff's 180 Cross-Motion for Issuance of Letters Rogatory under the Hague Convention to Samsung Electronics, Co., LTD. in the Republic of Korea. Signed by Magistrate Judge Leda D. Wettre on 5/7/2026. (sks) (Entered: 05/08/2026)",Main Document,Order on Motion for Issuance of Letters Rogatory,0190. (05-07-2026) ORDER granting Plaintiffs 180 Cross-Motion for Issuance of Letters Rogatory under the Hague Convent.pdf,FREE_RECAP_PDF_AVAILABLE,2,2,Exact local PDF page count.,275426,1e2cd75213fcbec8633833a247441ee682df44dcb9a3f17eddc1f6f9c119b40e,7e2f338123e726a712e7491fdae915f0b078fb47,fefaa62f5676fa38c3163197e4871981,False,,,,,"iText® Core 7.2.3 (production version) ©2000-2022 iText Group NV, Administrative Office of the United States Courts",,D:20260508093528-04'00',https://storage.courtlistener.com/recap/gov.uscourts.njd.550383/gov.uscourts.njd.550383.190.0.pdf,https://storage.courtlistener.com/recap/gov.uscourts.njd.550383/gov.uscourts.njd.550383.190.0.pdf,https://archive.org/download/gov.uscourts.njd.550383/gov.uscourts.njd.550383.190.0.pdf,https://www.courtlistener.com/docket/68869775/190/shoshi-goldfus-v-apple-inc/,https://ecf.njd.uscourts.gov/doc1/119023903744?caseid=550383,$0.20,0.20,https://www.courtlistener.com/docket/68869775/apple-inc-smartphone-antitrust-litigation/
0191,191,0,2026-05-07,"May 7, 2026","ORDER granting 178 Motion for Issuance of Letters Rogatory; The Court shall execute the submitted Letter of Request For International Judicial Assistance with an original signature, to which the clerk shall affix an original seal, and two hard copies of said document will be forwarded to counsel for Apple to allow for service in accordance with the provisions of the Hague Service Convention. Signed by Magistrate Judge Leda D. Wettre on 5/7/2026. (ld) (Entered: 05/08/2026)",Main Document,Order on Motion for Issuance of Letters Rogatory,0191. (05-07-2026) ORDER granting 178 Motion for Issuance of Letters Rogatory The Court shall execute the submitted Le.pdf,FREE_RECAP_PDF_AVAILABLE,2,2,Exact local PDF page count.,319375,c20f387369aecbe5db1046bf16538288aa4560095c11a01b9eeeacf236477946,ab96f93f40b5285f08a724a91ed82e761c36d270,f13fc02b74d69cbc5461293e0c50c871,False,,,,,"iText® Core 7.2.3 (production version) ©2000-2022 iText Group NV, Administrative Office of the United States Courts",,D:20260508111346-04'00',https://storage.courtlistener.com/recap/gov.uscourts.njd.550383/gov.uscourts.njd.550383.191.0.pdf,https://storage.courtlistener.com/recap/gov.uscourts.njd.550383/gov.uscourts.njd.550383.191.0.pdf,https://archive.org/download/gov.uscourts.njd.550383/gov.uscourts.njd.550383.191.0.pdf,https://www.courtlistener.com/docket/68869775/191/shoshi-goldfus-v-apple-inc/,https://ecf.njd.uscourts.gov/doc1/119023904432?caseid=550383,$0.20,0.20,https://www.courtlistener.com/docket/68869775/apple-inc-smartphone-antitrust-litigation/
0192,192,0,2026-05-13,"May 13, 2026","Letter from Joint MDL Parties to Hon. Mag. J. Wettre re 175 Scheduling Order. (HOLLINGER, JORDAN) (Entered: 05/13/2026)",Main Document,Letter,0192. (05-13-2026) Letter from Joint MDL Parties to Hon. Mag. J. Wettre re 175 Scheduling Order.pdf,FREE_RECAP_PDF_AVAILABLE,25,25,Exact local PDF page count.,533551,cfbe6e3b9930a62089a7100303c425482619c70c490781c5b6adc8999a0cbb27,4d9f431317de3f7b369851985494e3ac92e414d4,a05a9f45e17504982f1b414bacf5abbe,False,,"Hashmall, Joe",,Microsoft® Word for Microsoft 365,"Microsoft® Word for Microsoft 365; modified using iText® Core 7.2.3 (production version) ©2000-2022 iText Group NV, Administrative Office of the United States Courts",D:20260513224638-04'00',D:20260513230616-04'00',https://storage.courtlistener.com/recap/gov.uscourts.njd.550383/gov.uscourts.njd.550383.192.0.pdf,https://storage.courtlistener.com/recap/gov.uscourts.njd.550383/gov.uscourts.njd.550383.192.0.pdf,https://archive.org/download/gov.uscourts.njd.550383/gov.uscourts.njd.550383.192.0.pdf,https://www.courtlistener.com/docket/68869775/192/shoshi-goldfus-v-apple-inc/,https://ecf.njd.uscourts.gov/doc1/119023926008?caseid=550383,$2.50,2.50,https://www.courtlistener.com/docket/68869775/apple-inc-smartphone-antitrust-litigation/
0193,193,0,2026-05-14,"May 14, 2026","Cross MOTION for Issuance of Letters Rogatory by SHOSHI GOLDFUS, IRA POLLY. (Attachments: # 1 Brief, # 2 Declaration, # 3 Text of Proposed Order)(DEPALMA, JOSEPH) (Entered: 05/14/2026)",Main Document,Letters Rogatory,"0193. (05-14-2026) Cross MOTION for Issuance of Letters Rogatory by SHOSHI GOLDFUS, IRA POLLY.pdf",FREE_RECAP_PDF_AVAILABLE,4,4,Exact local PDF page count.,128820,1267a98d7866df2cc92c1aa9cf2474bac87124aac460f24ab9ab8a4bbab2240d,8c2539349505a095564ed576660ad41682043ea9,c24a555669f1bc4154fa7589f339c37f,False,Microsoft Word - 2026-05-14 Notice of Cross Motion for Issuance of Letter of Request_FINAL(1095583.3),ep,,PScript5.dll Version 5.2.2,"Acrobat Distiller 26.0 (Windows); modified using iText® Core 7.2.3 (production version) ©2000-2022 iText Group NV, Administrative Office of the United States Courts",D:20260514155410-04'00',D:20260514162538-04'00',https://storage.courtlistener.com/recap/gov.uscourts.njd.550383/gov.uscourts.njd.550383.193.0.pdf,https://storage.courtlistener.com/recap/gov.uscourts.njd.550383/gov.uscourts.njd.550383.193.0.pdf,https://archive.org/download/gov.uscourts.njd.550383/gov.uscourts.njd.550383.193.0.pdf,https://www.courtlistener.com/docket/68869775/193/shoshi-goldfus-v-apple-inc/,https://ecf.njd.uscourts.gov/doc1/119023929531?caseid=550383,$0.40,0.40,https://www.courtlistener.com/docket/68869775/apple-inc-smartphone-antitrust-litigation/
0193-001,193,1,2026-05-14,"May 14, 2026","Cross MOTION for Issuance of Letters Rogatory by SHOSHI GOLDFUS, IRA POLLY. (Attachments: # 1 Brief, # 2 Declaration, # 3 Text of Proposed Order)(DEPALMA, JOSEPH) (Entered: 05/14/2026)",Attachment 1,Brief,0193-001. (05-14-2026) Brief.pdf,FREE_RECAP_PDF_AVAILABLE,17,17,Exact local PDF page count.,203265,f338243b90c83b1a032595c2cbe95458a784bce6af08aaec8b9d2f5afea1d1ae,a316925e008a45cde763bb58955ada0b7a3d2f9a,77bfb496ec95f34b4ccce6b2b3fb61ca,False,Microsoft Word - 2026-05-4 Memorandum_in_Support_FINAL(1095593.3),ep,,PScript5.dll Version 5.2.2,"Acrobat Distiller 26.0 (Windows); modified using iText® Core 7.2.3 (production version) ©2000-2022 iText Group NV, Administrative Office of the United States Courts",D:20260514155642-04'00',D:20260514162547-04'00',https://storage.courtlistener.com/recap/gov.uscourts.njd.550383/gov.uscourts.njd.550383.193.1.pdf,https://storage.courtlistener.com/recap/gov.uscourts.njd.550383/gov.uscourts.njd.550383.193.1.pdf,https://archive.org/download/gov.uscourts.njd.550383/gov.uscourts.njd.550383.193.1.pdf,https://www.courtlistener.com/docket/68869775/193/1/shoshi-goldfus-v-apple-inc/,https://ecf.njd.uscourts.gov/doc1/119023929532?caseid=550383,$1.70,1.70,https://www.courtlistener.com/docket/68869775/apple-inc-smartphone-antitrust-litigation/
0193-002,193,2,2026-05-14,"May 14, 2026","Cross MOTION for Issuance of Letters Rogatory by SHOSHI GOLDFUS, IRA POLLY. (Attachments: # 1 Brief, # 2 Declaration, # 3 Text of Proposed Order)(DEPALMA, JOSEPH) (Entered: 05/14/2026)",Attachment 2,Declaration,0193-002. (05-14-2026) Declaration.pdf,FREE_RECAP_PDF_AVAILABLE,621,>=30,Exact local PDF page count.,8706218,76a713703065314da998ffb53941c4419adee17fc2e2ce415e81ef0c0ba0b24d,e891d7f11be235247b7b50f526988b708188d6e5,1c1378ae07be1b2ec76d07fdab8c9cf4,False,,,,PrimeLink C9275,"PrimeLink C9275; modified using iText® Core 7.2.3 (production version) ©2000-2022 iText Group NV, Administrative Office of the United States Courts",D:20260514150420-04'00',D:20260514162607-04'00',https://storage.courtlistener.com/recap/gov.uscourts.njd.550383/gov.uscourts.njd.550383.193.2.pdf,https://storage.courtlistener.com/recap/gov.uscourts.njd.550383/gov.uscourts.njd.550383.193.2.pdf,https://archive.org/download/gov.uscourts.njd.550383/gov.uscourts.njd.550383.193.2.pdf,https://www.courtlistener.com/docket/68869775/193/2/shoshi-goldfus-v-apple-inc/,https://ecf.njd.uscourts.gov/doc1/119023929533?caseid=550383,$3.00,3.00,https://www.courtlistener.com/docket/68869775/apple-inc-smartphone-antitrust-litigation/
0193-003,193,3,2026-05-14,"May 14, 2026","Cross MOTION for Issuance of Letters Rogatory by SHOSHI GOLDFUS, IRA POLLY. (Attachments: # 1 Brief, # 2 Declaration, # 3 Text of Proposed Order)(DEPALMA, JOSEPH) (Entered: 05/14/2026)",Attachment 3,Text of Proposed Order,0193-003. (05-14-2026) (Text of Proposed Order).pdf,FREE_RECAP_PDF_AVAILABLE,2,2,Exact local PDF page count.,93670,10d327205284716a462e25954e8ea0e253327990fab8955e3ebd6b9f59dd39c7,fa27fca284ba87f18c973109a448fac1b801c21f,8a864437c0d04cad13f8df9fdc86c18c,False,Microsoft Word - 2026-05-12 Proposed Order for Issuance of Letter of Request_FINAL(1095585.2),ep,,PScript5.dll Version 5.2.2,"Acrobat Distiller 26.0 (Windows); modified using iText® Core 7.2.3 (production version) ©2000-2022 iText Group NV, Administrative Office of the United States Courts",D:20260514155659-04'00',D:20260514162629-04'00',https://storage.courtlistener.com/recap/gov.uscourts.njd.550383/gov.uscourts.njd.550383.193.3.pdf,https://storage.courtlistener.com/recap/gov.uscourts.njd.550383/gov.uscourts.njd.550383.193.3.pdf,https://archive.org/download/gov.uscourts.njd.550383/gov.uscourts.njd.550383.193.3.pdf,https://www.courtlistener.com/docket/68869775/193/3/shoshi-goldfus-v-apple-inc/,https://ecf.njd.uscourts.gov/doc1/119023929534?caseid=550383,$0.20,0.20,https://www.courtlistener.com/docket/68869775/apple-inc-smartphone-antitrust-litigation/
0194,194,0,2026-05-15,"May 15, 2026","NOTICE of Appearance by ANTHONY R. GUTTMAN on behalf of JOSEPH GIAMANCO (GUTTMAN, ANTHONY) (Entered: 05/15/2026)",Main Document,Notice of Appearance,0194. (05-15-2026) NOTICE of Appearance by ANTHONY R. GUTTMAN on behalf of JOSEPH GIAMANCO.pdf,FREE_RECAP_PDF_AVAILABLE,1,1,Exact local PDF page count.,169559,69017ac6cc4678361e41957af296a021148cf00fa90494c4b8b6a1f85fa93ce6,9d7e3e5f907cd0e93650aef5c0332417c7d1389a,e916bada147ce7f06481852176d25953,False,Appearance of Counsel,US Courts,,PScript5.dll Version 5.2.2,"Acrobat Distiller 26.0 (Windows); modified using iText® Core 7.2.3 (production version) ©2000-2022 iText Group NV, Administrative Office of the United States Courts",D:20260514171734-04'00',D:20260515113759-04'00',https://storage.courtlistener.com/recap/gov.uscourts.njd.550383/gov.uscourts.njd.550383.194.0.pdf,https://storage.courtlistener.com/recap/gov.uscourts.njd.550383/gov.uscourts.njd.550383.194.0.pdf,https://archive.org/download/gov.uscourts.njd.550383/gov.uscourts.njd.550383.194.0.pdf,https://www.courtlistener.com/docket/68869775/194/shoshi-goldfus-v-apple-inc/,https://ecf.njd.uscourts.gov/doc1/119023932356?caseid=550383,$0.10,0.10,https://www.courtlistener.com/docket/68869775/apple-inc-smartphone-antitrust-litigation/
0195,195,0,2026-05-15,"May 15, 2026","NOTICE of Appearance by KATHRYN ELISE GHOTBI on behalf of JOSEPH GIAMANCO (GHOTBI, KATHRYN) (Entered: 05/15/2026)",Main Document,Notice of Appearance,0195. (05-15-2026) NOTICE of Appearance by KATHRYN ELISE GHOTBI on behalf of JOSEPH GIAMANCO.pdf,FREE_RECAP_PDF_AVAILABLE,1,1,Exact local PDF page count.,254373,34fed69e6a23591735731956c876f5fda867885191227aa0bd03bcfc42b62c46,ed99a82e1303da8fdba981a45f81f979159d2adb,64fe65c0802c4d0f959c7ca0dd19f2e6,False,Appearance of Counsel,US Courts,,PScript5.dll Version 5.2.2,"Acrobat Distiller 26.0 (Windows); modified using iText® Core 7.2.3 (production version) ©2000-2022 iText Group NV, Administrative Office of the United States Courts",D:20260506172119-04'00',D:20260515114210-04'00',https://storage.courtlistener.com/recap/gov.uscourts.njd.550383/gov.uscourts.njd.550383.195.0.pdf,https://storage.courtlistener.com/recap/gov.uscourts.njd.550383/gov.uscourts.njd.550383.195.0.pdf,https://archive.org/download/gov.uscourts.njd.550383/gov.uscourts.njd.550383.195.0.pdf,https://www.courtlistener.com/docket/68869775/195/shoshi-goldfus-v-apple-inc/,https://ecf.njd.uscourts.gov/doc1/119023932389?caseid=550383,$0.10,0.10,https://www.courtlistener.com/docket/68869775/apple-inc-smartphone-antitrust-litigation/
0196,196,0,2026-05-15,"May 15, 2026","NOTICE of Appearance by CONNOR S. SULLIVAN on behalf of APPLE, INC. (SULLIVAN, CONNOR) (Entered: 05/15/2026)",Main Document,Notice of Appearance,"0196. (05-15-2026) NOTICE of Appearance by CONNOR S. SULLIVAN on behalf of APPLE, INC.pdf",PACER_LINK_AVAILABLE,1,,Exact local PDF page count.,128565,55b25af1e238cbd72d32dc116009db7e22a17ee144b7572aa3744e80fa578bb5,659f9145ce1fd78fa2962e3afc0d256f28d2a8bf,3f85412df1268751dfaa7197951046c6,False,NOA_Connor Sullivan,"Wang, Alice",,Preview,"macOS Version 26.4.1 (Build 25E253) Quartz PDFContext; modified using iText® Core 7.2.3 (production version) ©2000-2022 iText Group NV, Administrative Office of the United States Courts",D:20260504211609Z,D:20260515130305-04'00',https://ecf.njd.uscourts.gov/doc1/119023933057?caseid=550383,,,,https://ecf.njd.uscourts.gov/doc1/119023933057?caseid=550383,,,https://www.courtlistener.com/docket/68869775/apple-inc-smartphone-antitrust-litigation/
0197,197,0,2026-05-15,"May 15, 2026","NOTICE of Appearance by ELI M LAZARUS on behalf of APPLE, INC. (LAZARUS, ELI) (Entered: 05/15/2026)",Main Document,Notice of Appearance,"0197. (05-15-2026) NOTICE of Appearance by ELI M LAZARUS on behalf of APPLE, INC.pdf",PACER_LINK_AVAILABLE,1,,Exact local PDF page count.,370124,5a1d35c560f09031f4d5ff2c8f32fdd94a623714773e78c826f849f8d62ef702,70cd3018f08c9645b0f0543249e223b8ed539b6c,67a509b7aaa2f433ed70a1632c244abd,False,,,,PDFium,"macOS Version 26.4.1 (Build 25E253) Quartz PDFContext, AppendMode 1.1; modified using iText® Core 7.2.3 (production version) ©2000-2022 iText Group NV, Administrative Office of the United States Courts",D:20260428215044Z,D:20260515130820-04'00',https://ecf.njd.uscourts.gov/doc1/119023933090?caseid=550383,,,,https://ecf.njd.uscourts.gov/doc1/119023933090?caseid=550383,,,https://www.courtlistener.com/docket/68869775/apple-inc-smartphone-antitrust-litigation/
0198,198,0,2026-05-15,"May 15, 2026","NOTICE of Appearance by JASON C. LO on behalf of APPLE, INC. (LO, JASON) (Entered: 05/15/2026)",Main Document,Notice of Appearance,"0198. (05-15-2026) NOTICE of Appearance by JASON C. LO on behalf of APPLE, INC.pdf",PACER_LINK_AVAILABLE,1,,Exact local PDF page count.,132766,588495b316664c1998c7d55d3965e08ef952d278d5d6c97c399fe0a33b7d82c7,e40329746481732ccd80d55639f14c2b314e7c2d,683be8124275b857ca9c8850823b4d52,False,Appearance of Counsel 🔊,"Wang, Alice",,Chrome Helper,"macOS Version 26.4.1 (Build 25E253) Quartz PDFContext; modified using iText® Core 7.2.3 (production version) ©2000-2022 iText Group NV, Administrative Office of the United States Courts",D:20260505184455Z,D:20260515131243-04'00',https://ecf.njd.uscourts.gov/doc1/119023933148?caseid=550383,,,,https://ecf.njd.uscourts.gov/doc1/119023933148?caseid=550383,,,https://www.courtlistener.com/docket/68869775/apple-inc-smartphone-antitrust-litigation/
0199,199,0,2026-05-15,"May 15, 2026","NOTICE of Appearance by JOSEPH ROSE on behalf of APPLE, INC. (ROSE, JOSEPH) (Entered: 05/15/2026)",Main Document,Notice of Appearance,"0199. (05-15-2026) NOTICE of Appearance by JOSEPH ROSE on behalf of APPLE, INC.pdf",PACER_LINK_AVAILABLE,1,,Exact local PDF page count.,139925,d082db76d3f0078c0dce4a93676d1921dcb5f1665b094bff02d41d83b303caab,0507aa1044f7d28cd5604f7845325bb7ee91523c,25151c0d182e15e3b508240ecaf059cd,False,NOA_Joe Rose,"Wang, Alice",,Preview,"macOS Version 26.4.1 (Build 25E253) Quartz PDFContext; modified using iText® Core 7.2.3 (production version) ©2000-2022 iText Group NV, Administrative Office of the United States Courts",D:20260504210703Z,D:20260515131501-04'00',https://ecf.njd.uscourts.gov/doc1/119023933166?caseid=550383,,,,https://ecf.njd.uscourts.gov/doc1/119023933166?caseid=550383,,,https://www.courtlistener.com/docket/68869775/apple-inc-smartphone-antitrust-litigation/
0200,200,0,2026-05-20,"May 20, 2026","MDL TEXT ORDER - The in-person case management conference set for May 27, 2026 before Magistrate Judge Leda D. Wettre is adjourned to June 23, 2026 in Courtroom 3C of the Martin Luther King Jr. Federal Building and U.S. Courthouse. The conference will begin immediately following the conclusion of the 10:00 a.m. conference in United States v. Apple Inc., 24-cv-4055 (JXN) (LDW). No further dispute letters may be filed prior to the conference, as the Court will address only those disputes raised in the May 13, 2026 joint status letter (ECF 192 ), but the parties shall advise the Court if any pending disputes have been resolved. Counsel for the United States, the Plaintiff-States, the MDL Plaintiffs, and defendant Apple are directed to submit a single, jointly proposed Special Master Appointment Order to be entered in this case and in United States v. Apple Inc. by email to LDW_orders@njd.uscourts.gov no later than May 29, 2026. So Ordered by Magistrate Judge Leda D. Wettre on 5/20/2026. (rn) (Entered: 05/20/2026)",Main Document,,,NO_PUBLIC_PDF_LINK,,,Price not displayed; page count unknown.,,,,,,,,,,,,,,,,,,,,https://www.courtlistener.com/docket/68869775/apple-inc-smartphone-antitrust-litigation/
0201,201,0,2026-05-26,"May 26, 2026","Letter from James E. Cecchi to the Honorable Julien Xavier Neals, U.S.D.J. regarding MDL Plaintiffs' consent to Special Discovery Masters. (CECCHI, JAMES) (Entered: 05/26/2026)",Main Document,Letter,"0201. (05-26-2026) Letter from James E. Cecchi to the Honorable Julien Xavier Neals, U.S.D.J. regarding MDL Plaintiffs.pdf",FREE_RECAP_PDF_AVAILABLE,1,1,Exact local PDF page count.,185737,b5c59a414e9ab68f9556be5853522b39bb6b453a09831396d9c37b0330c1eba8,95a2aaca3a77cfe3d33bb0320c13371e4b224c66,ceedf0c91b5c8f4c2c767a6dae1110f0,False,,,,Acrobat PDFMaker 26 for Word,"Adobe PDF Library 26.1.59; modified using iText® Core 7.2.3 (production version) ©2000-2022 iText Group NV, Administrative Office of the United States Courts",D:20260526160456-04'00',D:20260526161114-04'00',https://storage.courtlistener.com/recap/gov.uscourts.njd.550383/gov.uscourts.njd.550383.201.0.pdf,https://storage.courtlistener.com/recap/gov.uscourts.njd.550383/gov.uscourts.njd.550383.201.0.pdf,https://archive.org/download/gov.uscourts.njd.550383/gov.uscourts.njd.550383.201.0.pdf,https://www.courtlistener.com/docket/68869775/201/shoshi-goldfus-v-apple-inc/,https://ecf.njd.uscourts.gov/doc1/119023968877?caseid=550383,$0.10,0.10,https://www.courtlistener.com/docket/68869775/apple-inc-smartphone-antitrust-litigation/
0202,202,0,2026-05-26,"May 26, 2026","Letter from Liza M. Walsh to the Hon. Julien X. Neals, U.S.D.J. and the Hon. Leda D. Wettre, U.S.M.J. re Special Discovery Masters. (WALSH, LIZA) (Entered: 05/26/2026)",Main Document,Letter,"0202. (05-26-2026) Letter from Liza M. Walsh to the Hon. Julien X. Neals, U.S.D.J. and the Hon. Leda D. Wettre, U.S.M.J.pdf",FREE_RECAP_PDF_AVAILABLE,1,1,Exact local PDF page count.,251979,43fafd449a11e48c59ba803b48a21cc7841656f9eaef6f7cab17a52e10971b71,1967176274ccc51cecbb3a597a1cc5d74f03d9c9,c6bc189bd81d360c53d97c4c3c116149,False,,Lauren Malakoff,,Acrobat PDFMaker 26 for Word,"Adobe PDF Library 26.1.59; modified using iText® Core 7.2.3 (production version) ©2000-2022 iText Group NV, Administrative Office of the United States Courts",D:20260526200928-04'00',D:20260526202029-04'00',https://storage.courtlistener.com/recap/gov.uscourts.njd.550383/gov.uscourts.njd.550383.202.0.pdf,https://storage.courtlistener.com/recap/gov.uscourts.njd.550383/gov.uscourts.njd.550383.202.0.pdf,https://archive.org/download/gov.uscourts.njd.550383/gov.uscourts.njd.550383.202.0.pdf,https://www.courtlistener.com/docket/68869775/202/shoshi-goldfus-v-apple-inc/,https://ecf.njd.uscourts.gov/doc1/119023970115?caseid=550383,$0.10,0.10,https://www.courtlistener.com/docket/68869775/apple-inc-smartphone-antitrust-litigation/
0203,203,0,2026-05-28,"May 28, 2026","Letter from Liza M. Walsh to the Honorable Leda D. Wettre, U.S.M.J. re 200 Text Order,,,,, Set Hearings,,,,. (WALSH, LIZA) (Entered: 05/28/2026)",Main Document,Letter,"0203. (05-28-2026) Letter from Liza M. Walsh to the Honorable Leda D. Wettre, U.S.M.J. re 200 Text Order, Set Hearings.pdf",FREE_RECAP_PDF_AVAILABLE,1,1,Exact local PDF page count.,889324,f1e8c933534a8c352aa6924cabec9e74cebc1ad60f4e6329eb9061da82b36689,9607e5bb8d94d6ef2d023e0e290abb61913fdec4,0dc9a00431dd804a08a9f5ad377141ed,False,Microsoft Word - 2026 05 28 Letter to J. Wettre re extension (1),Barbara Troyan,,,"Microsoft: Print To PDF; modified using iText® Core 7.2.3 (production version) ©2000-2022 iText Group NV, Administrative Office of the United States Courts",D:20260528161610-04'00',D:20260528165212-04'00',https://storage.courtlistener.com/recap/gov.uscourts.njd.550383/gov.uscourts.njd.550383.203.0.pdf,https://storage.courtlistener.com/recap/gov.uscourts.njd.550383/gov.uscourts.njd.550383.203.0.pdf,https://archive.org/download/gov.uscourts.njd.550383/gov.uscourts.njd.550383.203.0.pdf,https://www.courtlistener.com/docket/68869775/203/shoshi-goldfus-v-apple-inc/,https://ecf.njd.uscourts.gov/doc1/119023980992?caseid=550383,$0.10,0.10,https://www.courtlistener.com/docket/68869775/apple-inc-smartphone-antitrust-litigation/
0204,204,0,2026-05-29,"May 29, 2026","LETTER ORDER granting a one-week extension of time until 6/5/2026, for the parties to submit the proposed Special Master Appointment Order. Signed by Magistrate Judge Leda D. Wettre on 5/29/2026. (kht) (Entered: 05/29/2026)",Main Document,Order,"0204. (05-29-2026) LETTER ORDER granting a one-week extension of time until 652026, for the parties to submit the pro.pdf",FREE_RECAP_PDF_AVAILABLE,1,1,Exact local PDF page count.,233748,6b546b957f6fa29aa3a567fa4928325d7cad69d2e357d0762643906d74ec2255,61ac0b32f82d57ffad10ff64005016aa7b2bfe29,55c1465fe51092172b8d2ce0a2f9150b,False,,,,,"iText® Core 7.2.3 (production version) ©2000-2022 iText Group NV, Administrative Office of the United States Courts",,D:20260529112555-04'00',https://storage.courtlistener.com/recap/gov.uscourts.njd.550383/gov.uscourts.njd.550383.204.0.pdf,https://storage.courtlistener.com/recap/gov.uscourts.njd.550383/gov.uscourts.njd.550383.204.0.pdf,https://archive.org/download/gov.uscourts.njd.550383/gov.uscourts.njd.550383.204.0.pdf,https://www.courtlistener.com/docket/68869775/204/shoshi-goldfus-v-apple-inc/,https://ecf.njd.uscourts.gov/doc1/119023983443?caseid=550383,$0.10,0.10,https://www.courtlistener.com/docket/68869775/apple-inc-smartphone-antitrust-litigation/
0205,205,0,2026-06-04,"Jun 4, 2026","ORDER granting 193 Cross Motion for Issuance of Letters Rogatory; that the Court shall execute the submitted Letter of Request for International Judicial Assistance with an original signature, to which the Clerk shall affix an original seal, and two hard copies of said document will be forwarded to counsel for iPhone Plaintiffs to allow for service in accordance with the provisions of the Hague Convention on the Taking of Evidence Abroad in Civil or Commercial Matters. Signed by Magistrate Judge Leda D. Wettre on 6/4/2026. (ld) (Entered: 06/04/2026)",Main Document,Order on Motion for Issuance of Letters Rogatory,0205. (06-04-2026) ORDER granting 193 Cross Motion for Issuance of Letters Rogatory that the Court shall execute the s.pdf,FREE_RECAP_PDF_AVAILABLE,2,2,Exact local PDF page count.,268940,82beeee8028c4ce067ebfcb469d720f20aa5a4bc782b5d8c45de80f7714f7200,8259363f1b2b761f56711ae0e9421f13a32ecda5,69dc85a1c62658fa2fb4c3e31457c7b2,False,,,,,"iText® Core 7.2.3 (production version) ©2000-2022 iText Group NV, Administrative Office of the United States Courts",,D:20260604170045-04'00',https://storage.courtlistener.com/recap/gov.uscourts.njd.550383/gov.uscourts.njd.550383.205.0.pdf,https://storage.courtlistener.com/recap/gov.uscourts.njd.550383/gov.uscourts.njd.550383.205.0.pdf,https://archive.org/download/gov.uscourts.njd.550383/gov.uscourts.njd.550383.205.0.pdf,https://www.courtlistener.com/docket/68869775/205/shoshi-goldfus-v-apple-inc/,https://ecf.njd.uscourts.gov/doc1/119024009139?caseid=550383,$0.20,0.20,https://www.courtlistener.com/docket/68869775/apple-inc-smartphone-antitrust-litigation/
0206,206,0,2026-06-15,"Jun 15, 2026","MDL TEXT ORDER - Public and media access to listen to the June 23, 2026 case management conference before Magistrate Judge Leda D. Wettre is available by telephone using the following dial-in information: (973) 437-5535, access code 813 188 51#. Persons remotely accessing the conference are reminded of the general prohibition against recording and rebroadcasting court proceedings. So Ordered by Magistrate Judge Leda D. Wettre on 6/15/2026. (rn) (Entered: 06/15/2026)",Main Document,,,NO_PUBLIC_PDF_LINK,,,Price not displayed; page count unknown.,,,,,,,,,,,,,,,,,,,,https://www.courtlistener.com/docket/68869775/apple-inc-smartphone-antitrust-litigation/
0207,207,0,2026-06-17,"Jun 17, 2026","NOTICE of Appearance by CAROLINE GRUESKIN on behalf of JOSEPH GIAMANCO (GRUESKIN, CAROLINE) (Entered: 06/17/2026)",Main Document,Notice of Appearance,0207. (06-17-2026) NOTICE of Appearance by CAROLINE GRUESKIN on behalf of JOSEPH GIAMANCO.pdf,FREE_RECAP_PDF_AVAILABLE,1,1,Exact local PDF page count.,129497,c70b4893eaed75c6af5a1a9da6e260fc0155cda56bf39445ae08767cf1308348,75c1aec7128b168d40ef552aa636b2013cfa7cc8,32affca1bedc4fb5c17a97fca0238a9b,False,Appearance of Counsel,US Courts,,PScript5.dll Version 5.2.2,"Acrobat Distiller 26.0 (Windows); modified using iText® Core 7.2.3 (production version) ©2000-2022 iText Group NV, Administrative Office of the United States Courts",D:20260612141711-04'00',D:20260617100720-04'00',https://storage.courtlistener.com/recap/gov.uscourts.njd.550383/gov.uscourts.njd.550383.207.0.pdf,https://storage.courtlistener.com/recap/gov.uscourts.njd.550383/gov.uscourts.njd.550383.207.0.pdf,https://archive.org/download/gov.uscourts.njd.550383/gov.uscourts.njd.550383.207.0.pdf,https://www.courtlistener.com/docket/68869775/207/shoshi-goldfus-v-apple-inc/,https://ecf.njd.uscourts.gov/doc1/119024055818?caseid=550383,$0.10,0.10,https://www.courtlistener.com/docket/68869775/apple-inc-smartphone-antitrust-litigation/
0208,208,0,2026-06-18,"Jun 18, 2026","ORDER REFERRING CASE to Special Master. JOSE L. LINARES, Ret, RONALD J. HEDGES and PETER F. BARISO, JR appointed pursuant to Federal Rule of Civil Procedure 53 as Special Masters in 2:24-cv-04055-JXN-LDW (""Government Action"") and 2:24-md-3113-JXN-LDW (""MDL,"" and together with Government Action, ""Actions"") for the purpose of considering matters referred to them as described in Paragraph 3 below. The Clerk shall serve copies of this Order on the Special Masters and counsel for the parties by electronically filing it on the dockets of the above-captioned Actions. Signed by Judge Julien Xavier Neals on 6/18/2026. (ld) (Entered: 06/18/2026)",Main Document,Order Referring Case to Special Master,"0208. (06-18-2026) ORDER REFERRING CASE to Special Master. JOSE L. LINARES, Ret, RONALD J. HEDGES and PETER F. BARISO.pdf",FREE_RECAP_PDF_AVAILABLE,9,9,Exact local PDF page count.,195233,13b651be27bb8ae337661255c2a978c7aece1b025c3e84223b959ac0babe085a,9119e70ed0e5ee164bf7b803075845ca6d961ef4,8f1e1b8a65ba54bd6a6fa3392c6a224c,False,,,,,"iText® Core 7.2.3 (production version) ©2000-2022 iText Group NV, Administrative Office of the United States Courts",,D:20260618143626-04'00',https://storage.courtlistener.com/recap/gov.uscourts.njd.550383/gov.uscourts.njd.550383.208.0.pdf,https://storage.courtlistener.com/recap/gov.uscourts.njd.550383/gov.uscourts.njd.550383.208.0.pdf,https://archive.org/download/gov.uscourts.njd.550383/gov.uscourts.njd.550383.208.0.pdf,https://www.courtlistener.com/docket/68869775/208/shoshi-goldfus-v-apple-inc/,https://ecf.njd.uscourts.gov/doc1/119024064084?caseid=550383,$0.90,0.90,https://www.courtlistener.com/docket/68869775/apple-inc-smartphone-antitrust-litigation/
0209,209,0,2026-06-18,"Jun 18, 2026","MDL TEXT ORDER - The Court's agenda for the June 23, 2026 case management conference is to obtain a general update about the progress of discovery and, if time allows, to conduct a dispute resolution conference in Chambers concerning deposition protocol disputes. The Court does not intend to hear oral argument with respect to any pending discovery disputes. So Ordered by Magistrate Judge Leda D. Wettre on 6/18/2026. (rn) (Entered: 06/18/2026)",Main Document,,,NO_PUBLIC_PDF_LINK,,,Price not displayed; page count unknown.,,,,,,,,,,,,,,,,,,,,https://www.courtlistener.com/docket/68869775/apple-inc-smartphone-antitrust-litigation/
0210,210,0,2026-06-19,"Jun 19, 2026","Letter from Thomas R. Curtin, Esq.. (CURTIN, THOMAS) (Entered: 06/19/2026)",Main Document,Letter,"0210. (06-19-2026) Letter from Thomas R. Curtin, Esq.pdf",FREE_RECAP_PDF_AVAILABLE,1,1,Exact local PDF page count.,35631,bad3a6470d7218dc5205c9ab5d8262c60b01888f769f7493c23d7dd4b7982f82,9cc754a316a07e8337accac97f5e3ac1f2024c32,cc73500bddf09d0ac4b54b62ccf5db33,False,Microsoft Word - In re Apple Inc.. - June 19_ 2026 Letter to Judge Wettre Providing Names of Attend(20004583.1).docx,jtamakloe,,Power PDF Create,"Power PDF Create; modified using iText® Core 7.2.3 (production version) ©2000-2022 iText Group NV, Administrative Office of the United States Courts",D:20260619145323-04'00',D:20260619170210-04'00',https://storage.courtlistener.com/recap/gov.uscourts.njd.550383/gov.uscourts.njd.550383.210.0.pdf,https://storage.courtlistener.com/recap/gov.uscourts.njd.550383/gov.uscourts.njd.550383.210.0.pdf,https://archive.org/download/gov.uscourts.njd.550383/gov.uscourts.njd.550383.210.0.pdf,https://www.courtlistener.com/docket/68869775/210/shoshi-goldfus-v-apple-inc/,https://ecf.njd.uscourts.gov/doc1/119024067798?caseid=550383,$0.10,0.10,https://www.courtlistener.com/docket/68869775/apple-inc-smartphone-antitrust-litigation/
0211,211,0,2026-06-22,"Jun 22, 2026","AFFIDAVIT of Jose L. Linares, U.S.D.J. (ret.) Pursuant to 28 U.S.C. 455 re 208 Order Referring Case to Special Master,, by JOSE L. LINARES, Ret. (LINARES, JOSE) (Entered: 06/22/2026)",Main Document,Affidavit,"0211. (06-22-2026) AFFIDAVIT of Jose L. Linares, U.S.D.J. (ret.) Pursuant to 28 U.S.C. 455 re 208 Order Referring Case.pdf",FREE_RECAP_PDF_AVAILABLE,3,3,Exact local PDF page count.,123438,766b7febc9b6d5314679322e8dd157569ec19d08cc25327c006ff10479499c39,2214c5de35e0b2a0eaccb666da97f68e89ba6036,453623111313ebdb3730d69acdacf702,False,,,,Canon iR-ADV C478  PDF,"Adobe PSL 1.3e for Canon; modified using iText® Core 7.2.3 (production version) ©2000-2022 iText Group NV, Administrative Office of the United States Courts",D:20260622085139-05'00',D:20260622113053-04'00',https://storage.courtlistener.com/recap/gov.uscourts.njd.550383/gov.uscourts.njd.550383.211.0.pdf,https://storage.courtlistener.com/recap/gov.uscourts.njd.550383/gov.uscourts.njd.550383.211.0.pdf,https://archive.org/download/gov.uscourts.njd.550383/gov.uscourts.njd.550383.211.0.pdf,https://www.courtlistener.com/docket/68869775/211/shoshi-goldfus-v-apple-inc/,https://ecf.njd.uscourts.gov/doc1/119024073696?caseid=550383,$0.30,0.30,https://www.courtlistener.com/docket/68869775/apple-inc-smartphone-antitrust-litigation/
0212,212,0,2026-06-23,"Jun 23, 2026","AFFIDAVIT of Ronald J. Hedges dated 6/23/26. (LM, ) (Entered: 06/23/2026)",Main Document,Affidavit,0212. (06-23-2026) AFFIDAVIT of Ronald J. Hedges dated 62326.pdf,FREE_RECAP_PDF_AVAILABLE,2,2,Exact local PDF page count.,47138,82be9d71c50c2fede0fd873c9edbf7dccd12054eeee3ccd15d2a5c31b77a8605,e6b925594e3ab23d7ac4ddbfa270d1539a6959fe,9609eb5d6bc196f7608f0f6658930632,False,,,,RICOH IM C4500,"RICOH IM C4500; modified using iText® Core 7.2.3 (production version) ©2000-2022 iText Group NV, Administrative Office of the United States Courts",D:20260623100321-04'00',D:20260623100147-04'00',https://storage.courtlistener.com/recap/gov.uscourts.njd.550383/gov.uscourts.njd.550383.212.0.pdf,https://storage.courtlistener.com/recap/gov.uscourts.njd.550383/gov.uscourts.njd.550383.212.0.pdf,https://archive.org/download/gov.uscourts.njd.550383/gov.uscourts.njd.550383.212.0.pdf,https://www.courtlistener.com/docket/68869775/212/shoshi-goldfus-v-apple-inc/,https://ecf.njd.uscourts.gov/doc1/119024080966?caseid=550383,$0.20,0.20,https://www.courtlistener.com/docket/68869775/apple-inc-smartphone-antitrust-litigation/
0213,213,0,2026-06-23,"Jun 23, 2026","AFFIDAVIT of Peter F. Bariso, Jr., A.J.S.C. (Ret.) by PETER F. BARISO, JR. (BARISO, PETER) (Entered: 06/23/2026)",Main Document,Affidavit,"0213. (06-23-2026) AFFIDAVIT of Peter F. Bariso, Jr., A.J.S.C. (Ret.) by PETER F. BARISO, JR.pdf",FREE_RECAP_PDF_AVAILABLE,2,2,Exact local PDF page count.,178557,9c25250ca371158b7f4aac173ba403d2895c71677545a156072cea5962906225,0f1bef819e8f166ff9f608b23b9da9945af9932d,4424c6ca409e01f3e3197849b4902e70,False,,,,Aspose Ltd.,"Aspose.PDF for .NET 22.6.0; modified using iText® Core 7.2.3 (production version) ©2000-2022 iText Group NV, Administrative Office of the United States Courts",D:20260623150117-04'00',D:20260623151816-04'00',https://storage.courtlistener.com/recap/gov.uscourts.njd.550383/gov.uscourts.njd.550383.213.0.pdf,https://storage.courtlistener.com/recap/gov.uscourts.njd.550383/gov.uscourts.njd.550383.213.0.pdf,https://archive.org/download/gov.uscourts.njd.550383/gov.uscourts.njd.550383.213.0.pdf,https://www.courtlistener.com/docket/68869775/213/shoshi-goldfus-v-apple-inc/,https://ecf.njd.uscourts.gov/doc1/119024083600?caseid=550383,$0.20,0.20,https://www.courtlistener.com/docket/68869775/apple-inc-smartphone-antitrust-litigation/
0214,214,0,2026-06-26,"Jun 26, 2026",ORDER referring 192 Joint Dispute Letter to Special Master Ronald J. Hedges. Signed by Magistrate Judge Leda D. Wettre on 6/26/2026. (mlh) (Entered: 06/26/2026),Main Document,Order,0214. (06-26-2026) ORDER referring 192 Joint Dispute Letter to Special Master Ronald J. Hedges. Signed by Magistrate Ju.pdf,FREE_RECAP_PDF_AVAILABLE,1,1,Exact local PDF page count.,147966,34e20366099dc2854b245ce7a1615d4e79f294dcc984de330f934f6cfa9ac350,4e6567640a50b6b11803b55f4fcd6595798d3536,b88fcf11ea72dd036599ebd4c33d4062,False,,,,,"iText® Core 7.2.3 (production version) ©2000-2022 iText Group NV, Administrative Office of the United States Courts",,D:20260626114904-04'00',https://storage.courtlistener.com/recap/gov.uscourts.njd.550383/gov.uscourts.njd.550383.214.0.pdf,https://storage.courtlistener.com/recap/gov.uscourts.njd.550383/gov.uscourts.njd.550383.214.0.pdf,https://archive.org/download/gov.uscourts.njd.550383/gov.uscourts.njd.550383.214.0.pdf,https://www.courtlistener.com/docket/68869775/214/shoshi-goldfus-v-apple-inc/,https://ecf.njd.uscourts.gov/doc1/119024098210?caseid=550383,$0.10,0.10,https://www.courtlistener.com/docket/68869775/apple-inc-smartphone-antitrust-litigation/
0215,215,0,2026-06-26,"Jun 26, 2026","ORDER regarding number of depositions. Signed by Magistrate Judge Leda D. Wettre on 6/26/2026. (lag, ) (Entered: 06/26/2026)",Main Document,Order,0215. (06-26-2026) ORDER regarding number of depositions. Signed by Magistrate Judge Leda D. Wettre on 6262026.pdf,FREE_RECAP_PDF_AVAILABLE,2,2,Exact local PDF page count.,157684,72e75efefb3440bc6f73d585f508e91dbe78b8318765284aacb7f226dd724b0c,baabaa20d58aedbd36dfa0407e72ff08de02678f,f0026cf715d9a890e66e030c5d7fed5c,False,,,,,"iText® Core 7.2.3 (production version) ©2000-2022 iText Group NV, Administrative Office of the United States Courts",,D:20260626163318-04'00',https://storage.courtlistener.com/recap/gov.uscourts.njd.550383/gov.uscourts.njd.550383.215.0.pdf,https://storage.courtlistener.com/recap/gov.uscourts.njd.550383/gov.uscourts.njd.550383.215.0.pdf,https://archive.org/download/gov.uscourts.njd.550383/gov.uscourts.njd.550383.215.0.pdf,https://www.courtlistener.com/docket/68869775/215/shoshi-goldfus-v-apple-inc/,https://ecf.njd.uscourts.gov/doc1/119024101452?caseid=550383,$0.20,0.20,https://www.courtlistener.com/docket/68869775/apple-inc-smartphone-antitrust-litigation/
0216,216,0,2026-06-26,"Jun 26, 2026","Transcript of Hearing held on June 23, 2026 before Judge Leda D. Wettre. Court Transcriber: King Transcription Services (973-237-6080). NOTICE REGARDING (1) REDACTION OF PERSONAL IDENTIFIERS IN TRANSCRIPTS AND (2) MOTION TO REDACT AND SEAL: The parties have seven (7) calendar days to file with the Court a Notice of Intent to Request Redaction of this Transcript to comply with Fed.R.Civ.P.5.2(a) (personal identifiers). Parties seeking to redact and seal this Transcript, or portions thereof, pursuant to L.Civ.R. 5.3(g) must e-file a Motion to Redact and Seal utilizing the event `Redact and Seal Transcript/Digital Recording`. Redaction Request to Court Transcription Agency due, but not filed, by 7/17/2026. Redacted Transcript Deadline set for 7/27/2026. Release of Transcript Restriction set for 9/24/2026. (msd) (Entered: 06/29/2026)",Main Document,Transcript,,PACER_LINK_AVAILABLE,,,Price not displayed; page count unknown.,,,,,,,,,,,,,https://ecf.njd.uscourts.gov/doc1/119024105199?caseid=550383,,,,https://ecf.njd.uscourts.gov/doc1/119024105199?caseid=550383,,,https://www.courtlistener.com/docket/68869775/apple-inc-smartphone-antitrust-litigation/
0217,217,0,2026-07-06,"Jul 6, 2026","NOTICE by APPLE INC. SMARTPHONE ANTITRUST LITIGATION NOTICE OF CHANGE OF FIRM NAME AND EMAIL DOMAIN (CALDES, WILLIAM) (Entered: 07/06/2026)",Main Document,Notice (Other),0217. (07-06-2026) NOTICE by APPLE INC. SMARTPHONE ANTITRUST LITIGATION NOTICE OF CHANGE OF FIRM NAME AND EMAIL DOMAIN.pdf,FREE_RECAP_PDF_AVAILABLE,2,2,Exact local PDF page count.,134102,2946b60b0dfc4e8795bc04eba622cbb605269b992b474449e361957bfbe1d423,2ddfd12b584e0061c83da37ab9bd68e95a12a4cc,e0eedaba889b3fa2ed5fb6d77f24f9c5,False,,Frazar Thomas,,Acrobat PDFMaker 26 for Word,"Adobe PDF Library 26.1.187; modified using iText® Core 7.2.3 (production version) ©2000-2022 iText Group NV, Administrative Office of the United States Courts",D:20260706163221-04'00',D:20260706165130-04'00',https://storage.courtlistener.com/recap/gov.uscourts.njd.550383/gov.uscourts.njd.550383.217.0.pdf,https://storage.courtlistener.com/recap/gov.uscourts.njd.550383/gov.uscourts.njd.550383.217.0.pdf,https://archive.org/download/gov.uscourts.njd.550383/gov.uscourts.njd.550383.217.0.pdf,https://www.courtlistener.com/docket/68869775/217/shoshi-goldfus-v-apple-inc/,https://ecf.njd.uscourts.gov/doc1/119024134553?caseid=550383,$0.20,0.20,https://www.courtlistener.com/docket/68869775/apple-inc-smartphone-antitrust-litigation/
0218,218,0,2026-07-06,"Jul 6, 2026","Letter from Jose L. Linares, U.S.D.J. (ret.) Regarding Unrelated Mediation. (LINARES, JOSE) (Entered: 07/06/2026)",Main Document,Letter,"0218. (07-06-2026) Letter from Jose L. Linares, U.S.D.J. (ret.) Regarding Unrelated Mediation.pdf",FREE_RECAP_PDF_AVAILABLE,2,2,Exact local PDF page count.,79945,738591722fd2d9a44c9f1638d745ed45a665ae513c32035ae5e780452efd1a82,d83f904989bf78db8a821647658cd8ab5b6b9502,b2afafb11ff72ae3fb5ae323b9e0a475,False,USA v. Apple - Letter re Unrelated Mediation(61740786.1),"Platt, Joseph",,Power PDF Create,"Power PDF Create; modified using iText® Core 7.2.3 (production version) ©2000-2022 iText Group NV, Administrative Office of the United States Courts",D:20260706193624-04'00',D:20260706194419-04'00',https://storage.courtlistener.com/recap/gov.uscourts.njd.550383/gov.uscourts.njd.550383.218.0.pdf,https://storage.courtlistener.com/recap/gov.uscourts.njd.550383/gov.uscourts.njd.550383.218.0.pdf,https://archive.org/download/gov.uscourts.njd.550383/gov.uscourts.njd.550383.218.0.pdf,https://www.courtlistener.com/docket/68869775/218/shoshi-goldfus-v-apple-inc/,https://ecf.njd.uscourts.gov/doc1/119024135417?caseid=550383,$0.20,0.20,https://www.courtlistener.com/docket/68869775/apple-inc-smartphone-antitrust-litigation/
0219,219,0,2026-07-06,"Jul 6, 2026","NOTICE of Appearance by DAVID A. O'NEIL on behalf of APPLE, INC. (O'NEIL, DAVID) (Entered: 07/06/2026)",Main Document,Notice of Appearance,"0219. (07-06-2026) NOTICE of Appearance by DAVID A. ONEIL on behalf of APPLE, INC. (ONEIL, DAVID).pdf",FREE_RECAP_PDF_AVAILABLE,1,1,Exact local PDF page count.,133982,58dc1a40a67a188055a33cbb677a3243ac7f523f744233d8a1bcb1177ada67cb,51953f4c3bd7534b16f19fadb78008cf8e0732b8,5d1694c056b97466bd67ad004b517514,False,,,,,"iText® Core 7.2.3 (production version) ©2000-2022 iText Group NV, Administrative Office of the United States Courts",,D:20260706201610-04'00',https://storage.courtlistener.com/recap/gov.uscourts.njd.550383/gov.uscourts.njd.550383.219.0.pdf,https://storage.courtlistener.com/recap/gov.uscourts.njd.550383/gov.uscourts.njd.550383.219.0.pdf,https://archive.org/download/gov.uscourts.njd.550383/gov.uscourts.njd.550383.219.0.pdf,https://www.courtlistener.com/docket/68869775/219/shoshi-goldfus-v-apple-inc/,https://ecf.njd.uscourts.gov/doc1/119024135532?caseid=550383,$0.10,0.10,https://www.courtlistener.com/docket/68869775/apple-inc-smartphone-antitrust-litigation/
0220,220,0,2026-07-06,"Jul 6, 2026","NOTICE of Appearance by MICHAEL SCHAPER on behalf of APPLE, INC. (SCHAPER, MICHAEL) (Entered: 07/06/2026)",Main Document,Notice of Appearance,"0220. (07-06-2026) NOTICE of Appearance by MICHAEL SCHAPER on behalf of APPLE, INC.pdf",FREE_RECAP_PDF_AVAILABLE,1,1,Exact local PDF page count.,131098,038332cc55e823878d6050496d790c1e538ebcb093d9f0061be604310b335660,0bb5f75e47ecb30740169ea96243617a30465570,8ad736a7ca8c86253e0881779fe50b1e,False,,,,,"iText® Core 7.2.3 (production version) ©2000-2022 iText Group NV, Administrative Office of the United States Courts",,D:20260706201821-04'00',https://storage.courtlistener.com/recap/gov.uscourts.njd.550383/gov.uscourts.njd.550383.220.0.pdf,https://storage.courtlistener.com/recap/gov.uscourts.njd.550383/gov.uscourts.njd.550383.220.0.pdf,https://archive.org/download/gov.uscourts.njd.550383/gov.uscourts.njd.550383.220.0.pdf,https://www.courtlistener.com/docket/68869775/220/shoshi-goldfus-v-apple-inc/,https://ecf.njd.uscourts.gov/doc1/119024135539?caseid=550383,$0.10,0.10,https://www.courtlistener.com/docket/68869775/apple-inc-smartphone-antitrust-litigation/
0221,221,0,2026-07-06,"Jul 6, 2026","NOTICE of Appearance by ANNA MOODY on behalf of APPLE, INC. (MOODY, ANNA) (Entered: 07/06/2026)",Main Document,Notice of Appearance,"0221. (07-06-2026) NOTICE of Appearance by ANNA MOODY on behalf of APPLE, INC.pdf",FREE_RECAP_PDF_AVAILABLE,1,1,Exact local PDF page count.,131638,91b1b775b1fc8e313627293b827e3e20603d07c1c8a98cc5a1551fcb0148b628,44e8609aec25ab20aacf1bc74ab9e280e7740f9d,df766899a064fcd403726ad5f439b5e9,False,,,,,"iText® Core 7.2.3 (production version) ©2000-2022 iText Group NV, Administrative Office of the United States Courts",,D:20260706202112-04'00',https://storage.courtlistener.com/recap/gov.uscourts.njd.550383/gov.uscourts.njd.550383.221.0.pdf,https://storage.courtlistener.com/recap/gov.uscourts.njd.550383/gov.uscourts.njd.550383.221.0.pdf,https://archive.org/download/gov.uscourts.njd.550383/gov.uscourts.njd.550383.221.0.pdf,https://www.courtlistener.com/docket/68869775/221/shoshi-goldfus-v-apple-inc/,https://ecf.njd.uscourts.gov/doc1/119024135544?caseid=550383,$0.10,0.10,https://www.courtlistener.com/docket/68869775/apple-inc-smartphone-antitrust-litigation/
0222,222,0,2026-07-06,"Jul 6, 2026","Letter from James E. Cecchi to the Hon. Leda Dunn Wettre, U.S.M.J. regarding Class Definition. (CECCHI, JAMES) (Entered: 07/06/2026)",Main Document,Letter,"0222. (07-06-2026) Letter from James E. Cecchi to the Hon. Leda Dunn Wettre, U.S.M.J. regarding Class Definition.pdf",FREE_RECAP_PDF_AVAILABLE,2,2,Exact local PDF page count.,178643,5fb152aadfa04be8c6d8a934595e537f3a149b7e2dd492fb10909d5867726d70,53cc587f53006d2a69da686961a3557109829603,0bd06f997c42db0021b76b4c77e89ec4,False,,,,Microsoft® Word for Microsoft 365,"Microsoft® Word for Microsoft 365; modified using iText® Core 7.2.3 (production version) ©2000-2022 iText Group NV, Administrative Office of the United States Courts",D:20260706201405-04'00',D:20260706202328-04'00',https://storage.courtlistener.com/recap/gov.uscourts.njd.550383/gov.uscourts.njd.550383.222.0.pdf,https://storage.courtlistener.com/recap/gov.uscourts.njd.550383/gov.uscourts.njd.550383.222.0.pdf,https://archive.org/download/gov.uscourts.njd.550383/gov.uscourts.njd.550383.222.0.pdf,https://www.courtlistener.com/docket/68869775/222/shoshi-goldfus-v-apple-inc/,https://ecf.njd.uscourts.gov/doc1/119024135547?caseid=550383,$0.20,0.20,https://www.courtlistener.com/docket/68869775/apple-inc-smartphone-antitrust-litigation/
0223,223,0,2026-07-07,"Jul 7, 2026","Letter from James E. Cecchi to the Hon. Julien Xavier Neals, U.S.D.J. and the Hon. Leda Dunn Wettre, U.S.M.J.. (Attachments: # 1 Special Master's Discovery Order No. 1, # 2 Stipulation and Order re Privilege Log Exclusions)(CECCHI, JAMES) (Entered: 07/07/2026)",Main Document,Letter,"0223. (07-07-2026) Letter from James E. Cecchi to the Hon. Julien Xavier Neals, U.S.D.J. and the Hon. Leda Dunn Wettre.pdf",FREE_RECAP_PDF_AVAILABLE,1,1,Exact local PDF page count.,137565,02b780ab5b225d6a19c4bd09ecd6b8e2d5cf6bf5748574b8648100c7a61d8e8a,fbafb5306d9ff498b4096423e3c55d9e4041fce1,18f4c3c8bf8a4a41379bb429a945159f,False,Microsoft Word - Letter to Judge Neals and Wettre re SM Orders 4912-5383-2891.1,jfalduto,,PScript5.dll Version 5.2.2,"Acrobat Distiller 26.0 (Windows); modified using iText® Core 7.2.3 (production version) ©2000-2022 iText Group NV, Administrative Office of the United States Courts",D:20260707112321-04'00',D:20260707113548-04'00',https://storage.courtlistener.com/recap/gov.uscourts.njd.550383/gov.uscourts.njd.550383.223.0.pdf,https://storage.courtlistener.com/recap/gov.uscourts.njd.550383/gov.uscourts.njd.550383.223.0.pdf,https://archive.org/download/gov.uscourts.njd.550383/gov.uscourts.njd.550383.223.0.pdf,https://www.courtlistener.com/docket/68869775/223/shoshi-goldfus-v-apple-inc/,https://ecf.njd.uscourts.gov/doc1/119024138955?caseid=550383,$0.10,0.10,https://www.courtlistener.com/docket/68869775/apple-inc-smartphone-antitrust-litigation/
0223-001,223,1,2026-07-07,"Jul 7, 2026","Letter from James E. Cecchi to the Hon. Julien Xavier Neals, U.S.D.J. and the Hon. Leda Dunn Wettre, U.S.M.J.. (Attachments: # 1 Special Master's Discovery Order No. 1, # 2 Stipulation and Order re Privilege Log Exclusions)(CECCHI, JAMES) (Entered: 07/07/2026)",Attachment 1,Special Master's Discovery Order No. 1,0223-001. (07-07-2026) Special Masters Discovery Order No. 1.pdf,FREE_RECAP_PDF_AVAILABLE,2,2,Exact local PDF page count.,1024467,f9b3661e7fa3f2a14d31c737d66dc9e3066304d20cbaeb3e870fc04d40c79ef0,a63041ff6a554637614c0596b0a41d63dad3147b,f3ebe8abd5ecb1ccd1edaf3e3c6e8501,False,,,,,"iText® Core 7.2.3 (production version) ©2000-2022 iText Group NV, Administrative Office of the United States Courts",D:20260707111953-04'00',D:20260707113607-04'00',https://storage.courtlistener.com/recap/gov.uscourts.njd.550383/gov.uscourts.njd.550383.223.1.pdf,https://storage.courtlistener.com/recap/gov.uscourts.njd.550383/gov.uscourts.njd.550383.223.1.pdf,https://archive.org/download/gov.uscourts.njd.550383/gov.uscourts.njd.550383.223.1.pdf,https://www.courtlistener.com/docket/68869775/223/1/shoshi-goldfus-v-apple-inc/,https://ecf.njd.uscourts.gov/doc1/119024138956?caseid=550383,$0.20,0.20,https://www.courtlistener.com/docket/68869775/apple-inc-smartphone-antitrust-litigation/
0223-002,223,2,2026-07-07,"Jul 7, 2026","Letter from James E. Cecchi to the Hon. Julien Xavier Neals, U.S.D.J. and the Hon. Leda Dunn Wettre, U.S.M.J.. (Attachments: # 1 Special Master's Discovery Order No. 1, # 2 Stipulation and Order re Privilege Log Exclusions)(CECCHI, JAMES) (Entered: 07/07/2026)",Attachment 2,Stipulation and Order re Privilege Log Exclusions,0223-002. (07-07-2026) (Stipulation and Order re Privilege Log Exclusions).pdf,FREE_RECAP_PDF_AVAILABLE,6,6,Exact local PDF page count.,3914561,f3a1d69591da8ce855fb57e786ff09c1bc1c4f291a7e9ecf95a9986fcea5b00d,3be6127fbf8733c85da23b3b64b9ae3ac0169cc6,319dcf0808640b3774a7e1d19bba2893,False,,,,,"iText® Core 7.2.3 (production version) ©2000-2022 iText Group NV, Administrative Office of the United States Courts",,D:20260707113627-04'00',https://storage.courtlistener.com/recap/gov.uscourts.njd.550383/gov.uscourts.njd.550383.223.2.pdf,https://storage.courtlistener.com/recap/gov.uscourts.njd.550383/gov.uscourts.njd.550383.223.2.pdf,https://archive.org/download/gov.uscourts.njd.550383/gov.uscourts.njd.550383.223.2.pdf,https://www.courtlistener.com/docket/68869775/223/2/shoshi-goldfus-v-apple-inc/,https://ecf.njd.uscourts.gov/doc1/119024138957?caseid=550383,$0.60,0.60,https://www.courtlistener.com/docket/68869775/apple-inc-smartphone-antitrust-litigation/
0224,224,0,2026-07-07,"Jul 7, 2026","NOTICE of Appearance by SHAYLA HARRIS on behalf of SHOSHI GOLDFUS, IRA POLLY (HARRIS, SHAYLA) (Entered: 07/07/2026)",Main Document,Notice of Appearance,"0224. (07-07-2026) NOTICE of Appearance by SHAYLA HARRIS on behalf of SHOSHI GOLDFUS, IRA POLLY.pdf",FREE_RECAP_PDF_AVAILABLE,2,2,Exact local PDF page count.,125433,a9573e9c132df88481401b868148656fc8bc42f8f313a6e8128a71e2fd9f1f62,c3c17d4b7a54f2828e13bbd627e703138c102663,48d3f0f6221eed8899d9102daac1d77c,False,,Catherine Derenze,,Acrobat PDFMaker 26 for Word,"Adobe PDF Library 26.1.187; modified using iText® Core 7.2.3 (production version) ©2000-2022 iText Group NV, Administrative Office of the United States Courts",D:20260707115121-04'00',D:20260707133246-04'00',https://storage.courtlistener.com/recap/gov.uscourts.njd.550383/gov.uscourts.njd.550383.224.0.pdf,https://storage.courtlistener.com/recap/gov.uscourts.njd.550383/gov.uscourts.njd.550383.224.0.pdf,https://archive.org/download/gov.uscourts.njd.550383/gov.uscourts.njd.550383.224.0.pdf,https://www.courtlistener.com/docket/68869775/224/shoshi-goldfus-v-apple-inc/,https://ecf.njd.uscourts.gov/doc1/119024140625?caseid=550383,$0.20,0.20,https://www.courtlistener.com/docket/68869775/apple-inc-smartphone-antitrust-litigation/
0225,225,0,2026-07-07,"Jul 7, 2026","NOTICE of Appearance by NICHOLAS JAMES ALICATA on behalf of NICOLE ARENDS, CHRISTINA KOLINSKY, SIDNEY ROSSI (ALICATA, NICHOLAS) (Entered: 07/07/2026)",Main Document,Notice of Appearance,"0225. (07-07-2026) NOTICE of Appearance by NICHOLAS JAMES ALICATA on behalf of NICOLE ARENDS, CHRISTINA KOLINSKY, SIDNE.pdf",FREE_RECAP_PDF_AVAILABLE,2,2,Exact local PDF page count.,127411,001eff7d3dd258ab7aea09375040dc1c8e6756321587d0026ba10749118270dc,4621d2e8042678c46a9ebe7eaf9f97a682a13683,62c39ddd36490ce54efc636ddcf2a873,False,,Frazar Thomas,,Acrobat PDFMaker 26 for Word,"Adobe PDF Library 26.1.187; modified using iText® Core 7.2.3 (production version) ©2000-2022 iText Group NV, Administrative Office of the United States Courts",D:20260707145238-04'00',D:20260707150503-04'00',https://storage.courtlistener.com/recap/gov.uscourts.njd.550383/gov.uscourts.njd.550383.225.0.pdf,https://storage.courtlistener.com/recap/gov.uscourts.njd.550383/gov.uscourts.njd.550383.225.0.pdf,https://archive.org/download/gov.uscourts.njd.550383/gov.uscourts.njd.550383.225.0.pdf,https://www.courtlistener.com/docket/68869775/225/shoshi-goldfus-v-apple-inc/,https://ecf.njd.uscourts.gov/doc1/119024141380?caseid=550383,$0.20,0.20,https://www.courtlistener.com/docket/68869775/apple-inc-smartphone-antitrust-litigation/
0226,226,0,2026-07-09,"Jul 9, 2026","Letter from Liza M. Walsh to the Hon. Ronald J. Hedges, U.S.M.J. (ret.) re: Special Master Discovery Order # 1, Paragraph 2. (WALSH, LIZA) (Entered: 07/09/2026)",Main Document,Letter,"0226. (07-09-2026) Letter from Liza M. Walsh to the Hon. Ronald J. Hedges, U.S.M.J. (ret.) re- Special Master Discovery.pdf",FREE_RECAP_PDF_AVAILABLE,5,5,Exact local PDF page count.,310182,3ea8398a1a6657e8ce8e824c9673791719bc85b380510ec1b8ed7a2d23817486,4a6de318c772a04f2634f93b0b4a4ecc0e5a1f14,923d5e61ee1534ee2497d46b412e202e,False,,Lauren Malakoff,,Acrobat PDFMaker 26 for Word,"Adobe PDF Library 26.1.187; modified using iText® Core 7.2.3 (production version) ©2000-2022 iText Group NV, Administrative Office of the United States Courts",D:20260709190219-04'00',D:20260709201750-04'00',https://storage.courtlistener.com/recap/gov.uscourts.njd.550383/gov.uscourts.njd.550383.226.0.pdf,https://storage.courtlistener.com/recap/gov.uscourts.njd.550383/gov.uscourts.njd.550383.226.0.pdf,https://archive.org/download/gov.uscourts.njd.550383/gov.uscourts.njd.550383.226.0.pdf,https://www.courtlistener.com/docket/68869775/226/shoshi-goldfus-v-apple-inc/,https://ecf.njd.uscourts.gov/doc1/119024155828?caseid=550383,$0.50,0.50,https://www.courtlistener.com/docket/68869775/apple-inc-smartphone-antitrust-litigation/
0227,227,0,2026-07-09,"Jul 9, 2026","DECLARATION of Jason Lo re 226 Letter Brief for Reconsideration of Special Master Order by APPLE, INC.. (Attachments: # 1 Declaration of Larry Barela, # 2 Declaration of Clayton Leech, # 3 Declaration of Robert D. Keeling)(WALSH, LIZA)NOTICE TO COUNSEL: Counsel is advised that pursuant to Local Civil Rule 5.3(c)(2), a single, consolidated motion to seal shall be filed within 14 days following the completed briefing of the materials sought to be sealed, or within 14 days following the date on which the last of such materials was filed under temporary seal if the motion is resolved, unless otherwise directed by the Court. Counsel are further advised that service of sealed documents must be accomplished outside of ECF as provided by Federal R. Civ. Pro. 5(b)(2) only. (Entered: 07/09/2026)",Main Document,Declaration,,PACER_LINK_AVAILABLE,,,Price not displayed; page count unknown.,,,,,,,,,,,,,https://ecf.njd.uscourts.gov/doc1/119024155840?caseid=550383,,,,https://ecf.njd.uscourts.gov/doc1/119024155840?caseid=550383,,,https://www.courtlistener.com/docket/68869775/apple-inc-smartphone-antitrust-litigation/
0228,228,0,2026-07-09,"Jul 9, 2026","Letter from Liza M. Walsh to the Hon. Ronald J. Hedges, U.S.M.J. (ret.) re: Special Master Discovery Order # 1, Paragraph 1. (Attachments: # 1 Declaration of Joseph R. Rose)(WALSH, LIZA) (Entered: 07/09/2026)",Main Document,Letter,"0228. (07-09-2026) Letter from Liza M. Walsh to the Hon. Ronald J. Hedges, U.S.M.J. (ret.) re- Special Master Discovery.pdf",FREE_RECAP_PDF_AVAILABLE,5,5,Exact local PDF page count.,290985,3c58097ac5f2717ab2645019fa5f4e0d047277fda1f1ecba3ff02bbb1e845b4f,55ac0153a61e8fc1b78e85d2826cf984666015c7,a4b6dc79dc1b5123779f936144ee98da,False,,Brian W. Anderson,,Acrobat PDFMaker 26 for Word,"Adobe PDF Library 26.1.187; modified using iText® Core 7.2.3 (production version) ©2000-2022 iText Group NV, Administrative Office of the United States Courts",D:20260709204141-04'00',D:20260710101310-04'00',https://storage.courtlistener.com/recap/gov.uscourts.njd.550383/gov.uscourts.njd.550383.228.0.pdf,https://storage.courtlistener.com/recap/gov.uscourts.njd.550383/gov.uscourts.njd.550383.228.0.pdf,https://archive.org/download/gov.uscourts.njd.550383/gov.uscourts.njd.550383.228.0.pdf,https://www.courtlistener.com/docket/68869775/228/shoshi-goldfus-v-apple-inc/,https://ecf.njd.uscourts.gov/doc1/119024155901?caseid=550383,$0.50,0.50,https://www.courtlistener.com/docket/68869775/apple-inc-smartphone-antitrust-litigation/
0228-001,228,1,2026-07-09,"Jul 9, 2026","Letter from Liza M. Walsh to the Hon. Ronald J. Hedges, U.S.M.J. (ret.) re: Special Master Discovery Order # 1, Paragraph 1. (Attachments: # 1 Declaration of Joseph R. Rose)(WALSH, LIZA) (Entered: 07/09/2026)",Attachment 1,Declaration of Joseph R. Rose,0228-001. (07-09-2026) (Declaration of Joseph R. Rose).pdf,FREE_RECAP_PDF_AVAILABLE,6,6,Exact local PDF page count.,174907,00460a2e9a148eda2ae5d68e6d56aff3165c8f2be2f30fd9c0247f1188577157,2f6481820dd594fb20bb0bc1bb809cb46f884554,cd088cb36d39dc00693130a9f7badbd2,False,,Elisabeth T. Ojo,,Acrobat PDFMaker 26 for Word,"Adobe PDF Library 26.1.187; modified using iText® Core 7.2.3 (production version) ©2000-2022 iText Group NV, Administrative Office of the United States Courts",D:20260709183936-04'00',D:20260709212204-04'00',https://storage.courtlistener.com/recap/gov.uscourts.njd.550383/gov.uscourts.njd.550383.228.1.pdf,https://storage.courtlistener.com/recap/gov.uscourts.njd.550383/gov.uscourts.njd.550383.228.1.pdf,https://archive.org/download/gov.uscourts.njd.550383/gov.uscourts.njd.550383.228.1.pdf,https://www.courtlistener.com/docket/68869775/228/1/shoshi-goldfus-v-apple-inc/,https://ecf.njd.uscourts.gov/doc1/119024155902?caseid=550383,$0.60,0.60,https://www.courtlistener.com/docket/68869775/apple-inc-smartphone-antitrust-litigation/
0229,229,0,2026-07-10,"Jul 10, 2026","NOTICE of Appearance by EDWARD HASSI on behalf of APPLE, INC. (HASSI, EDWARD) (Entered: 07/10/2026)",Main Document,Notice of Appearance,"0229. (07-10-2026) NOTICE of Appearance by EDWARD HASSI on behalf of APPLE, INC.pdf",FREE_RECAP_PDF_AVAILABLE,1,1,Exact local PDF page count.,134366,746b6d2d9b122cb3fabd63e812f6f08e08c14ccf6245aade4c51e0c60590c13b,90938c24b276695d3e2f0e3c778a4297a965791c,aac40b689bf8b7f24281f5aea6cfdaa1,False,,,,,"iText® Core 7.2.3 (production version) ©2000-2022 iText Group NV, Administrative Office of the United States Courts",,D:20260710081451-04'00',https://storage.courtlistener.com/recap/gov.uscourts.njd.550383/gov.uscourts.njd.550383.229.0.pdf,https://storage.courtlistener.com/recap/gov.uscourts.njd.550383/gov.uscourts.njd.550383.229.0.pdf,https://archive.org/download/gov.uscourts.njd.550383/gov.uscourts.njd.550383.229.0.pdf,https://www.courtlistener.com/docket/68869775/229/shoshi-goldfus-v-apple-inc/,https://ecf.njd.uscourts.gov/doc1/119024156264?caseid=550383,$0.10,0.10,https://www.courtlistener.com/docket/68869775/apple-inc-smartphone-antitrust-litigation/
0230,230,0,2026-07-10,"Jul 10, 2026","NOTICE of Appearance by JEREMY R. KASHA on behalf of DEBORAH COLLINS, JAMES COLLINS, SHOSHI GOLDFUS, DEANNA SIANO (KASHA, JEREMY) (Entered: 07/10/2026)",Main Document,Notice of Appearance,"0230. (07-10-2026) NOTICE of Appearance by JEREMY R. KASHA on behalf of DEBORAH COLLINS, JAMES COLLINS, SHOSHI GOLDFUS.pdf",FREE_RECAP_PDF_AVAILABLE,1,1,Exact local PDF page count.,155208,68a6132aae3df46bda69569f7a4895869bf06fd21e676d21c993771f7d265659,ae948c96a2a0fc05064448d1f6fb9c738f8ff4ee,1dd6c9450019dceef42379422058a202,False,Appearance of Counsel,US Courts,,PScript5.dll Version 5.2.2,"Acrobat Distiller 26.0 (Windows); modified using iText® Core 7.2.3 (production version) ©2000-2022 iText Group NV, Administrative Office of the United States Courts",D:20260710164312-04'00',D:20260710175024-04'00',https://storage.courtlistener.com/recap/gov.uscourts.njd.550383/gov.uscourts.njd.550383.230.0.pdf,https://storage.courtlistener.com/recap/gov.uscourts.njd.550383/gov.uscourts.njd.550383.230.0.pdf,https://archive.org/download/gov.uscourts.njd.550383/gov.uscourts.njd.550383.230.0.pdf,https://www.courtlistener.com/docket/68869775/230/shoshi-goldfus-v-apple-inc/,https://ecf.njd.uscourts.gov/doc1/119024161962?caseid=550383,$0.10,0.10,https://www.courtlistener.com/docket/68869775/apple-inc-smartphone-antitrust-litigation/
0231,231,0,2026-07-13,"Jul 13, 2026","Letter from Jennifer R. Scullion re 226 Letter. (Attachments: # 1 Declaration of Frazar Thomas)(SCULLION, JENNIFER)NOTICE TO COUNSEL: Counsel is advised that pursuant to Local Civil Rule 5.3(c)(2), a single, consolidated motion to seal shall be filed within 14 days following the completed briefing of the materials sought to be sealed, or within 14 days following the date on which the last of such materials was filed under temporary seal if the motion is resolved, unless otherwise directed by the Court. Counsel are further advised that service of sealed documents must be accomplished outside of ECF as provided by Federal R. Civ. Pro. 5(b)(2) only. (Main Document 231 and Attachment 1 replaced on 8/14/2026 per Order 279 ) (dmr, ). (Entered: 07/13/2026)",Main Document,Letter,,PACER_LINK_AVAILABLE,,,Price not displayed; page count unknown.,,,,,,,,,,,,,https://ecf.njd.uscourts.gov/doc1/119024164938?caseid=550383,,,,https://ecf.njd.uscourts.gov/doc1/119024164938?caseid=550383,,,https://www.courtlistener.com/docket/68869775/apple-inc-smartphone-antitrust-litigation/
0231-001,231,1,2026-07-13,"Jul 13, 2026","Letter from Jennifer R. Scullion re 226 Letter. (Attachments: # 1 Declaration of Frazar Thomas)(SCULLION, JENNIFER)NOTICE TO COUNSEL: Counsel is advised that pursuant to Local Civil Rule 5.3(c)(2), a single, consolidated motion to seal shall be filed within 14 days following the completed briefing of the materials sought to be sealed, or within 14 days following the date on which the last of such materials was filed under temporary seal if the motion is resolved, unless otherwise directed by the Court. Counsel are further advised that service of sealed documents must be accomplished outside of ECF as provided by Federal R. Civ. Pro. 5(b)(2) only. (Main Document 231 and Attachment 1 replaced on 8/14/2026 per Order 279 ) (dmr, ). (Entered: 07/13/2026)",Attachment 1,Declaration of Frazar Thomas,,PACER_LINK_AVAILABLE,,3,Inferred at PACER's $0.10 per PDF page rate.,,,,,,,,,,,,,https://ecf.njd.uscourts.gov/doc1/119024164939?caseid=550383,,,,https://ecf.njd.uscourts.gov/doc1/119024164939?caseid=550383,$0.30,0.30,https://www.courtlistener.com/docket/68869775/apple-inc-smartphone-antitrust-litigation/
0232,232,0,2026-07-13,"Jul 13, 2026","Letter from Thomas R. Curtin, Esq., in Opposition to Apple's Motion for Reconsideration of the July 7, 2026 Order Regarding Search Terms. (Attachments: # 1 Declaration of Lauren F. Dayton In Support of Direct Apple Watch Purchaser Plaintiffs' Opposition to Apple's Motoin for Reconsideration of Special Master Hedge's Order # 1)(CURTIN, THOMAS)NOTICE TO COUNSEL: Counsel is advised that pursuant to Local Civil Rule 5.3(c)(2), a single, consolidated motion to seal shall be filed within 14 days following the completed briefing of the materials sought to be sealed, or within 14 days following the date on which the last of such materials was filed under temporary seal if the motion is resolved, unless otherwise directed by the Court. Counsel are further advised that service of sealed documents must be accomplished outside of ECF as provided by Federal R. Civ. Pro. 5(b)(2) only. (Main Document 232 and Attachment 1 replaced on 8/14/2026 per Order 279 ) (dmr, ). (Entered: 07/13/2026)",Main Document,Letter,,PACER_LINK_AVAILABLE,,,Price not displayed; page count unknown.,,,,,,,,,,,,,https://ecf.njd.uscourts.gov/doc1/119024164979?caseid=550383,,,,https://ecf.njd.uscourts.gov/doc1/119024164979?caseid=550383,,,https://www.courtlistener.com/docket/68869775/apple-inc-smartphone-antitrust-litigation/
0232-001,232,1,2026-07-13,"Jul 13, 2026","Letter from Thomas R. Curtin, Esq., in Opposition to Apple's Motion for Reconsideration of the July 7, 2026 Order Regarding Search Terms. (Attachments: # 1 Declaration of Lauren F. Dayton In Support of Direct Apple Watch Purchaser Plaintiffs' Opposition to Apple's Motoin for Reconsideration of Special Master Hedge's Order # 1)(CURTIN, THOMAS)NOTICE TO COUNSEL: Counsel is advised that pursuant to Local Civil Rule 5.3(c)(2), a single, consolidated motion to seal shall be filed within 14 days following the completed briefing of the materials sought to be sealed, or within 14 days following the date on which the last of such materials was filed under temporary seal if the motion is resolved, unless otherwise directed by the Court. Counsel are further advised that service of sealed documents must be accomplished outside of ECF as provided by Federal R. Civ. Pro. 5(b)(2) only. (Main Document 232 and Attachment 1 replaced on 8/14/2026 per Order 279 ) (dmr, ). (Entered: 07/13/2026)",Attachment 1,Declaration of Lauren F. Dayton In Support of Direct Apple Watch Purchaser Plain,,PACER_LINK_AVAILABLE,,8,Inferred at PACER's $0.10 per PDF page rate.,,,,,,,,,,,,,https://ecf.njd.uscourts.gov/doc1/119024164980?caseid=550383,,,,https://ecf.njd.uscourts.gov/doc1/119024164980?caseid=550383,$0.80,0.80,https://www.courtlistener.com/docket/68869775/apple-inc-smartphone-antitrust-litigation/
0233,233,0,2026-07-13,"Jul 13, 2026","Letter from Thomas R. Curtin in Support of MDL Plaintiffs' Letter In Opposition to Aple's Request for Reconsideration of Special Master Order #1. (Attachments: # 1 Declaration of Stephanie Clerkin in Support of MDL Plaintiffs' Letter in Opposition to Apple's Request for Reconsideration of Special Master Orde #1, # 2 Declaration of Daniel A. Epstein in Support of MDL Plaintiffs' Letter In Opposition to Aple's Request for Reconsideration of Special Master Order #1, # 3 Exhibit A to Epstein Decl., # 4 Exhibit B to Epstein Decl., # 5 Exhibit C to Epstein Decl.)(CURTIN, THOMAS)NOTICE TO COUNSEL: Counsel is advised that pursuant to Local Civil Rule 5.3(c)(2), a single, consolidated motion to seal shall be filed within 14 days following the completed briefing of the materials sought to be sealed, or within 14 days following the date on which the last of such materials was filed under temporary seal if the motion is resolved, unless otherwise directed by the Court. Counsel are further advised that service of sealed documents must be accomplished outside of ECF as provided by Federal R. Civ. Pro. 5(b)(2) only. (Main Document 233 and Attachments 1- 5 replaced on 8/14/2026 per Order 279 ) (dmr, ). (Entered: 07/13/2026)",Main Document,Letter,,PACER_LINK_AVAILABLE,,,Price not displayed; page count unknown.,,,,,,,,,,,,,https://ecf.njd.uscourts.gov/doc1/119024165092?caseid=550383,,,,https://ecf.njd.uscourts.gov/doc1/119024165092?caseid=550383,,,https://www.courtlistener.com/docket/68869775/apple-inc-smartphone-antitrust-litigation/
0233-001,233,1,2026-07-13,"Jul 13, 2026","Letter from Thomas R. Curtin in Support of MDL Plaintiffs' Letter In Opposition to Aple's Request for Reconsideration of Special Master Order #1. (Attachments: # 1 Declaration of Stephanie Clerkin in Support of MDL Plaintiffs' Letter in Opposition to Apple's Request for Reconsideration of Special Master Orde #1, # 2 Declaration of Daniel A. Epstein in Support of MDL Plaintiffs' Letter In Opposition to Aple's Request for Reconsideration of Special Master Order #1, # 3 Exhibit A to Epstein Decl., # 4 Exhibit B to Epstein Decl., # 5 Exhibit C to Epstein Decl.)(CURTIN, THOMAS)NOTICE TO COUNSEL: Counsel is advised that pursuant to Local Civil Rule 5.3(c)(2), a single, consolidated motion to seal shall be filed within 14 days following the completed briefing of the materials sought to be sealed, or within 14 days following the date on which the last of such materials was filed under temporary seal if the motion is resolved, unless otherwise directed by the Court. Counsel are further advised that service of sealed documents must be accomplished outside of ECF as provided by Federal R. Civ. Pro. 5(b)(2) only. (Main Document 233 and Attachments 1- 5 replaced on 8/14/2026 per Order 279 ) (dmr, ). (Entered: 07/13/2026)",Attachment 1,Declaration of Stephanie Clerkin in Support of MDL Plaintiffs' Letter in Op,,PACER_LINK_AVAILABLE,,3,Inferred at PACER's $0.10 per PDF page rate.,,,,,,,,,,,,,https://ecf.njd.uscourts.gov/doc1/119024165093?caseid=550383,,,,https://ecf.njd.uscourts.gov/doc1/119024165093?caseid=550383,$0.30,0.30,https://www.courtlistener.com/docket/68869775/apple-inc-smartphone-antitrust-litigation/
0233-002,233,2,2026-07-13,"Jul 13, 2026","Letter from Thomas R. Curtin in Support of MDL Plaintiffs' Letter In Opposition to Aple's Request for Reconsideration of Special Master Order #1. (Attachments: # 1 Declaration of Stephanie Clerkin in Support of MDL Plaintiffs' Letter in Opposition to Apple's Request for Reconsideration of Special Master Orde #1, # 2 Declaration of Daniel A. Epstein in Support of MDL Plaintiffs' Letter In Opposition to Aple's Request for Reconsideration of Special Master Order #1, # 3 Exhibit A to Epstein Decl., # 4 Exhibit B to Epstein Decl., # 5 Exhibit C to Epstein Decl.)(CURTIN, THOMAS)NOTICE TO COUNSEL: Counsel is advised that pursuant to Local Civil Rule 5.3(c)(2), a single, consolidated motion to seal shall be filed within 14 days following the completed briefing of the materials sought to be sealed, or within 14 days following the date on which the last of such materials was filed under temporary seal if the motion is resolved, unless otherwise directed by the Court. Counsel are further advised that service of sealed documents must be accomplished outside of ECF as provided by Federal R. Civ. Pro. 5(b)(2) only. (Main Document 233 and Attachments 1- 5 replaced on 8/14/2026 per Order 279 ) (dmr, ). (Entered: 07/13/2026)",Attachment 2,Declaration of Daniel A. Epstein in Support of MDL Plaintiffs' Letter In Op,,PACER_LINK_AVAILABLE,,3,Inferred at PACER's $0.10 per PDF page rate.,,,,,,,,,,,,,https://ecf.njd.uscourts.gov/doc1/119024165094?caseid=550383,,,,https://ecf.njd.uscourts.gov/doc1/119024165094?caseid=550383,$0.30,0.30,https://www.courtlistener.com/docket/68869775/apple-inc-smartphone-antitrust-litigation/
0233-003,233,3,2026-07-13,"Jul 13, 2026","Letter from Thomas R. Curtin in Support of MDL Plaintiffs' Letter In Opposition to Aple's Request for Reconsideration of Special Master Order #1. (Attachments: # 1 Declaration of Stephanie Clerkin in Support of MDL Plaintiffs' Letter in Opposition to Apple's Request for Reconsideration of Special Master Orde #1, # 2 Declaration of Daniel A. Epstein in Support of MDL Plaintiffs' Letter In Opposition to Aple's Request for Reconsideration of Special Master Order #1, # 3 Exhibit A to Epstein Decl., # 4 Exhibit B to Epstein Decl., # 5 Exhibit C to Epstein Decl.)(CURTIN, THOMAS)NOTICE TO COUNSEL: Counsel is advised that pursuant to Local Civil Rule 5.3(c)(2), a single, consolidated motion to seal shall be filed within 14 days following the completed briefing of the materials sought to be sealed, or within 14 days following the date on which the last of such materials was filed under temporary seal if the motion is resolved, unless otherwise directed by the Court. Counsel are further advised that service of sealed documents must be accomplished outside of ECF as provided by Federal R. Civ. Pro. 5(b)(2) only. (Main Document 233 and Attachments 1- 5 replaced on 8/14/2026 per Order 279 ) (dmr, ). (Entered: 07/13/2026)",Attachment 3,Exhibit A to Epstein Decl.,,PACER_LINK_AVAILABLE,,4,Inferred at PACER's $0.10 per PDF page rate.,,,,,,,,,,,,,https://ecf.njd.uscourts.gov/doc1/119024165095?caseid=550383,,,,https://ecf.njd.uscourts.gov/doc1/119024165095?caseid=550383,$0.40,0.40,https://www.courtlistener.com/docket/68869775/apple-inc-smartphone-antitrust-litigation/
0233-004,233,4,2026-07-13,"Jul 13, 2026","Letter from Thomas R. Curtin in Support of MDL Plaintiffs' Letter In Opposition to Aple's Request for Reconsideration of Special Master Order #1. (Attachments: # 1 Declaration of Stephanie Clerkin in Support of MDL Plaintiffs' Letter in Opposition to Apple's Request for Reconsideration of Special Master Orde #1, # 2 Declaration of Daniel A. Epstein in Support of MDL Plaintiffs' Letter In Opposition to Aple's Request for Reconsideration of Special Master Order #1, # 3 Exhibit A to Epstein Decl., # 4 Exhibit B to Epstein Decl., # 5 Exhibit C to Epstein Decl.)(CURTIN, THOMAS)NOTICE TO COUNSEL: Counsel is advised that pursuant to Local Civil Rule 5.3(c)(2), a single, consolidated motion to seal shall be filed within 14 days following the completed briefing of the materials sought to be sealed, or within 14 days following the date on which the last of such materials was filed under temporary seal if the motion is resolved, unless otherwise directed by the Court. Counsel are further advised that service of sealed documents must be accomplished outside of ECF as provided by Federal R. Civ. Pro. 5(b)(2) only. (Main Document 233 and Attachments 1- 5 replaced on 8/14/2026 per Order 279 ) (dmr, ). (Entered: 07/13/2026)",Attachment 4,Exhibit B to Epstein Decl.,,PACER_LINK_AVAILABLE,,7,Inferred at PACER's $0.10 per PDF page rate.,,,,,,,,,,,,,https://ecf.njd.uscourts.gov/doc1/119024165096?caseid=550383,,,,https://ecf.njd.uscourts.gov/doc1/119024165096?caseid=550383,$0.70,0.70,https://www.courtlistener.com/docket/68869775/apple-inc-smartphone-antitrust-litigation/
0233-005,233,5,2026-07-13,"Jul 13, 2026","Letter from Thomas R. Curtin in Support of MDL Plaintiffs' Letter In Opposition to Aple's Request for Reconsideration of Special Master Order #1. (Attachments: # 1 Declaration of Stephanie Clerkin in Support of MDL Plaintiffs' Letter in Opposition to Apple's Request for Reconsideration of Special Master Orde #1, # 2 Declaration of Daniel A. Epstein in Support of MDL Plaintiffs' Letter In Opposition to Aple's Request for Reconsideration of Special Master Order #1, # 3 Exhibit A to Epstein Decl., # 4 Exhibit B to Epstein Decl., # 5 Exhibit C to Epstein Decl.)(CURTIN, THOMAS)NOTICE TO COUNSEL: Counsel is advised that pursuant to Local Civil Rule 5.3(c)(2), a single, consolidated motion to seal shall be filed within 14 days following the completed briefing of the materials sought to be sealed, or within 14 days following the date on which the last of such materials was filed under temporary seal if the motion is resolved, unless otherwise directed by the Court. Counsel are further advised that service of sealed documents must be accomplished outside of ECF as provided by Federal R. Civ. Pro. 5(b)(2) only. (Main Document 233 and Attachments 1- 5 replaced on 8/14/2026 per Order 279 ) (dmr, ). (Entered: 07/13/2026)",Attachment 5,Exhibit C to Epstein Decl.,,PACER_LINK_AVAILABLE,,3,Inferred at PACER's $0.10 per PDF page rate.,,,,,,,,,,,,,https://ecf.njd.uscourts.gov/doc1/119024165097?caseid=550383,,,,https://ecf.njd.uscourts.gov/doc1/119024165097?caseid=550383,$0.30,0.30,https://www.courtlistener.com/docket/68869775/apple-inc-smartphone-antitrust-litigation/
0234,234,0,2026-07-14,"Jul 14, 2026","ORDER SCHEDULING CASE MANAGEMENT CONFERENCES Filed. Signed by Magistrate Judge Leda D. Wettre on 7/14/2026. (jal, ) (Entered: 07/14/2026)",Main Document,Order AND ~Util - Set Hearings,0234. (07-14-2026) ORDER SCHEDULING CASE MANAGEMENT CONFERENCES Filed. Signed by Magistrate Judge Leda D. Wettre on 71.pdf,FREE_RECAP_PDF_AVAILABLE,2,2,Exact local PDF page count.,144937,ce5227897ec7ed00e3cb8f67af8c0cb4ef85a23420750f3f9009bc85bf3e1a79,8a1cdaf9d8dd266510740b55b2b957cb51f31d1f,61356dbc980fa41fdd302c02d25f9b57,False,,,,,"iText® Core 7.2.6 (production version) ©2000-2024 Apryse Group NV, Administrative Office of the United States Courts",,D:20260714143044-04'00',https://storage.courtlistener.com/recap/gov.uscourts.njd.550383/gov.uscourts.njd.550383.234.0.pdf,https://storage.courtlistener.com/recap/gov.uscourts.njd.550383/gov.uscourts.njd.550383.234.0.pdf,https://archive.org/download/gov.uscourts.njd.550383/gov.uscourts.njd.550383.234.0.pdf,https://www.courtlistener.com/docket/68869775/234/shoshi-goldfus-v-apple-inc/,https://ecf.njd.uscourts.gov/doc1/119024171693?caseid=550383,$0.20,0.20,https://www.courtlistener.com/docket/68869775/apple-inc-smartphone-antitrust-litigation/
0235,235,0,2026-07-15,"Jul 15, 2026","MOTION FOR ISSUANCE OF A LETTER OF REQUEST UNDER THE HAGUE CONVENTION TO KLARNA BANK AB IN THE KINGDOM OF SWEDEN by All Plaintiffs. (Attachments: # 1 Brief, # 2 Declaration, # 3 Text of Proposed Order)(DEPALMA, JOSEPH) (Entered: 07/15/2026)",Main Document,Miscellaneous Relief,0235. (07-15-2026) MOTION FOR ISSUANCE OF A LETTER OF REQUEST UNDER THE HAGUE CONVENTION TO KLARNA BANK AB IN THE KINGD.pdf,FREE_RECAP_PDF_AVAILABLE,4,4,Exact local PDF page count.,167136,fe833084579362eb7e77439b31eefcc72939186922498beb177e46776543c104,81ef7fd599749b2b721aaf0c7d2cb6650cb90699,7b1543cb636582428494821a36313cf6,False,Microsoft Word - 2026-07-14 Notice_of_Motion_Klarna_FINAL(2017984.2),ep,,PScript5.dll Version 5.2.2,"Acrobat Distiller 26.0 (Windows); modified using iText® Core 7.2.6 (production version) ©2000-2024 Apryse Group NV, Administrative Office of the United States Courts",D:20260714201112-04'00',D:20260715141101-04'00',https://storage.courtlistener.com/recap/gov.uscourts.njd.550383/gov.uscourts.njd.550383.235.0_1.pdf,https://storage.courtlistener.com/recap/gov.uscourts.njd.550383/gov.uscourts.njd.550383.235.0_1.pdf,https://archive.org/download/gov.uscourts.njd.550383/gov.uscourts.njd.550383.235.0.pdf,https://www.courtlistener.com/docket/68869775/235/shoshi-goldfus-v-apple-inc/,https://ecf.njd.uscourts.gov/doc1/119024177705?caseid=550383,$0.40,0.40,https://www.courtlistener.com/docket/68869775/apple-inc-smartphone-antitrust-litigation/
0235-001,235,1,2026-07-15,"Jul 15, 2026","MOTION FOR ISSUANCE OF A LETTER OF REQUEST UNDER THE HAGUE CONVENTION TO KLARNA BANK AB IN THE KINGDOM OF SWEDEN by All Plaintiffs. (Attachments: # 1 Brief, # 2 Declaration, # 3 Text of Proposed Order)(DEPALMA, JOSEPH) (Entered: 07/15/2026)",Attachment 1,Brief,0235-001. (07-15-2026) Brief.pdf,FREE_RECAP_PDF_AVAILABLE,20,20,Exact local PDF page count.,238772,436d2b7f2dcd9020420a1f2db1e79a233f9c846d8ae7f0b9c8d39a8584c0f299,e77f468ef539fdcb46f4fb236981969cbaf65bff,98749255386ebcaaac9a44bcdec4a186,False,Microsoft Word - 2026-07-14 Memorandum_Klarna_FINAL(2017983.1),ep,,PScript5.dll Version 5.2.2,"Acrobat Distiller 26.0 (Windows); modified using iText® Core 7.2.6 (production version) ©2000-2024 Apryse Group NV, Administrative Office of the United States Courts",D:20260714202108-04'00',D:20260715141121-04'00',https://storage.courtlistener.com/recap/gov.uscourts.njd.550383/gov.uscourts.njd.550383.235.1.pdf,https://storage.courtlistener.com/recap/gov.uscourts.njd.550383/gov.uscourts.njd.550383.235.1.pdf,https://archive.org/download/gov.uscourts.njd.550383/gov.uscourts.njd.550383.235.1.pdf,https://www.courtlistener.com/docket/68869775/235/1/shoshi-goldfus-v-apple-inc/,https://ecf.njd.uscourts.gov/doc1/119024177706?caseid=550383,$2.00,2.00,https://www.courtlistener.com/docket/68869775/apple-inc-smartphone-antitrust-litigation/
0235-002,235,2,2026-07-15,"Jul 15, 2026","MOTION FOR ISSUANCE OF A LETTER OF REQUEST UNDER THE HAGUE CONVENTION TO KLARNA BANK AB IN THE KINGDOM OF SWEDEN by All Plaintiffs. (Attachments: # 1 Brief, # 2 Declaration, # 3 Text of Proposed Order)(DEPALMA, JOSEPH) (Entered: 07/15/2026)",Attachment 2,Declaration,0235-002. (07-15-2026) Declaration.pdf,FREE_RECAP_PDF_AVAILABLE,41,>=30,Exact local PDF page count.,2097994,1ad6b59af8c200f86f42d9b193e174c9b355550957eb87c85a440aafdb0b9027,a106b20f863fd4b148b689cb40c75e576d33ef77,b7a08755ab8ce87e1b996325db55869d,False,Microsoft Word - Quackenbush Decl._Klarna_2026-07-15 (final),Kyle Quackenbush,,,"Microsoft: Print To PDF; modified using iText® Core 7.2.6 (production version) ©2000-2024 Apryse Group NV, Administrative Office of the United States Courts",D:20260715115630-04'00',D:20260715141213-04'00',https://storage.courtlistener.com/recap/gov.uscourts.njd.550383/gov.uscourts.njd.550383.235.2.pdf,https://storage.courtlistener.com/recap/gov.uscourts.njd.550383/gov.uscourts.njd.550383.235.2.pdf,https://archive.org/download/gov.uscourts.njd.550383/gov.uscourts.njd.550383.235.2.pdf,https://www.courtlistener.com/docket/68869775/235/2/shoshi-goldfus-v-apple-inc/,https://ecf.njd.uscourts.gov/doc1/119024177707?caseid=550383,$3.00,3.00,https://www.courtlistener.com/docket/68869775/apple-inc-smartphone-antitrust-litigation/
0235-003,235,3,2026-07-15,"Jul 15, 2026","MOTION FOR ISSUANCE OF A LETTER OF REQUEST UNDER THE HAGUE CONVENTION TO KLARNA BANK AB IN THE KINGDOM OF SWEDEN by All Plaintiffs. (Attachments: # 1 Brief, # 2 Declaration, # 3 Text of Proposed Order)(DEPALMA, JOSEPH) (Entered: 07/15/2026)",Attachment 3,Text of Proposed Order,0235-003. (07-15-2026) (Text of Proposed Order).pdf,FREE_RECAP_PDF_AVAILABLE,2,2,Exact local PDF page count.,95558,a041af16cf7d9718ebb1ef8bc8dcd0f31cf0b07ef687bbb80f6a08882f6d6574,a203a93e1ab02d9bfcdbf5df36910f1dfc8201b9,9e05d898521ad0166b4d4b17eede5e72,False,Microsoft Word - 2026-07-14 Proposed_Order_Klarna_FINAL(2017985.2),ep,,PScript5.dll Version 5.2.2,"Acrobat Distiller 26.0 (Windows); modified using iText® Core 7.2.6 (production version) ©2000-2024 Apryse Group NV, Administrative Office of the United States Courts",D:20260714201534-04'00',D:20260715141429-04'00',https://storage.courtlistener.com/recap/gov.uscourts.njd.550383/gov.uscourts.njd.550383.235.3.pdf,https://storage.courtlistener.com/recap/gov.uscourts.njd.550383/gov.uscourts.njd.550383.235.3.pdf,https://archive.org/download/gov.uscourts.njd.550383/gov.uscourts.njd.550383.235.3.pdf,https://www.courtlistener.com/docket/68869775/235/3/shoshi-goldfus-v-apple-inc/,https://ecf.njd.uscourts.gov/doc1/119024177708?caseid=550383,$0.20,0.20,https://www.courtlistener.com/docket/68869775/apple-inc-smartphone-antitrust-litigation/
0236,236,0,2026-07-15,"Jul 15, 2026","NOTICE of Appearance by ROXANA MOUSSAVIAN on behalf of DEBORAH COLLINS, HENRY MORALES (MOUSSAVIAN, ROXANA) (Entered: 07/15/2026)",Main Document,Notice of Appearance,"0236. (07-15-2026) NOTICE of Appearance by ROXANA MOUSSAVIAN on behalf of DEBORAH COLLINS, HENRY MORALES.pdf",FREE_RECAP_PDF_AVAILABLE,2,2,Exact local PDF page count.,157186,05a37b48f1e04e4d1a4d71e412f034794a0590d6dc90fc08fb568e1707b81075,079ff157fb2460818bc013dd9c50f9f30134390f,bb1ace94a171dfca84b6814ed108e787,False,,Michelle Bouchard,,Microsoft® Word for Microsoft 365,"Microsoft® Word for Microsoft 365; modified using iText® Core 7.2.6 (production version) ©2000-2024 Apryse Group NV, Administrative Office of the United States Courts",D:20260715123347-07'00',D:20260715160422-04'00',https://storage.courtlistener.com/recap/gov.uscourts.njd.550383/gov.uscourts.njd.550383.236.0.pdf,https://storage.courtlistener.com/recap/gov.uscourts.njd.550383/gov.uscourts.njd.550383.236.0.pdf,https://archive.org/download/gov.uscourts.njd.550383/gov.uscourts.njd.550383.236.0.pdf,https://www.courtlistener.com/docket/68869775/236/shoshi-goldfus-v-apple-inc/,https://ecf.njd.uscourts.gov/doc1/119024178857?caseid=550383,$0.20,0.20,https://www.courtlistener.com/docket/68869775/apple-inc-smartphone-antitrust-litigation/
0237,237,0,2026-07-15,"Jul 15, 2026","NOTICE of Appearance by ELIZABETH ZOTTI on behalf of DEBORAH COLLINS, HENRY MORALES (ZOTTI, ELIZABETH) (Entered: 07/15/2026)",Main Document,Notice of Appearance,"0237. (07-15-2026) NOTICE of Appearance by ELIZABETH ZOTTI on behalf of DEBORAH COLLINS, HENRY MORALES.pdf",FREE_RECAP_PDF_AVAILABLE,2,2,Exact local PDF page count.,160522,60df78dd790c25164025f3a38d6ca818fd4e4d0359664beb6b7fdb0898eb4f31,0a42a3af4b77b59ae4523e8ef5ade3e7fe4f509d,d8435bf7a9f47ae8f45de083c8a49519,False,,Michelle Bouchard,,Microsoft® Word for Microsoft 365,"Microsoft® Word for Microsoft 365; modified using iText® Core 7.2.6 (production version) ©2000-2024 Apryse Group NV, Administrative Office of the United States Courts",D:20260715123612-07'00',D:20260715160638-04'00',https://storage.courtlistener.com/recap/gov.uscourts.njd.550383/gov.uscourts.njd.550383.237.0.pdf,https://storage.courtlistener.com/recap/gov.uscourts.njd.550383/gov.uscourts.njd.550383.237.0.pdf,https://archive.org/download/gov.uscourts.njd.550383/gov.uscourts.njd.550383.237.0.pdf,https://www.courtlistener.com/docket/68869775/237/shoshi-goldfus-v-apple-inc/,https://ecf.njd.uscourts.gov/doc1/119024178894?caseid=550383,$0.20,0.20,https://www.courtlistener.com/docket/68869775/apple-inc-smartphone-antitrust-litigation/
0238,238,0,2026-07-16,"Jul 16, 2026","Letter from Liza M. Walsh to the Hon. Julien X. Neals, U.S.D.J., and the Hon. Leda D. Wettre, U.S.M.J. re 208 Order Referring Case to Special Master,,. (WALSH, LIZA) (Entered: 07/16/2026)",Main Document,Letter,"0238. (07-16-2026) Letter from Liza M. Walsh to the Hon. Julien X. Neals, U.S.D.J., and the Hon. Leda D. Wettre, U.S.M.pdf",FREE_RECAP_PDF_AVAILABLE,2,2,Exact local PDF page count.,263058,84daf68d93c9eea80c343a8fd9d20024589439d7967880ec0ec0c93bda06e383,1a3f0703cbde6621a5b3e95319cacaf4a212cb12,30ec9029b2d700465834df7261758cec,False,,,,Acrobat PDFMaker 26 for Word,"Adobe PDF Library 26.1.187; modified using iText® Core 7.2.6 (production version) ©2000-2024 Apryse Group NV, Administrative Office of the United States Courts",D:20260716160744-04'00',D:20260716161323-04'00',https://storage.courtlistener.com/recap/gov.uscourts.njd.550383/gov.uscourts.njd.550383.238.0.pdf,https://storage.courtlistener.com/recap/gov.uscourts.njd.550383/gov.uscourts.njd.550383.238.0.pdf,https://archive.org/download/gov.uscourts.njd.550383/gov.uscourts.njd.550383.238.0.pdf,https://www.courtlistener.com/docket/68869775/238/shoshi-goldfus-v-apple-inc/,https://ecf.njd.uscourts.gov/doc1/119024184007?caseid=550383,$0.20,0.20,https://www.courtlistener.com/docket/68869775/apple-inc-smartphone-antitrust-litigation/
0239,239,0,2026-07-02,"Jul 2, 2026","NOTICE by NON-PARTY JIYONG JANG. (adc, ) (Entered: 07/17/2026)",Main Document,Notice (Other),0239. (07-02-2026) NOTICE by NON-PARTY JIYONG JANG.pdf,FREE_RECAP_PDF_AVAILABLE,14,14,Exact local PDF page count.,1768480,22ff914620b0c539c2aa6dbe7fe6e58ccd4de7a079bd6756bb4f9ed5a21668b0,a07d9bdf05c850d2824c136cbae3a61ce5ad167c,352cbb3da93e0e172d39ca76395a65e1,False,,,,RICOH IM C4510,"RICOH IM C4510; modified using iText® Core 7.2.6 (production version) ©2000-2024 Apryse Group NV, Administrative Office of the United States Courts",D:20260716125420-04'00',D:20260717085255-04'00',https://storage.courtlistener.com/recap/gov.uscourts.njd.550383/gov.uscourts.njd.550383.239.0.pdf,https://storage.courtlistener.com/recap/gov.uscourts.njd.550383/gov.uscourts.njd.550383.239.0.pdf,https://archive.org/download/gov.uscourts.njd.550383/gov.uscourts.njd.550383.239.0.pdf,https://www.courtlistener.com/docket/68869775/239/shoshi-goldfus-v-apple-inc/,https://ecf.njd.uscourts.gov/doc1/119024185794?caseid=550383,$1.40,1.40,https://www.courtlistener.com/docket/68869775/apple-inc-smartphone-antitrust-litigation/
0240,240,0,2026-07-17,"Jul 17, 2026","LETTER ORDER regarding time to appeal Order of Special Master. Signed by Magistrate Judge Leda D. Wettre on 7/17/2026. (lag, ) (Entered: 07/17/2026)",Main Document,Order,0240. (07-17-2026) LETTER ORDER regarding time to appeal Order of Special Master. Signed by Magistrate Judge Leda D. We.pdf,FREE_RECAP_PDF_AVAILABLE,2,2,Exact local PDF page count.,288826,2c8b209f679b934b60bc9ba3a2e415f22199a0135774011dc478de8b25896c97,bd09e00eb6402ff0e1b876be6c7b52d69e8d6034,87caceaed24d5127054c8f25c5ce7eab,False,,,,,"iText® Core 7.2.6 (production version) ©2000-2024 Apryse Group NV, Administrative Office of the United States Courts",,D:20260717105159-04'00',https://storage.courtlistener.com/recap/gov.uscourts.njd.550383/gov.uscourts.njd.550383.240.0_1.pdf,https://storage.courtlistener.com/recap/gov.uscourts.njd.550383/gov.uscourts.njd.550383.240.0_1.pdf,https://archive.org/download/gov.uscourts.njd.550383/gov.uscourts.njd.550383.240.0.pdf,https://www.courtlistener.com/docket/68869775/240/shoshi-goldfus-v-apple-inc/,https://ecf.njd.uscourts.gov/doc1/119024186971?caseid=550383,$0.20,0.20,https://www.courtlistener.com/docket/68869775/apple-inc-smartphone-antitrust-litigation/
0241,241,0,2026-07-17,"Jul 17, 2026","NOTICE by JOSEPH GIAMANCO Joint Notice of Impasse Regarding Watch Plaintiffs' Requsts for Production (Expedited Issues) (CURTIN, THOMAS) (Entered: 07/17/2026)",Main Document,Notice (Other),0241. (07-17-2026) NOTICE by JOSEPH GIAMANCO Joint Notice of Impasse Regarding Watch Plaintiffs Requsts for Production.pdf,FREE_RECAP_PDF_AVAILABLE,3,3,Exact local PDF page count.,61653,b02ae9c19d96bebe4095e6418832fa2a6eef21b217a990c8c783a47012c73245,561490d692a182a5e3dcdd58a30595717f8453b9,4a64cd473322d7862d0b557fa6397213,False,Microsoft Word - In re Apple Inc. - 7.17.2026 Watch Plaintiffs' 1st Joint Letter Notice of Impasse(20024445.1).docx,jtamakloe,,Power PDF Create,"Power PDF Create; modified using iText® Core 7.2.6 (production version) ©2000-2024 Apryse Group NV, Administrative Office of the United States Courts",D:20260717170540-04'00',D:20260717172502-04'00',https://storage.courtlistener.com/recap/gov.uscourts.njd.550383/gov.uscourts.njd.550383.241.0.pdf,https://storage.courtlistener.com/recap/gov.uscourts.njd.550383/gov.uscourts.njd.550383.241.0.pdf,https://archive.org/download/gov.uscourts.njd.550383/gov.uscourts.njd.550383.241.0.pdf,https://www.courtlistener.com/docket/68869775/241/shoshi-goldfus-v-apple-inc/,https://ecf.njd.uscourts.gov/doc1/119024190893?caseid=550383,$0.30,0.30,https://www.courtlistener.com/docket/68869775/apple-inc-smartphone-antitrust-litigation/
0242,242,0,2026-07-17,"Jul 17, 2026","NOTICE by JOSEPH GIAMANCO Joint Notice of Impasse Regarding Watch Plaintiffs' Requests for Production (Non-Expedited Issues) (CURTIN, THOMAS) (Entered: 07/17/2026)",Main Document,Notice (Other),0242. (07-17-2026) NOTICE by JOSEPH GIAMANCO Joint Notice of Impasse Regarding Watch Plaintiffs Requests for Productio.pdf,FREE_RECAP_PDF_AVAILABLE,3,3,Exact local PDF page count.,59562,5174245e4b887f6687f8f46975d47fd4ccb2a0b9b4dcc22c082ea1eecbc90e3d,9b3979e22454859e2f753f60f924122e0876d7ec,26dfd02a765fc79df4d512e3fb1c9f29,False,Microsoft Word - In re Apple Inc. - 7.17.2026 Watch Plaintiffs' 2nd Joint Letter Notice of Impasse(20024452.1).docx,jtamakloe,,Power PDF Create,"Power PDF Create; modified using iText® Core 7.2.6 (production version) ©2000-2024 Apryse Group NV, Administrative Office of the United States Courts",D:20260717170713-04'00',D:20260717172801-04'00',https://storage.courtlistener.com/recap/gov.uscourts.njd.550383/gov.uscourts.njd.550383.242.0.pdf,https://storage.courtlistener.com/recap/gov.uscourts.njd.550383/gov.uscourts.njd.550383.242.0.pdf,https://archive.org/download/gov.uscourts.njd.550383/gov.uscourts.njd.550383.242.0.pdf,https://www.courtlistener.com/docket/68869775/242/shoshi-goldfus-v-apple-inc/,https://ecf.njd.uscourts.gov/doc1/119024190899?caseid=550383,$0.30,0.30,https://www.courtlistener.com/docket/68869775/apple-inc-smartphone-antitrust-litigation/
0243,243,0,2026-07-17,"Jul 17, 2026","NOTICE by JOSEPH GIAMANCO Revised Joint Notice of Impasse Regarding Watch Plaintiffs' Requests for Production (Expedited Issues) (CURTIN, THOMAS) (Entered: 07/17/2026)",Main Document,Notice (Other),0243. (07-17-2026) NOTICE by JOSEPH GIAMANCO Revised Joint Notice of Impasse Regarding Watch Plaintiffs Requests for P.pdf,FREE_RECAP_PDF_AVAILABLE,3,3,Exact local PDF page count.,30882,dee83fa9e785bf6849900cc2c9963853329c366c7bb4c1a349140a29368255f2,c80b2fb75cf071def51ce55cfffc96b3a69a6eff,5f8ca22e21b9d9410a7436a3bedcfe8c,False,Microsoft Word - Watch Plaintiffs 1st Joint Letter Notice of Impasse.docx,kfennelly,,Power PDF Create,"Power PDF Create; modified using iText® Core 7.2.6 (production version) ©2000-2024 Apryse Group NV, Administrative Office of the United States Courts",D:20260717173240-04'00',D:20260717175241-04'00',https://storage.courtlistener.com/recap/gov.uscourts.njd.550383/gov.uscourts.njd.550383.243.0.pdf,https://storage.courtlistener.com/recap/gov.uscourts.njd.550383/gov.uscourts.njd.550383.243.0.pdf,https://archive.org/download/gov.uscourts.njd.550383/gov.uscourts.njd.550383.243.0.pdf,https://www.courtlistener.com/docket/68869775/243/shoshi-goldfus-v-apple-inc/,https://ecf.njd.uscourts.gov/doc1/119024190960?caseid=550383,$0.30,0.30,https://www.courtlistener.com/docket/68869775/apple-inc-smartphone-antitrust-litigation/
0244,244,0,2026-07-17,"Jul 17, 2026","NOTICE by JOSEPH GIAMANCO Revised Joint Notice of Impasse Regarding Watch Plaintiffs' Requests for Production (Non-Expedited Issues) (CURTIN, THOMAS) (Entered: 07/17/2026)",Main Document,Notice (Other),0244. (07-17-2026) NOTICE by JOSEPH GIAMANCO Revised Joint Notice of Impasse Regarding Watch Plaintiffs Requests for P.pdf,FREE_RECAP_PDF_AVAILABLE,3,3,Exact local PDF page count.,28298,67e3defcd954fda91c04dd5b8b20a99753f74534faa93d870ddd18a950803eba,638c5cd6c651378bba3b088cfc3f634563aedefe,a07d1762aeed35ebee7239febb4b9e6f,False,Microsoft Word - Watch Plaintiffs 2nd Joint Letter Notice of Impasse.docx,kfennelly,,Power PDF Create,"Power PDF Create; modified using iText® Core 7.2.6 (production version) ©2000-2024 Apryse Group NV, Administrative Office of the United States Courts",D:20260717173329-04'00',D:20260717175410-04'00',https://storage.courtlistener.com/recap/gov.uscourts.njd.550383/gov.uscourts.njd.550383.244.0_1.pdf,https://storage.courtlistener.com/recap/gov.uscourts.njd.550383/gov.uscourts.njd.550383.244.0_1.pdf,https://archive.org/download/gov.uscourts.njd.550383/gov.uscourts.njd.550383.244.0.pdf,https://www.courtlistener.com/docket/68869775/244/shoshi-goldfus-v-apple-inc/,https://ecf.njd.uscourts.gov/doc1/119024190968?caseid=550383,$0.30,0.30,https://www.courtlistener.com/docket/68869775/apple-inc-smartphone-antitrust-litigation/
0245,245,0,2026-07-17,"Jul 17, 2026","Letter from Joseph J. DePalma to the Honorable Leda Dunn Wettre, U.S.M.J. (DEPALMA, JOSEPH) (Entered: 07/17/2026)",Main Document,Letter,"0245. (07-17-2026) Letter from Joseph J. DePalma to the Honorable Leda Dunn Wettre, U.S.M.J.pdf",FREE_RECAP_PDF_AVAILABLE,2,2,Exact local PDF page count.,285790,5575400a557b64a35fc9e2eaee9c5f4ba3263d72ef18109b742064f8780a5744,40ab3f9d4580654e0fb76cfaedcae408c6608eb8,b49c9ecf1371b76cfdbc97f3aa057b12,False,Microsoft Word - 2026-07-17 Ltr to Judge Wettre - iPhone Notice of Impasse 1 - Non-Expedited Issues_DRAFT(2018217.1),ep,,PScript5.dll Version 5.2.2,"Acrobat Distiller 26.0 (Windows); modified using iText® Core 7.2.6 (production version) ©2000-2024 Apryse Group NV, Administrative Office of the United States Courts",D:20260717203550-04'00',D:20260717204850-04'00',https://storage.courtlistener.com/recap/gov.uscourts.njd.550383/gov.uscourts.njd.550383.245.0_1.pdf,https://storage.courtlistener.com/recap/gov.uscourts.njd.550383/gov.uscourts.njd.550383.245.0_1.pdf,https://archive.org/download/gov.uscourts.njd.550383/gov.uscourts.njd.550383.245.0.pdf,https://www.courtlistener.com/docket/68869775/245/shoshi-goldfus-v-apple-inc/,https://ecf.njd.uscourts.gov/doc1/119024191419?caseid=550383,$0.20,0.20,https://www.courtlistener.com/docket/68869775/apple-inc-smartphone-antitrust-litigation/
0246,246,0,2026-07-17,"Jul 17, 2026","Letter from Joseph J. DePalma to the Honorable Leda Dunn Wettre, U.S.M.J. (DEPALMA, JOSEPH) (Entered: 07/17/2026)",Main Document,Letter,"0246. (07-17-2026) Letter from Joseph J. DePalma to the Honorable Leda Dunn Wettre, U.S.M.J.pdf",FREE_RECAP_PDF_AVAILABLE,2,2,Exact local PDF page count.,267536,465647d6a25a4f973a4835994aadef52fcb998aa7336418c86c23fa90933dee0,e765568f2a00a5d84756e1ad83669005a11c9177,3424a947f082f88970de85b92f30eb9c,False,Microsoft Word - 2026-07-17 Ltr to Judge Wettre - iPhone Notice of Impasse 2 - Expedited Issues_DRAFT(2018215.2),ep,,PScript5.dll Version 5.2.2,"Acrobat Distiller 26.0 (Windows); modified using iText® Core 7.2.6 (production version) ©2000-2024 Apryse Group NV, Administrative Office of the United States Courts",D:20260717203827-04'00',D:20260717205126-04'00',https://storage.courtlistener.com/recap/gov.uscourts.njd.550383/gov.uscourts.njd.550383.246.0_1.pdf,https://storage.courtlistener.com/recap/gov.uscourts.njd.550383/gov.uscourts.njd.550383.246.0_1.pdf,https://archive.org/download/gov.uscourts.njd.550383/gov.uscourts.njd.550383.246.0.pdf,https://www.courtlistener.com/docket/68869775/246/shoshi-goldfus-v-apple-inc/,https://ecf.njd.uscourts.gov/doc1/119024191422?caseid=550383,$0.20,0.20,https://www.courtlistener.com/docket/68869775/apple-inc-smartphone-antitrust-litigation/
0247,247,0,2026-07-21,"Jul 21, 2026",LETTER ORDER re Revised Joint Notice of Impasse Regarding Watch Plaintiffs' Requests for Production (Expedited Issues). Signed by Magistrate Judge Leda D. Wettre on 7/21/2026. (sms2) (Entered: 07/21/2026),Main Document,Order,0247. (07-21-2026) LETTER ORDER re Revised Joint Notice of Impasse Regarding Watch Plaintiffs Requests for Production.pdf,FREE_RECAP_PDF_AVAILABLE,3,3,Exact local PDF page count.,170126,5115a44ea103bd228be261143e36c9afcc4c57b691d7a6a953c72994bb267eb5,2aa23fb9f6eafc6ab689b164f225b2ecbd35c5be,29ff32914c56d6de4002faa780a52eb8,False,,,,,"iText® Core 7.2.6 (production version) ©2000-2024 Apryse Group NV, Administrative Office of the United States Courts",,D:20260721114054-04'00',https://storage.courtlistener.com/recap/gov.uscourts.njd.550383/gov.uscourts.njd.550383.247.0.pdf,https://storage.courtlistener.com/recap/gov.uscourts.njd.550383/gov.uscourts.njd.550383.247.0.pdf,https://archive.org/download/gov.uscourts.njd.550383/gov.uscourts.njd.550383.247.0.pdf,https://www.courtlistener.com/docket/68869775/247/shoshi-goldfus-v-apple-inc/,https://ecf.njd.uscourts.gov/doc1/119024200366?caseid=550383,$0.30,0.30,https://www.courtlistener.com/docket/68869775/apple-inc-smartphone-antitrust-litigation/
0248,248,0,2026-07-21,"Jul 21, 2026","LETTER ORDER granting leave to file letter briefs. Signed by Magistrate Judge Leda D. Wettre on 7/21/2026. (jal, ) (Entered: 07/21/2026)",Main Document,Order,0248. (07-21-2026) LETTER ORDER granting leave to file letter briefs. Signed by Magistrate Judge Leda D. Wettre on 721.pdf,FREE_RECAP_PDF_AVAILABLE,2,2,Exact local PDF page count.,395221,fd28c230833b6811f4bf7bce34454aa2746ac08866459af1e1ba2e4602dd1a51,fb902a6b17dc97cdb60bfa78394f371e46abf9f1,033cfd2539c82421045f8d3d33aaa7ae,False,,,,,"iText® Core 7.2.6 (production version) ©2000-2024 Apryse Group NV, Administrative Office of the United States Courts",,D:20260721115303-04'00',https://storage.courtlistener.com/recap/gov.uscourts.njd.550383/gov.uscourts.njd.550383.248.0.pdf,https://storage.courtlistener.com/recap/gov.uscourts.njd.550383/gov.uscourts.njd.550383.248.0.pdf,https://archive.org/download/gov.uscourts.njd.550383/gov.uscourts.njd.550383.248.0.pdf,https://www.courtlistener.com/docket/68869775/248/shoshi-goldfus-v-apple-inc/,https://ecf.njd.uscourts.gov/doc1/119024200470?caseid=550383,$0.20,0.20,https://www.courtlistener.com/docket/68869775/apple-inc-smartphone-antitrust-litigation/
0249,249,0,2026-07-21,"Jul 21, 2026",LETTER ORDER granting the parties leave to submit letter briefs pursuant to paragraph 5 of the Special Master Appointment Order on an expedited schedule. Signed by Magistrate Judge Leda D. Wettre on 7/21/2026. (arm) (Entered: 07/21/2026),Main Document,Order,0249. (07-21-2026) LETTER ORDER granting the parties leave to submit letter briefs pursuant to paragraph 5 of the Speci.pdf,FREE_RECAP_PDF_AVAILABLE,2,2,Exact local PDF page count.,331977,0a5993040441e57b2af61b531326bef43b32dcb6dcb88b45005865eaf468de5b,4198e424d0d444c7754ebb17fd4adcc088663b56,35c8a5dfff9bac8201a32570d72c4832,False,,,,,"iText® Core 7.2.6 (production version) ©2000-2024 Apryse Group NV, Administrative Office of the United States Courts",,D:20260721120715-04'00',https://storage.courtlistener.com/recap/gov.uscourts.njd.550383/gov.uscourts.njd.550383.249.0.pdf,https://storage.courtlistener.com/recap/gov.uscourts.njd.550383/gov.uscourts.njd.550383.249.0.pdf,https://archive.org/download/gov.uscourts.njd.550383/gov.uscourts.njd.550383.249.0.pdf,https://www.courtlistener.com/docket/68869775/249/shoshi-goldfus-v-apple-inc/,https://ecf.njd.uscourts.gov/doc1/119024200580?caseid=550383,$0.20,0.20,https://www.courtlistener.com/docket/68869775/apple-inc-smartphone-antitrust-litigation/
0250,250,0,2026-07-21,"Jul 21, 2026",LETTER ORDER re Revised Joint Notice of Impasse Regarding Watch Plaintiffs' Requests for Production (Non-Expedited Issues). Signed by Magistrate Judge Leda D. Wettre on 7/21/2026. (dnw) (Entered: 07/21/2026),Main Document,Order,0250. (07-21-2026) LETTER ORDER re Revised Joint Notice of Impasse Regarding Watch Plaintiffs Requests for Production.pdf,FREE_RECAP_PDF_AVAILABLE,3,3,Exact local PDF page count.,252581,c092637f2aa5505514e28eef8e4fae01cb7dfae2df31cbff30f9d122cfc23ad6,f2aaac32879bdd877af05a4a673f4e4d59a19e0c,f14df7fa63dd3c8dfffe1ec660646476,False,,,,,"iText® Core 7.2.6 (production version) ©2000-2024 Apryse Group NV, Administrative Office of the United States Courts",,D:20260721121822-04'00',https://storage.courtlistener.com/recap/gov.uscourts.njd.550383/gov.uscourts.njd.550383.250.0.pdf,https://storage.courtlistener.com/recap/gov.uscourts.njd.550383/gov.uscourts.njd.550383.250.0.pdf,https://archive.org/download/gov.uscourts.njd.550383/gov.uscourts.njd.550383.250.0.pdf,https://www.courtlistener.com/docket/68869775/250/shoshi-goldfus-v-apple-inc/,https://ecf.njd.uscourts.gov/doc1/119024200687?caseid=550383,$0.30,0.30,https://www.courtlistener.com/docket/68869775/apple-inc-smartphone-antitrust-litigation/
0251,251,0,2026-07-22,"Jul 22, 2026","NOTICE of Appearance by NICOLA HANNA on behalf of APPLE, INC. (HANNA, NICOLA) (Entered: 07/22/2026)",Main Document,Notice of Appearance,"0251. (07-22-2026) NOTICE of Appearance by NICOLA HANNA on behalf of APPLE, INC.pdf",FREE_RECAP_PDF_AVAILABLE,2,2,Exact local PDF page count.,146597,622fcca84699fa728c0fbddc5b9fdbdd5d7ad3d9314ab708a0dac51a253622ab,47e3b68dbc0df1be399dc5da13dddaf6f3c72010,4b7d4e3f0ecf82513868060ad9a5dece,False,,"Li, Emma",,Safari,"macOS Version 26.5.2 (Build 25F84) Quartz PDFContext; modified using iText® Core 7.2.6 (production version) ©2000-2024 Apryse Group NV, Administrative Office of the United States Courts",D:20260722124013-04'00',D:20260722130335-04'00',https://storage.courtlistener.com/recap/gov.uscourts.njd.550383/gov.uscourts.njd.550383.251.0.pdf,https://storage.courtlistener.com/recap/gov.uscourts.njd.550383/gov.uscourts.njd.550383.251.0.pdf,https://archive.org/download/gov.uscourts.njd.550383/gov.uscourts.njd.550383.251.0.pdf,https://www.courtlistener.com/docket/68869775/251/shoshi-goldfus-v-apple-inc/,https://ecf.njd.uscourts.gov/doc1/119024206422?caseid=550383,$0.20,0.20,https://www.courtlistener.com/docket/68869775/apple-inc-smartphone-antitrust-litigation/
0252,252,0,2026-07-22,"Jul 22, 2026","NOTICE of Appearance by GEORGE JARROD HAZEL on behalf of APPLE, INC. (HAZEL, GEORGE) (Entered: 07/22/2026)",Main Document,Notice of Appearance,"0252. (07-22-2026) NOTICE of Appearance by GEORGE JARROD HAZEL on behalf of APPLE, INC.pdf",FREE_RECAP_PDF_AVAILABLE,2,2,Exact local PDF page count.,146801,2c87c85e02112cbc6ea0eb04d1bb634618bc190fbff2d8283697afc152d8a006,0756eb69c37f0b151aaeb5bbd9283a9501ac4e34,75b34bdb156517afb4436339098893c6,False,,"Li, Emma",,Safari,"macOS Version 26.5.2 (Build 25F84) Quartz PDFContext; modified using iText® Core 7.2.6 (production version) ©2000-2024 Apryse Group NV, Administrative Office of the United States Courts",D:20260722124056-04'00',D:20260722131755-04'00',https://storage.courtlistener.com/recap/gov.uscourts.njd.550383/gov.uscourts.njd.550383.252.0.pdf,https://storage.courtlistener.com/recap/gov.uscourts.njd.550383/gov.uscourts.njd.550383.252.0.pdf,https://archive.org/download/gov.uscourts.njd.550383/gov.uscourts.njd.550383.252.0.pdf,https://www.courtlistener.com/docket/68869775/252/shoshi-goldfus-v-apple-inc/,https://ecf.njd.uscourts.gov/doc1/119024206540?caseid=550383,$0.20,0.20,https://www.courtlistener.com/docket/68869775/apple-inc-smartphone-antitrust-litigation/
0253,253,0,2026-07-24,"Jul 24, 2026","NOTICE of Voluntary Dismissal Without Prejudice by ZACHARY SCHWARTZ (WOLFSON, TINA) (Entered: 07/24/2026)",Main Document,Notice of Voluntary Dismissal (aty),0253. (07-24-2026) NOTICE of Voluntary Dismissal Without Prejudice by ZACHARY SCHWARTZ.pdf,FREE_RECAP_PDF_AVAILABLE,1,1,Exact local PDF page count.,128237,5e914e064fc5e4b882b59df0aed366c8c4e35425bb7f554976d304f356bebf31,b9f770de8a928dc269fe418c9c86fccf1548dd74,ad842c56d2150f3201d8d4bb9483278b,False,,,,PDFium,"PDFium; modified using iText® Core 7.2.6 (production version) ©2000-2024 Apryse Group NV, Administrative Office of the United States Courts",D:20260724144434,D:20260724153725-04'00',https://storage.courtlistener.com/recap/gov.uscourts.njd.550383/gov.uscourts.njd.550383.253.0_1.pdf,https://storage.courtlistener.com/recap/gov.uscourts.njd.550383/gov.uscourts.njd.550383.253.0_1.pdf,https://archive.org/download/gov.uscourts.njd.550383/gov.uscourts.njd.550383.253.0.pdf,https://www.courtlistener.com/docket/68869775/253/shoshi-goldfus-v-apple-inc/,https://ecf.njd.uscourts.gov/doc1/119024219515?caseid=550383,$0.10,0.10,https://www.courtlistener.com/docket/68869775/apple-inc-smartphone-antitrust-litigation/
0254,254,0,2026-07-25,"Jul 25, 2026",ORDER OF VOLUNTARY DISMISSAL WITHOUT PREJUDICE as to Plaintiff ZACHARY SCHWARTZ Signed by Judge Julien Xavier Neals on 7/25/2026. (ld). (Entered: 07/27/2026),Main Document,Order,0254. (07-25-2026) ORDER OF VOLUNTARY DISMISSAL WITHOUT PREJUDICE as to Plaintiff ZACHARY SCHWARTZ Signed by Judge Juli.pdf,FREE_RECAP_PDF_AVAILABLE,1,1,Exact local PDF page count.,156390,2bc8568fd49a528552a9819ec65c3958b89e8ef1db792847ffc8f13ff1b59a83,2b8654b724d8aa2d637e8803eae5e42277642943,047ad5cc077e2979d26a77be90579b50,False,,,,PDFium,"PDFium; modified using iText® Core 7.2.6 (production version) ©2000-2024 Apryse Group NV, Administrative Office of the United States Courts; modified using iText® Core 7.2.6 (production version) ©2000-2024 Apryse Group NV, Administrative Office of the United States Courts",D:20260724144434Z,D:20260727095828-04'00',https://storage.courtlistener.com/recap/gov.uscourts.njd.550383/gov.uscourts.njd.550383.254.0_2.pdf,https://storage.courtlistener.com/recap/gov.uscourts.njd.550383/gov.uscourts.njd.550383.254.0_2.pdf,https://archive.org/download/gov.uscourts.njd.550383/gov.uscourts.njd.550383.254.0.pdf,https://www.courtlistener.com/docket/68869775/254/shoshi-goldfus-v-apple-inc/,https://ecf.njd.uscourts.gov/doc1/119024222953?caseid=550383,$0.10,0.10,https://www.courtlistener.com/docket/68869775/apple-inc-smartphone-antitrust-litigation/
0255,255,0,2026-07-27,"Jul 27, 2026","Letter from Liza M. Walsh to the Honorable Leda D. Wettre, U.S.M.J., re: Motion to Seal Deadline. (WALSH, LIZA) (Entered: 07/27/2026)",Main Document,Letter,"0255. (07-27-2026) Letter from Liza M. Walsh to the Honorable Leda D. Wettre, U.S.M.J., re- Motion to Seal Deadline.pdf",FREE_RECAP_PDF_AVAILABLE,1,1,Exact local PDF page count.,247359,a70f42e2cbaf0975899c9b579a72519fe7d648dae45b1478490de23b31c9bb10,ec4d064e4c4c531bf21a2e08ff6ed60acf74d35d,c2fb54f3ebee675b5b9bad8f3d7313de,False,,Lauren Malakoff,,Acrobat PDFMaker 26 for Word,"Adobe PDF Library 26.1.187; modified using iText® Core 7.2.6 (production version) ©2000-2024 Apryse Group NV, Administrative Office of the United States Courts",D:20260727180707-04'00',D:20260727182403-04'00',https://storage.courtlistener.com/recap/gov.uscourts.njd.550383/gov.uscourts.njd.550383.255.0_1.pdf,https://storage.courtlistener.com/recap/gov.uscourts.njd.550383/gov.uscourts.njd.550383.255.0_1.pdf,https://archive.org/download/gov.uscourts.njd.550383/gov.uscourts.njd.550383.255.0.pdf,https://www.courtlistener.com/docket/68869775/255/shoshi-goldfus-v-apple-inc/,https://ecf.njd.uscourts.gov/doc1/119024227970?caseid=550383,$0.10,0.10,https://www.courtlistener.com/docket/68869775/apple-inc-smartphone-antitrust-litigation/
0256,256,0,2026-07-28,"Jul 28, 2026","Letter from Watch Plaintiffs' Letter Brief Regarding Expedited Joint Notice of Impasse, Dkt. 243. (Attachments: # 1 Declaration of Lauren F. Dayton in Support of Watch Plaintiffs' Letter Briefs Regarding the Expedited and Non-Expedited Joint Notices of Impasse, # 2 Exhibit A to Dayton Decl., # 3 Exhibit B to Dayton Decl., # 4 Exhibit C to Dayton Decl., # 5 Exhibit D to Dayton Decl., # 6 Exhibit E to Dayton Decl., # 7 Exhibit F to Dayton Decl., # 8 Exhibit G to Dayton Decl., # 9 Exhibit H to Dayton Decl., # 10 Exhibit I to Dayton Decl., # 11 Exhibit J to Dayton Decl., # 12 Exhibit K to Dayton Decl., # 13 Exhibit L to Dayton Decl., # 14 Exhibit M to Dayton Decl., # 15 Exhibit N to Dayton Decl., # 16 Exhibit O to Dayton Decl., # 17 Exhibit P to Dayton Decl.)(CURTIN, THOMAS)NOTICE TO COUNSEL: Counsel is advised that pursuant to Local Civil Rule 5.3(c)(2), a single, consolidated motion to seal shall be filed within 14 days following the completed briefing of the materials sought to be sealed, or within 14 days following the date on which the last of such materials was filed under temporary seal if the motion is resolved, unless otherwise directed by the Court. Counsel are further advised that service of sealed documents must be accomplished outside of ECF as provided by Federal R. Civ. Pro. 5(b)(2) only. (Entered: 07/28/2026)",Main Document,Letter,,PACER_LINK_AVAILABLE,,,Price not displayed; page count unknown.,,,,,,,,,,,,,https://ecf.njd.uscourts.gov/doc1/119024232826?caseid=550383,,,,https://ecf.njd.uscourts.gov/doc1/119024232826?caseid=550383,,,https://www.courtlistener.com/docket/68869775/apple-inc-smartphone-antitrust-litigation/
0257,257,0,2026-07-28,"Jul 28, 2026","Letter from Watch Plaintiffs' Letter Brief Regarding Non-Expedited Joint Notice of Impasse. (CURTIN, THOMAS)NOTICE TO COUNSEL: Counsel is advised that pursuant to Local Civil Rule 5.3(c)(2), a single, consolidated motion to seal shall be filed within 14 days following the completed briefing of the materials sought to be sealed, or within 14 days following the date on which the last of such materials was filed under temporary seal if the motion is resolved, unless otherwise directed by the Court. Counsel are further advised that service of sealed documents must be accomplished outside of ECF as provided by Federal R. Civ. Pro. 5(b)(2) only. (Entered: 07/28/2026)",Main Document,Letter,,PACER_LINK_AVAILABLE,,,Price not displayed; page count unknown.,,,,,,,,,,,,,https://ecf.njd.uscourts.gov/doc1/119024232857?caseid=550383,,,,https://ecf.njd.uscourts.gov/doc1/119024232857?caseid=550383,,,https://www.courtlistener.com/docket/68869775/apple-inc-smartphone-antitrust-litigation/
0258,258,0,2026-07-28,"Jul 28, 2026","Letter from Joseph J. DePalma to the Hon. Leda Dunn Wettre, U.S.M.J. Regarding Joint Notice of Impasse Regarding Scope of Phone Plaintiffs' First Set of Requests for Production (Non-Expedited Issues) re 245 Letter, 248 Order. (DEPALMA, JOSEPH)NOTICE TO COUNSEL: Counsel is advised that pursuant to Local Civil Rule 5.3(c)(2), a single, consolidated motion to seal shall be filed within 14 days following the completed briefing of the materials sought to be sealed, or within 14 days following the date on which the last of such materials was filed under temporary seal if the motion is resolved, unless otherwise directed by the Court. Counsel are further advised that service of sealed documents must be accomplished outside of ECF as provided by Federal R. Civ. Pro. 5(b)(2) only. (Entered: 07/28/2026)",Main Document,Letter,,PACER_LINK_AVAILABLE,,,Price not displayed; page count unknown.,,,,,,,,,,,,,https://ecf.njd.uscourts.gov/doc1/119024233364?caseid=550383,,,,https://ecf.njd.uscourts.gov/doc1/119024233364?caseid=550383,,,https://www.courtlistener.com/docket/68869775/apple-inc-smartphone-antitrust-litigation/
0259,259,0,2026-07-28,"Jul 28, 2026","Letter from Joseph J. DePalma to the Hon. Leda Dunn Wettre, U.S.M.J. Regarding Expedited Joint Notice of Impasse, Dkt. 246 re 248 Order, 246 Letter. (DEPALMA, JOSEPH)NOTICE TO COUNSEL: Counsel is advised that pursuant to Local Civil Rule 5.3(c)(2), a single, consolidated motion to seal shall be filed within 14 days following the completed briefing of the materials sought to be sealed, or within 14 days following the date on which the last of such materials was filed under temporary seal if the motion is resolved, unless otherwise directed by the Court. Counsel are further advised that service of sealed documents must be accomplished outside of ECF as provided by Federal R. Civ. Pro. 5(b)(2) only. (Entered: 07/28/2026)",Main Document,Letter,,PACER_LINK_AVAILABLE,,,Price not displayed; page count unknown.,,,,,,,,,,,,,https://ecf.njd.uscourts.gov/doc1/119024233391?caseid=550383,,,,https://ecf.njd.uscourts.gov/doc1/119024233391?caseid=550383,,,https://www.courtlistener.com/docket/68869775/apple-inc-smartphone-antitrust-litigation/
0260,260,0,2026-07-29,"Jul 29, 2026","LETTER ORDER granting request for an extension of the deadline until August 10, 2026, to file a motion to seal the Declaration of Jason Lo in support of Apple Inc.'s Letter Brief for Reconsideration of Special Master Order, dated July 9, 2026, with Exhibits A-C (Dkt. No. 227) and the Declaration of Larry Barela in support of Apple Inc.'s Letter Brief for Reconsideration of Special Master Order, dated July 9, 2026 (Dkt. No. 227-1). Signed by Magistrate Judge Leda D. Wettre on 7/29/2026. (ld) (Entered: 07/29/2026)",Main Document,Order,"0260. (07-29-2026) LETTER ORDER granting request for an extension of the deadline until August 10, 2026, to file a moti.pdf",FREE_RECAP_PDF_AVAILABLE,1,1,Exact local PDF page count.,285818,4b5e98da08c2e1e73d07bc358c1813f930e38df40c91d060e3a599c368f9956e,59fc65e9051d33a4809e35e8dff9482a3e3a0a2c,ccd5c5f4c3fc3c29b465fb938374c8f9,False,,,,,"iText® Core 7.2.6 (production version) ©2000-2024 Apryse Group NV, Administrative Office of the United States Courts",,D:20260729122302-04'00',https://storage.courtlistener.com/recap/gov.uscourts.njd.550383/gov.uscourts.njd.550383.260.0_1.pdf,https://storage.courtlistener.com/recap/gov.uscourts.njd.550383/gov.uscourts.njd.550383.260.0_1.pdf,https://archive.org/download/gov.uscourts.njd.550383/gov.uscourts.njd.550383.260.0.pdf,https://www.courtlistener.com/docket/68869775/260/shoshi-goldfus-v-apple-inc/,https://ecf.njd.uscourts.gov/doc1/119024235287?caseid=550383,$0.10,0.10,https://www.courtlistener.com/docket/68869775/apple-inc-smartphone-antitrust-litigation/
0261,261,0,2026-07-30,"Jul 30, 2026","Letter from Liza M. Walsh enclosing Monthly Report on behalf of Special Master Ronald J. Hedges. (Attachments: # 1 Special Master Ronald J. Hedges Monthly Report)(WALSH, LIZA)NOTICE TO COUNSEL: Counsel is advised that pursuant to Local Civil Rule 5.3(c)(2), a single, consolidated motion to seal shall be filed within 14 days following the completed briefing of the materials sought to be sealed, or within 14 days following the date on which the last of such materials was filed under temporary seal if the motion is resolved, unless otherwise directed by the Court. Counsel are further advised that service of sealed documents must be accomplished outside of ECF as provided by Federal R. Civ. Pro. 5(b)(2) only. (Entered: 07/30/2026)",Main Document,Letter,,PACER_LINK_AVAILABLE,,,Price not displayed; page count unknown.,,,,,,,,,,,,,https://ecf.njd.uscourts.gov/doc1/119024242089?caseid=550383,,,,https://ecf.njd.uscourts.gov/doc1/119024242089?caseid=550383,,,https://www.courtlistener.com/docket/68869775/apple-inc-smartphone-antitrust-litigation/
0262,262,0,2026-08-04,"Aug 4, 2026","Letter from Liza M. Walsh to the Hon. Julien Xavier Neals, U.S.D.J. and the Hon. Leda Dunn Wettre, U.S.M.J. enclosing Special Master Order. (Attachments: # 1 Special Master Order)(WALSH, LIZA) (Entered: 08/04/2026)",Main Document,Letter,"0262. (08-04-2026) Letter from Liza M. Walsh to the Hon. Julien Xavier Neals, U.S.D.J. and the Hon. Leda Dunn Wettre, U.pdf",FREE_RECAP_PDF_AVAILABLE,1,1,Exact local PDF page count.,252995,fc47047fe068df0b13c733842b27ff66a67482eafc1ce32ab0194501e0a3395a,2caf9d19d4a67703be836aab8a004eb1908328f8,6affc3431bded32bcc616cefdd81b999,False,,Lauren Malakoff,,Acrobat PDFMaker 26 for Word,"Adobe PDF Library 26.1.187; modified using iText® Core 7.2.6 (production version) ©2000-2024 Apryse Group NV, Administrative Office of the United States Courts",D:20260804140427-04'00',D:20260804142158-04'00',https://storage.courtlistener.com/recap/gov.uscourts.njd.550383/gov.uscourts.njd.550383.262.0.pdf,https://storage.courtlistener.com/recap/gov.uscourts.njd.550383/gov.uscourts.njd.550383.262.0.pdf,https://archive.org/download/gov.uscourts.njd.550383/gov.uscourts.njd.550383.262.0.pdf,https://www.courtlistener.com/docket/68869775/262/shoshi-goldfus-v-apple-inc/,https://ecf.njd.uscourts.gov/doc1/119024260825?caseid=550383,$0.10,0.10,https://www.courtlistener.com/docket/68869775/apple-inc-smartphone-antitrust-litigation/
0262-001,262,1,2026-08-04,"Aug 4, 2026","Letter from Liza M. Walsh to the Hon. Julien Xavier Neals, U.S.D.J. and the Hon. Leda Dunn Wettre, U.S.M.J. enclosing Special Master Order. (Attachments: # 1 Special Master Order)(WALSH, LIZA) (Entered: 08/04/2026)",Attachment 1,Special Master Order,0262-001. (08-04-2026) (Special Master Order).pdf,FREE_RECAP_PDF_AVAILABLE,3,3,Exact local PDF page count.,1861849,601a8349805884efa7fae389eb69387e60dcd03c22ac17778aa59b53e4d39f79,8b8708ec987482f34d1a4c3658f467caab0867b3,5534743ccc2ed57b0908f0400eff14e9,False,,,,,"iText® Core 7.2.6 (production version) ©2000-2024 Apryse Group NV, Administrative Office of the United States Courts",,D:20260804142203-04'00',https://storage.courtlistener.com/recap/gov.uscourts.njd.550383/gov.uscourts.njd.550383.262.1.pdf,https://storage.courtlistener.com/recap/gov.uscourts.njd.550383/gov.uscourts.njd.550383.262.1.pdf,https://archive.org/download/gov.uscourts.njd.550383/gov.uscourts.njd.550383.262.1.pdf,https://www.courtlistener.com/docket/68869775/262/1/shoshi-goldfus-v-apple-inc/,https://ecf.njd.uscourts.gov/doc1/119024260826?caseid=550383,$0.30,0.30,https://www.courtlistener.com/docket/68869775/apple-inc-smartphone-antitrust-litigation/
0263,263,0,2026-08-04,"Aug 4, 2026","Letter from Liza M. Walsh to the Honorable Leda D. Wettre, U.S.M.J., regarding iPhone Plaintiffs' Non-Expedited Issues re 258 Letter,,,. (WALSH, LIZA)NOTICE TO COUNSEL: Counsel is advised that pursuant to Local Civil Rule 5.3(c)(2), a single, consolidated motion to seal shall be filed within 14 days following the completed briefing of the materials sought to be sealed, or within 14 days following the date on which the last of such materials was filed under temporary seal if the motion is resolved, unless otherwise directed by the Court. Counsel are further advised that service of sealed documents must be accomplished outside of ECF as provided by Federal R. Civ. Pro. 5(b)(2) only. (Entered: 08/04/2026)",Main Document,Letter,,PACER_LINK_AVAILABLE,,,Price not displayed; page count unknown.,,,,,,,,,,,,,https://ecf.njd.uscourts.gov/doc1/119024263389?caseid=550383,,,,https://ecf.njd.uscourts.gov/doc1/119024263389?caseid=550383,,,https://www.courtlistener.com/docket/68869775/apple-inc-smartphone-antitrust-litigation/
0264,264,0,2026-08-04,"Aug 4, 2026","Letter from Liza M. Walsh to the Honorable Leda D. Wettre, U.S.M.J., regarding iPhone Plaintiffs' Expedited Issues re 259 Letter,,,. (WALSH, LIZA)NOTICE TO COUNSEL: Counsel is advised that pursuant to Local Civil Rule 5.3(c)(2), a single, consolidated motion to seal shall be filed within 14 days following the completed briefing of the materials sought to be sealed, or within 14 days following the date on which the last of such materials was filed under temporary seal if the motion is resolved, unless otherwise directed by the Court. Counsel are further advised that service of sealed documents must be accomplished outside of ECF as provided by Federal R. Civ. Pro. 5(b)(2) only. (Entered: 08/04/2026)",Main Document,Letter,,PACER_LINK_AVAILABLE,,,Price not displayed; page count unknown.,,,,,,,,,,,,,https://ecf.njd.uscourts.gov/doc1/119024263396?caseid=550383,,,,https://ecf.njd.uscourts.gov/doc1/119024263396?caseid=550383,,,https://www.courtlistener.com/docket/68869775/apple-inc-smartphone-antitrust-litigation/
0265,265,0,2026-08-04,"Aug 4, 2026","Letter from Liza M. Walsh to the Honorable Leda D. Wettre, U.S.M.J., regarding Watch Plaintiff's Non-Expedited Issues re 257 Letter,,. (WALSH, LIZA)NOTICE TO COUNSEL: Counsel is advised that pursuant to Local Civil Rule 5.3(c)(2), a single, consolidated motion to seal shall be filed within 14 days following the completed briefing of the materials sought to be sealed, or within 14 days following the date on which the last of such materials was filed under temporary seal if the motion is resolved, unless otherwise directed by the Court. Counsel are further advised that service of sealed documents must be accomplished outside of ECF as provided by Federal R. Civ. Pro. 5(b)(2) only. (Entered: 08/04/2026)",Main Document,Letter,,PACER_LINK_AVAILABLE,,,Price not displayed; page count unknown.,,,,,,,,,,,,,https://ecf.njd.uscourts.gov/doc1/119024263402?caseid=550383,,,,https://ecf.njd.uscourts.gov/doc1/119024263402?caseid=550383,,,https://www.courtlistener.com/docket/68869775/apple-inc-smartphone-antitrust-litigation/
0266,266,0,2026-08-04,"Aug 4, 2026","Letter from Liza M. Walsh to the Honorable Leda D. Wettre, U.S.M.J., regarding Watch Plaintiff's Expedited Issues re 256 Letter,,,,,. (WALSH, LIZA)NOTICE TO COUNSEL: Counsel is advised that pursuant to Local Civil Rule 5.3(c)(2), a single, consolidated motion to seal shall be filed within 14 days following the completed briefing of the materials sought to be sealed, or within 14 days following the date on which the last of such materials was filed under temporary seal if the motion is resolved, unless otherwise directed by the Court. Counsel are further advised that service of sealed documents must be accomplished outside of ECF as provided by Federal R. Civ. Pro. 5(b)(2) only. (Entered: 08/04/2026)",Main Document,Letter,,PACER_LINK_AVAILABLE,,,Price not displayed; page count unknown.,,,,,,,,,,,,,https://ecf.njd.uscourts.gov/doc1/119024263408?caseid=550383,,,,https://ecf.njd.uscourts.gov/doc1/119024263408?caseid=550383,,,https://www.courtlistener.com/docket/68869775/apple-inc-smartphone-antitrust-litigation/
0267,267,0,2026-08-07,"Aug 7, 2026","MDL TEXT ORDER - Oral argument on the Phone Plaintiffs' expedited discovery disputes (ECF 259, 264 ) is set for August 19, 2026 at 10:30 a.m. before Magistrate Judge Leda D. Wettre via Microsoft Teams videoconference. Log-in information will be circulated to counsel privy to the sealed dispute letters prior to the conference. The parties are directed to send one courtesy copy of the dispute letters and exhibits to Chambers no later than the close of business August 10, 2026. So Ordered by Magistrate Judge Leda D. Wettre on 8/7/2026. (rn) (Entered: 08/07/2026)",Main Document,,,NO_PUBLIC_PDF_LINK,,,Price not displayed; page count unknown.,,,,,,,,,,,,,,,,,,,,https://www.courtlistener.com/docket/68869775/apple-inc-smartphone-antitrust-litigation/
0268,268,0,2026-08-07,"Aug 7, 2026","MDL TEXT ORDER - In accordance with the June 18, 2026 Special Master Appointment Order (ECF 208 ), the Watch Plaintiffs' expedited discovery disputes (ECF 256, 266 ) are referred to Special Master Peter F. Bariso, Jr. So Ordered by Magistrate Judge Leda D. Wettre on 8/7/2026. (rn) (Entered: 08/07/2026)",Main Document,,,NO_PUBLIC_PDF_LINK,,,Price not displayed; page count unknown.,,,,,,,,,,,,,,,,,,,,https://www.courtlistener.com/docket/68869775/apple-inc-smartphone-antitrust-litigation/
0269,269,0,2026-08-07,"Aug 7, 2026","MDL TEXT ORDER - In accordance with the June 18, 2026 Special Master Appointment Order (ECF 208 ), the Watch Plaintiffs' non-expedited discovery disputes (ECF 257, 265 ) are referred to Special Master Ronald J. Hedges. So Ordered by Magistrate Judge Leda D. Wettre on 8/7/2026. (rn) (Entered: 08/07/2026)",Main Document,,,NO_PUBLIC_PDF_LINK,,,Price not displayed; page count unknown.,,,,,,,,,,,,,,,,,,,,https://www.courtlistener.com/docket/68869775/apple-inc-smartphone-antitrust-litigation/
0270,270,0,2026-08-07,"Aug 7, 2026","MDL TEXT ORDER - In accordance with the June 18, 2026 Special Master Appointment Order (ECF 208 ), the Phone Plaintiffs' non-expedited discovery disputes (ECF 258, 263 ) are referred to Special Master Jose L. Linares. So Ordered by Magistrate Judge Leda D. Wettre on 8/7/2026. (rn) (Entered: 08/07/2026)",Main Document,,,NO_PUBLIC_PDF_LINK,,,Price not displayed; page count unknown.,,,,,,,,,,,,,,,,,,,,https://www.courtlistener.com/docket/68869775/apple-inc-smartphone-antitrust-litigation/
0271,271,0,2026-08-07,"Aug 7, 2026","MOTION to Withdraw as Attorney by JOSEPH GIAMANCO. (Tondrowski, Katherine) (Entered: 08/07/2026)",Main Document,Withdraw as Attorney,0271. (08-07-2026) MOTION to Withdraw as Attorney by JOSEPH GIAMANCO.pdf,FREE_RECAP_PDF_AVAILABLE,3,3,Exact local PDF page count.,107911,c76e4a6c7c5bc1a2ae584ccf80ec1ffca591d7f767d9c209bdda96264b23b0a7,b50062505e3ab47323387bec3209c41823687c58,d6fb1e37ec99f0668ee2a5c8bc806c24,False,,,,,"iText® Core 7.2.6 (production version) ©2000-2024 Apryse Group NV, Administrative Office of the United States Courts",,D:20260807174450-04'00',https://storage.courtlistener.com/recap/gov.uscourts.njd.550383/gov.uscourts.njd.550383.271.0.pdf,https://storage.courtlistener.com/recap/gov.uscourts.njd.550383/gov.uscourts.njd.550383.271.0.pdf,https://archive.org/download/gov.uscourts.njd.550383/gov.uscourts.njd.550383.271.0.pdf,https://www.courtlistener.com/docket/68869775/271/shoshi-goldfus-v-apple-inc/,https://ecf.njd.uscourts.gov/doc1/119024278729?caseid=550383,$0.30,0.30,https://www.courtlistener.com/docket/68869775/apple-inc-smartphone-antitrust-litigation/
0272,272,0,2026-08-07,"Aug 7, 2026","Letter from Liza M. Walsh to the Hon. Julien Xavier Neals, U.S.D.J. and the Hon. Leda Dunn Wettre, U.S.M.J. enclosing Special Master Order. (Attachments: # 1 Special Master Order)(WALSH, LIZA) (Entered: 08/07/2026)",Main Document,Letter,"0272. (08-07-2026) Letter from Liza M. Walsh to the Hon. Julien Xavier Neals, U.S.D.J. and the Hon. Leda Dunn Wettre, U.pdf",FREE_RECAP_PDF_AVAILABLE,1,1,Exact local PDF page count.,252150,44c7175e9cd19465920bf20a9efc501b0f2ae07d7fac3178f6955031aeb43292,57c2d1c7237245e4cdc5491d098bb5cac5e53e3d,9f0300872e6f4b4e8857f0e7e30bf3fe,False,,Lauren Malakoff,,Acrobat PDFMaker 26 for Word,"Adobe PDF Library 26.1.187; modified using iText® Core 7.2.6 (production version) ©2000-2024 Apryse Group NV, Administrative Office of the United States Courts",D:20260807192116-04'00',D:20260807193021-04'00',https://storage.courtlistener.com/recap/gov.uscourts.njd.550383/gov.uscourts.njd.550383.272.0_1.pdf,https://storage.courtlistener.com/recap/gov.uscourts.njd.550383/gov.uscourts.njd.550383.272.0_1.pdf,https://archive.org/download/gov.uscourts.njd.550383/gov.uscourts.njd.550383.272.0.pdf,https://www.courtlistener.com/docket/68869775/272/shoshi-goldfus-v-apple-inc/,https://ecf.njd.uscourts.gov/doc1/119024279012?caseid=550383,$0.10,0.10,https://www.courtlistener.com/docket/68869775/apple-inc-smartphone-antitrust-litigation/
0272-001,272,1,2026-08-07,"Aug 7, 2026","Letter from Liza M. Walsh to the Hon. Julien Xavier Neals, U.S.D.J. and the Hon. Leda Dunn Wettre, U.S.M.J. enclosing Special Master Order. (Attachments: # 1 Special Master Order)(WALSH, LIZA) (Entered: 08/07/2026)",Attachment 1,Special Master Order,0272-001. (08-07-2026) (Special Master Order).pdf,FREE_RECAP_PDF_AVAILABLE,2,2,Exact local PDF page count.,143352,537db3e83d24b42287d2587b712616ab8f0d6a7597f8de4f99e99c555a9bd94a,8866b82351ab228b713e6c1e9bd10d38cf42f01d,a0c03ef1ce1c07a285e6e1d9326a2503,False,,Lauren Malakoff,,Acrobat PDFMaker 26 for Word,"Adobe Acrobat (64-bit) 26 Paper Capture Plug-in; modified using iText® Core 7.2.6 (production version) ©2000-2024 Apryse Group NV, Administrative Office of the United States Courts",D:20260807151543-04'00',D:20260807193026-04'00',https://storage.courtlistener.com/recap/gov.uscourts.njd.550383/gov.uscourts.njd.550383.272.1_1.pdf,https://storage.courtlistener.com/recap/gov.uscourts.njd.550383/gov.uscourts.njd.550383.272.1_1.pdf,https://archive.org/download/gov.uscourts.njd.550383/gov.uscourts.njd.550383.272.1.pdf,https://www.courtlistener.com/docket/68869775/272/1/shoshi-goldfus-v-apple-inc/,https://ecf.njd.uscourts.gov/doc1/119024279013?caseid=550383,$0.20,0.20,https://www.courtlistener.com/docket/68869775/apple-inc-smartphone-antitrust-litigation/
0273,273,0,2026-08-10,"Aug 10, 2026",ORDER granting 271 Notice of Motion to Withdraw as Counsel as to Katherine V. Tondrowski. The Clerk of Court is directed to terminate the motion 271 . Signed by Magistrate Judge Leda D. Wettre on 08/10/2026. (fbm) (Entered: 08/10/2026),Main Document,Order on Motion to Withdraw as Attorney,0273. (08-10-2026) ORDER granting 271 Notice of Motion to Withdraw as Counsel as to Katherine V. Tondrowski. The Clerk.pdf,FREE_RECAP_PDF_AVAILABLE,3,3,Exact local PDF page count.,148073,a11e6cdb86a9a4e7eb9699511687c9bbe8a89ed48984e0b60be731574f1e13d6,a68af0e83a63d07e144ecaef83427448b7ee8e96,43768fa6fedff661df8c57cdf203d564,False,,,,,"iText® Core 7.2.6 (production version) ©2000-2024 Apryse Group NV, Administrative Office of the United States Courts",,D:20260810151444-04'00',https://storage.courtlistener.com/recap/gov.uscourts.njd.550383/gov.uscourts.njd.550383.273.0.pdf,https://storage.courtlistener.com/recap/gov.uscourts.njd.550383/gov.uscourts.njd.550383.273.0.pdf,https://archive.org/download/gov.uscourts.njd.550383/gov.uscourts.njd.550383.273.0.pdf,https://www.courtlistener.com/docket/68869775/273/shoshi-goldfus-v-apple-inc/,https://ecf.njd.uscourts.gov/doc1/119024283822?caseid=550383,$0.30,0.30,https://www.courtlistener.com/docket/68869775/apple-inc-smartphone-antitrust-litigation/
0274,274,0,2026-08-10,"Aug 10, 2026","MOTION to Seal by APPLE, INC.. (Attachments: # 1 Declaration of Liza M. Walsh with Exhibit 1, # 2 Declaration of Eric Willis with Exhibit 1, # 3 Statement in Lieu of Brief, # 4 Proposed Findings of Fact and Conclusions of Law, # 5 Text of Proposed Order)(WALSH, LIZA) (Entered: 08/10/2026)",Main Document,Seal,"0274. (08-10-2026) MOTION to Seal by APPLE, INC.pdf",FREE_RECAP_PDF_AVAILABLE,3,3,Exact local PDF page count.,155698,94dc66ef09bee98de0f02362a0ed95d9cd6faefb9953c8b33ca01ab7701c5ba9,f3cee8e6afe2e26b7a64f744441ccac5a210acea,489307e6dd0ba2414c2b8dbec3dc1859,False,,,,Aspose Pty Ltd.,"Aspose.PDF for .NET 24.6.0; modified using iText® Core 7.2.6 (production version) ©2000-2024 Apryse Group NV, Administrative Office of the United States Courts",D:19000101000000-07'00',D:20260810201841-04'00',https://storage.courtlistener.com/recap/gov.uscourts.njd.550383/gov.uscourts.njd.550383.274.0.pdf,https://storage.courtlistener.com/recap/gov.uscourts.njd.550383/gov.uscourts.njd.550383.274.0.pdf,https://archive.org/download/gov.uscourts.njd.550383/gov.uscourts.njd.550383.274.0.pdf,https://www.courtlistener.com/docket/68869775/274/shoshi-goldfus-v-apple-inc/,https://ecf.njd.uscourts.gov/doc1/119024285974?caseid=550383,$0.30,0.30,https://www.courtlistener.com/docket/68869775/apple-inc-smartphone-antitrust-litigation/
0274-001,274,1,2026-08-10,"Aug 10, 2026","MOTION to Seal by APPLE, INC.. (Attachments: # 1 Declaration of Liza M. Walsh with Exhibit 1, # 2 Declaration of Eric Willis with Exhibit 1, # 3 Statement in Lieu of Brief, # 4 Proposed Findings of Fact and Conclusions of Law, # 5 Text of Proposed Order)(WALSH, LIZA) (Entered: 08/10/2026)",Attachment 1,Declaration of Liza M. Walsh with Exhibit 1,0274-001. (08-10-2026) Declaration of Liza M. Walsh with Exhibit 1.pdf,FREE_RECAP_PDF_AVAILABLE,67,>=30,Exact local PDF page count.,865226,6ffe85d1646f4a3ad41071321fff91702fbefd21aff5533b3fcd2ae97a30c22d,72890fa9072afdce44696b11e0c07be7556e7270,fbe85c29036ca8d2b3ccefaa69053f44,False,,,,Aspose Pty Ltd.,"Aspose.PDF for .NET 24.6.0; modified using iText® Core 7.2.6 (production version) ©2000-2024 Apryse Group NV, Administrative Office of the United States Courts",D:20260810160255-04'00',D:20260810201849-04'00',https://storage.courtlistener.com/recap/gov.uscourts.njd.550383/gov.uscourts.njd.550383.274.1.pdf,https://storage.courtlistener.com/recap/gov.uscourts.njd.550383/gov.uscourts.njd.550383.274.1.pdf,https://archive.org/download/gov.uscourts.njd.550383/gov.uscourts.njd.550383.274.1.pdf,https://www.courtlistener.com/docket/68869775/274/1/shoshi-goldfus-v-apple-inc/,https://ecf.njd.uscourts.gov/doc1/119024285975?caseid=550383,$3.00,3.00,https://www.courtlistener.com/docket/68869775/apple-inc-smartphone-antitrust-litigation/
0274-002,274,2,2026-08-10,"Aug 10, 2026","MOTION to Seal by APPLE, INC.. (Attachments: # 1 Declaration of Liza M. Walsh with Exhibit 1, # 2 Declaration of Eric Willis with Exhibit 1, # 3 Statement in Lieu of Brief, # 4 Proposed Findings of Fact and Conclusions of Law, # 5 Text of Proposed Order)(WALSH, LIZA) (Entered: 08/10/2026)",Attachment 2,Declaration of Eric Willis with Exhibit 1,0274-002. (08-10-2026) Declaration of Eric Willis with Exhibit 1.pdf,FREE_RECAP_PDF_AVAILABLE,9,9,Exact local PDF page count.,270967,55a2296d4d115c6e35e862cb66738e11ce458aa07dcda5c1146471e0c3cf2e1d,2ee11b13151a8c066e7639df561f7fdf25057899,b32336de87ef167197e8db7e1fdcf117,False,,,,Aspose Pty Ltd.,"Aspose.PDF for .NET 24.6.0; modified using iText® Core 7.2.6 (production version) ©2000-2024 Apryse Group NV, Administrative Office of the United States Courts",D:20260810160319-04'00',D:20260810201912-04'00',https://storage.courtlistener.com/recap/gov.uscourts.njd.550383/gov.uscourts.njd.550383.274.2.pdf,https://storage.courtlistener.com/recap/gov.uscourts.njd.550383/gov.uscourts.njd.550383.274.2.pdf,https://archive.org/download/gov.uscourts.njd.550383/gov.uscourts.njd.550383.274.2.pdf,https://www.courtlistener.com/docket/68869775/274/2/shoshi-goldfus-v-apple-inc/,https://ecf.njd.uscourts.gov/doc1/119024285976?caseid=550383,$0.90,0.90,https://www.courtlistener.com/docket/68869775/apple-inc-smartphone-antitrust-litigation/
0274-003,274,3,2026-08-10,"Aug 10, 2026","MOTION to Seal by APPLE, INC.. (Attachments: # 1 Declaration of Liza M. Walsh with Exhibit 1, # 2 Declaration of Eric Willis with Exhibit 1, # 3 Statement in Lieu of Brief, # 4 Proposed Findings of Fact and Conclusions of Law, # 5 Text of Proposed Order)(WALSH, LIZA) (Entered: 08/10/2026)",Attachment 3,Statement in Lieu of Brief,0274-003. (08-10-2026) Statement in Lieu of Brief.pdf,FREE_RECAP_PDF_AVAILABLE,2,2,Exact local PDF page count.,165803,d55eb44049edb6425c21e64e6c7ee37eb8426d23b9a5c19c29cb856d23acd4ab,f33c4d3380f7c2b57e1d0f118e4d5bdc550dd5df,2e33b58f548d01920e4f8811547dd7d8,False,,,,Aspose Pty Ltd.,"Aspose.PDF for .NET 24.6.0; modified using iText® Core 7.2.6 (production version) ©2000-2024 Apryse Group NV, Administrative Office of the United States Courts",D:19000101000000-07'00',D:20260810201920-04'00',https://storage.courtlistener.com/recap/gov.uscourts.njd.550383/gov.uscourts.njd.550383.274.3.pdf,https://storage.courtlistener.com/recap/gov.uscourts.njd.550383/gov.uscourts.njd.550383.274.3.pdf,https://archive.org/download/gov.uscourts.njd.550383/gov.uscourts.njd.550383.274.3.pdf,https://www.courtlistener.com/docket/68869775/274/3/shoshi-goldfus-v-apple-inc/,https://ecf.njd.uscourts.gov/doc1/119024285977?caseid=550383,$0.20,0.20,https://www.courtlistener.com/docket/68869775/apple-inc-smartphone-antitrust-litigation/
0274-004,274,4,2026-08-10,"Aug 10, 2026","MOTION to Seal by APPLE, INC.. (Attachments: # 1 Declaration of Liza M. Walsh with Exhibit 1, # 2 Declaration of Eric Willis with Exhibit 1, # 3 Statement in Lieu of Brief, # 4 Proposed Findings of Fact and Conclusions of Law, # 5 Text of Proposed Order)(WALSH, LIZA) (Entered: 08/10/2026)",Attachment 4,Proposed Findings of Fact and Conclusions of Law,0274-004. (08-10-2026) Proposed Findings of Fact and Conclusions of Law.pdf,FREE_RECAP_PDF_AVAILABLE,11,11,Exact local PDF page count.,244538,5f860a9a114f689aee25d7bd1e76c547dcd1c905ad99cb89a041e028f9037ec4,9a4bae436396d1b3794a203181f2cbac89ed7ac6,4350126d2be2e7e2802d26714ebad196,False,,,,Aspose Pty Ltd.,"Aspose.PDF for .NET 24.6.0; modified using iText® Core 7.2.6 (production version) ©2000-2024 Apryse Group NV, Administrative Office of the United States Courts",D:19000101000000-07'00',D:20260810201929-04'00',https://storage.courtlistener.com/recap/gov.uscourts.njd.550383/gov.uscourts.njd.550383.274.4.pdf,https://storage.courtlistener.com/recap/gov.uscourts.njd.550383/gov.uscourts.njd.550383.274.4.pdf,https://archive.org/download/gov.uscourts.njd.550383/gov.uscourts.njd.550383.274.4.pdf,https://www.courtlistener.com/docket/68869775/274/4/shoshi-goldfus-v-apple-inc/,https://ecf.njd.uscourts.gov/doc1/119024285978?caseid=550383,$1.10,1.10,https://www.courtlistener.com/docket/68869775/apple-inc-smartphone-antitrust-litigation/
0274-005,274,5,2026-08-10,"Aug 10, 2026","MOTION to Seal by APPLE, INC.. (Attachments: # 1 Declaration of Liza M. Walsh with Exhibit 1, # 2 Declaration of Eric Willis with Exhibit 1, # 3 Statement in Lieu of Brief, # 4 Proposed Findings of Fact and Conclusions of Law, # 5 Text of Proposed Order)(WALSH, LIZA) (Entered: 08/10/2026)",Attachment 5,Text of Proposed Order,0274-005. (08-10-2026) (Text of Proposed Order).pdf,FREE_RECAP_PDF_AVAILABLE,6,6,Exact local PDF page count.,219756,34edcdc12ac013318b48368849ca103887308b3f26eb7a84cc5990a93fac147c,59a0b96b9d2ba3e255e6e5cc04b7ee9be5010075,744c87aef166643376f172417dc5866c,False,,,,Aspose Pty Ltd.,"Aspose.PDF for .NET 24.6.0; modified using iText® Core 7.2.6 (production version) ©2000-2024 Apryse Group NV, Administrative Office of the United States Courts",D:19000101000000-07'00',D:20260810201936-04'00',https://storage.courtlistener.com/recap/gov.uscourts.njd.550383/gov.uscourts.njd.550383.274.5.pdf,https://storage.courtlistener.com/recap/gov.uscourts.njd.550383/gov.uscourts.njd.550383.274.5.pdf,https://archive.org/download/gov.uscourts.njd.550383/gov.uscourts.njd.550383.274.5.pdf,https://www.courtlistener.com/docket/68869775/274/5/shoshi-goldfus-v-apple-inc/,https://ecf.njd.uscourts.gov/doc1/119024285979?caseid=550383,$0.60,0.60,https://www.courtlistener.com/docket/68869775/apple-inc-smartphone-antitrust-litigation/
0275,275,0,2026-08-10,"Aug 10, 2026","REDACTION to 227 Declaration,,, by APPLE, INC.. (Attachments: # 1 Declaration of Larry Barela (Redacted), # 2 Declaration of Clayton Leech, # 3 Declaration of Robert D. Keeling)(WALSH, LIZA) (Entered: 08/10/2026)",Main Document,Redacted Document,"0275. (08-10-2026) REDACTION to 227 Declaration, by APPLE, INC.pdf",FREE_RECAP_PDF_AVAILABLE,235,>=30,Exact local PDF page count.,3683997,db64d1efdfca3dbbf4ca1f4cd1b55d644a98616452e6a0a6cb59cd77276d9a6e,e9c3b265ebb6281e48a1419638bcbd7607fbf11d,d96db2a652f6b3523c5e3b875fb5d062,False,,,,Aspose Pty Ltd.,"Aspose.PDF for .NET 24.6.0; modified using iText® Core 7.2.6 (production version) ©2000-2024 Apryse Group NV, Administrative Office of the United States Courts",D:19000101000000-07'00',D:20260810202344-04'00',https://storage.courtlistener.com/recap/gov.uscourts.njd.550383/gov.uscourts.njd.550383.275.0.pdf,https://storage.courtlistener.com/recap/gov.uscourts.njd.550383/gov.uscourts.njd.550383.275.0.pdf,https://archive.org/download/gov.uscourts.njd.550383/gov.uscourts.njd.550383.275.0.pdf,https://www.courtlistener.com/docket/68869775/275/shoshi-goldfus-v-apple-inc/,https://ecf.njd.uscourts.gov/doc1/119024285997?caseid=550383,$3.00,3.00,https://www.courtlistener.com/docket/68869775/apple-inc-smartphone-antitrust-litigation/
0275-001,275,1,2026-08-10,"Aug 10, 2026","REDACTION to 227 Declaration,,, by APPLE, INC.. (Attachments: # 1 Declaration of Larry Barela (Redacted), # 2 Declaration of Clayton Leech, # 3 Declaration of Robert D. Keeling)(WALSH, LIZA) (Entered: 08/10/2026)",Attachment 1,Declaration of Larry Barela (Redacted),0275-001. (08-10-2026) Declaration of Larry Barela (Redacted).pdf,FREE_RECAP_PDF_AVAILABLE,6,6,Exact local PDF page count.,183202,639a509b97a9b9021c5a6a01db28bdb52a6f66a921152e893929eae1f3dd7ff3,f0842a54834e3e1fb9ca45cc1dba992a151cea88,a92918c1facc8f02cad59ecc2726f317,False,,,,Aspose Pty Ltd.,"Aspose.PDF for .NET 24.6.0; modified using iText® Core 7.2.6 (production version) ©2000-2024 Apryse Group NV, Administrative Office of the United States Courts",D:19000101000000-07'00',D:20260810202435-04'00',https://storage.courtlistener.com/recap/gov.uscourts.njd.550383/gov.uscourts.njd.550383.275.1.pdf,https://storage.courtlistener.com/recap/gov.uscourts.njd.550383/gov.uscourts.njd.550383.275.1.pdf,https://archive.org/download/gov.uscourts.njd.550383/gov.uscourts.njd.550383.275.1.pdf,https://www.courtlistener.com/docket/68869775/275/1/shoshi-goldfus-v-apple-inc/,https://ecf.njd.uscourts.gov/doc1/119024285998?caseid=550383,$0.60,0.60,https://www.courtlistener.com/docket/68869775/apple-inc-smartphone-antitrust-litigation/
0275-002,275,2,2026-08-10,"Aug 10, 2026","REDACTION to 227 Declaration,,, by APPLE, INC.. (Attachments: # 1 Declaration of Larry Barela (Redacted), # 2 Declaration of Clayton Leech, # 3 Declaration of Robert D. Keeling)(WALSH, LIZA) (Entered: 08/10/2026)",Attachment 2,Declaration of Clayton Leech,0275-002. (08-10-2026) Declaration of Clayton Leech.pdf,FREE_RECAP_PDF_AVAILABLE,6,6,Exact local PDF page count.,659647,f88c5792cf98d2bfdb4c0b9a3d075a1e8244e7f127aa3f649070191b23578177,625aace190bdd3d373b86c939a2ef393fb53ee8f,4332fba741b58b453e20f54f2335cb2a,False,,,,Aspose Pty Ltd.,"Aspose.PDF for .NET 24.6.0; modified using iText® Core 7.2.6 (production version) ©2000-2024 Apryse Group NV, Administrative Office of the United States Courts",D:19000101000000-07'00',D:20260810202442-04'00',https://storage.courtlistener.com/recap/gov.uscourts.njd.550383/gov.uscourts.njd.550383.275.2.pdf,https://storage.courtlistener.com/recap/gov.uscourts.njd.550383/gov.uscourts.njd.550383.275.2.pdf,https://archive.org/download/gov.uscourts.njd.550383/gov.uscourts.njd.550383.275.2.pdf,https://www.courtlistener.com/docket/68869775/275/2/shoshi-goldfus-v-apple-inc/,https://ecf.njd.uscourts.gov/doc1/119024285999?caseid=550383,$0.60,0.60,https://www.courtlistener.com/docket/68869775/apple-inc-smartphone-antitrust-litigation/
0275-003,275,3,2026-08-10,"Aug 10, 2026","REDACTION to 227 Declaration,,, by APPLE, INC.. (Attachments: # 1 Declaration of Larry Barela (Redacted), # 2 Declaration of Clayton Leech, # 3 Declaration of Robert D. Keeling)(WALSH, LIZA) (Entered: 08/10/2026)",Attachment 3,Declaration of Robert D. Keeling,0275-003. (08-10-2026) (Declaration of Robert D. Keeling).pdf,FREE_RECAP_PDF_AVAILABLE,8,8,Exact local PDF page count.,714039,05c77b8d0117f49b09327f95b550f233c112d9e92da8d521b5047312144789d5,e8ab62d353a7f5fada0dfe24d501211ad408e7d4,215d74dece21a86e5d5135974237d1d0,False,,,,Aspose Pty Ltd.,"Aspose.PDF for .NET 24.6.0; modified using iText® Core 7.2.6 (production version) ©2000-2024 Apryse Group NV, Administrative Office of the United States Courts",D:19000101000000-07'00',D:20260810202451-04'00',https://storage.courtlistener.com/recap/gov.uscourts.njd.550383/gov.uscourts.njd.550383.275.3.pdf,https://storage.courtlistener.com/recap/gov.uscourts.njd.550383/gov.uscourts.njd.550383.275.3.pdf,https://archive.org/download/gov.uscourts.njd.550383/gov.uscourts.njd.550383.275.3.pdf,https://www.courtlistener.com/docket/68869775/275/3/shoshi-goldfus-v-apple-inc/,https://ecf.njd.uscourts.gov/doc1/119024286000?caseid=550383,$0.80,0.80,https://www.courtlistener.com/docket/68869775/apple-inc-smartphone-antitrust-litigation/
0276,276,0,2026-08-11,"Aug 11, 2026","ORDER GRANTING DIRECT IPHONE PURCHASER PLAINTIFFS' AND INDIRECT IPHONE PURCHASER PLAINTIFFS' MOTION FOR ISSUANCE OF LETTER OF REQUEST UNDER THE HAGUE CONVENTION TO KLARNA BANK AB IN THE KINGDOM OF SWEDEN. Signed by Magistrate Judge Leda D. Wettre on 8/11/2026. (adc, ) (Entered: 08/11/2026)",Main Document,Order on Motion for Miscellaneous Relief,0276. (08-11-2026) ORDER GRANTING DIRECT IPHONE PURCHASER PLAINTIFFS AND INDIRECT IPHONE PURCHASER PLAINTIFFS MOTION.pdf,FREE_RECAP_PDF_AVAILABLE,2,2,Exact local PDF page count.,237691,dee75076333c37946a7e27b592a872cb1de318fb9af6ad29b9af4912bbb2db04,ff3bc6ac07266fda88c31a3e65e315297a7367a1,8abc98048c5b45550c426ccf785c7d40,False,,,,,"iText® Core 7.2.6 (production version) ©2000-2024 Apryse Group NV, Administrative Office of the United States Courts",,D:20260811161830-04'00',https://storage.courtlistener.com/recap/gov.uscourts.njd.550383/gov.uscourts.njd.550383.276.0.pdf,https://storage.courtlistener.com/recap/gov.uscourts.njd.550383/gov.uscourts.njd.550383.276.0.pdf,https://archive.org/download/gov.uscourts.njd.550383/gov.uscourts.njd.550383.276.0.pdf,https://www.courtlistener.com/docket/68869775/276/shoshi-goldfus-v-apple-inc/,https://ecf.njd.uscourts.gov/doc1/119024290200?caseid=550383,$0.20,0.20,https://www.courtlistener.com/docket/68869775/apple-inc-smartphone-antitrust-litigation/
0277,277,0,2026-08-12,"Aug 12, 2026","Letter from Liza M. Walsh to the Honorable Ronald Hedges, U.S.M.J. (Ret.) (Confidential - Filed Under Seal). (WALSH, LIZA)NOTICE TO COUNSEL: Counsel is advised that pursuant to Local Civil Rule 5.3(c)(2), a single, consolidated motion to seal shall be filed within 14 days following the completed briefing of the materials sought to be sealed, or within 14 days following the date on which the last of such materials was filed under temporary seal if the motion is resolved, unless otherwise directed by the Court. Counsel are further advised that service of sealed documents must be accomplished outside of ECF as provided by Federal R. Civ. Pro. 5(b)(2) only. (Entered: 08/12/2026)",Main Document,Letter,,PACER_LINK_AVAILABLE,,,Price not displayed; page count unknown.,,,,,,,,,,,,,https://ecf.njd.uscourts.gov/doc1/119024297009?caseid=550383,,,,https://ecf.njd.uscourts.gov/doc1/119024297009?caseid=550383,,,https://www.courtlistener.com/docket/68869775/apple-inc-smartphone-antitrust-litigation/
0278,278,0,2026-08-13,"Aug 13, 2026","Letter from Liza M. Walsh to the Honorable Leda D. Wettre, U.S.M.J. requesting that the Court unseal ECF Nos. 231, 232, and 233. (WALSH, LIZA) (Entered: 08/13/2026)",Main Document,Letter,"0278. (08-13-2026) Letter from Liza M. Walsh to the Honorable Leda D. Wettre, U.S.M.J. requesting that the Court unseal.pdf",FREE_RECAP_PDF_AVAILABLE,1,1,Exact local PDF page count.,254498,05dd75a238f226965154d9d9dddbaa594abe87d32736aefd58cadae3c4d81b6f,71ef441e3b3e92eab9b08512cfdaa9f6ccc9858c,2682bed67a9ad01f684c98e1caf5ec08,False,,,,Aspose Pty Ltd.,"Aspose.PDF for .NET 24.6.0; modified using iText® Core 7.2.6 (production version) ©2000-2024 Apryse Group NV, Administrative Office of the United States Courts",D:19000101000000-07'00',D:20260813141241-04'00',https://storage.courtlistener.com/recap/gov.uscourts.njd.550383/gov.uscourts.njd.550383.278.0_1.pdf,https://storage.courtlistener.com/recap/gov.uscourts.njd.550383/gov.uscourts.njd.550383.278.0_1.pdf,https://archive.org/download/gov.uscourts.njd.550383/gov.uscourts.njd.550383.278.0.pdf,https://www.courtlistener.com/docket/68869775/278/shoshi-goldfus-v-apple-inc/,https://ecf.njd.uscourts.gov/doc1/119024299829?caseid=550383,$0.10,0.10,https://www.courtlistener.com/docket/68869775/apple-inc-smartphone-antitrust-litigation/
0279,279,0,2026-08-14,"Aug 14, 2026","LETTER ORDER Granting the parties' request to unseal docket entries 231, 232, and 233 . Signed by Judge Julien Xavier Neals on 8/14/2026. (dmr) (Entered: 08/14/2026)",Main Document,Order,"0279. (08-14-2026) LETTER ORDER Granting the parties request to unseal docket entries 231, 232, and 233. Signed by Jud.pdf",FREE_RECAP_PDF_AVAILABLE,1,1,Exact local PDF page count.,293392,eb7be22d7edfd61faa98cbd6b0615cc6281811e4668ff1d835880097e2e40d05,2704292b06fe7605b9f488642bff16c9fd3f6a1e,5ef2b245067d8d371e219ef3b8031804,False,,,,,"iText® Core 7.2.6 (production version) ©2000-2024 Apryse Group NV, Administrative Office of the United States Courts",,D:20260814140712-04'00',https://storage.courtlistener.com/recap/gov.uscourts.njd.550383/gov.uscourts.njd.550383.279.0.pdf,https://storage.courtlistener.com/recap/gov.uscourts.njd.550383/gov.uscourts.njd.550383.279.0.pdf,https://archive.org/download/gov.uscourts.njd.550383/gov.uscourts.njd.550383.279.0.pdf,https://www.courtlistener.com/docket/68869775/279/shoshi-goldfus-v-apple-inc/,https://ecf.njd.uscourts.gov/doc1/119024305138?caseid=550383,$0.10,0.10,https://www.courtlistener.com/docket/68869775/apple-inc-smartphone-antitrust-litigation/
0280,280,0,2026-08-14,"Aug 14, 2026","Letter from Liza M. Walsh to the Honorable Leda D. Wettre, U.S.M.J. re: Motion to Seal deadline. (WALSH, LIZA) (Entered: 08/14/2026)",Main Document,Letter,"0280. (08-14-2026) Letter from Liza M. Walsh to the Honorable Leda D. Wettre, U.S.M.J. re- Motion to Seal deadline.pdf",FREE_RECAP_PDF_AVAILABLE,1,1,Exact local PDF page count.,255237,a32de8b70fce9f0f57e2bb3923b9e1dc56461d0e39b210cc2146745a82503203,7304b60e41104bc4ada99e9a97daead6899d44c0,f721306affb3a6c39462c6f30bc912ab,False,,,,Aspose Pty Ltd.,"Aspose.PDF for .NET 24.6.0; modified using iText® Core 7.2.6 (production version) ©2000-2024 Apryse Group NV, Administrative Office of the United States Courts",D:19000101000000-07'00',D:20260814210733-04'00',https://storage.courtlistener.com/recap/gov.uscourts.njd.550383/gov.uscourts.njd.550383.280.0_1.pdf,https://storage.courtlistener.com/recap/gov.uscourts.njd.550383/gov.uscourts.njd.550383.280.0_1.pdf,https://archive.org/download/gov.uscourts.njd.550383/gov.uscourts.njd.550383.280.0.pdf,https://www.courtlistener.com/docket/68869775/280/shoshi-goldfus-v-apple-inc/,https://ecf.njd.uscourts.gov/doc1/119024307707?caseid=550383,$0.10,0.10,https://www.courtlistener.com/docket/68869775/apple-inc-smartphone-antitrust-litigation/
0281,281,0,2026-08-17,"Aug 17, 2026","NOTICE of Appearance by CAROLINE SHOAIBI on behalf of JOSEPH GIAMANCO (SHOAIBI, CAROLINE) (Entered: 08/17/2026)",Main Document,Notice of Appearance,0281. (08-17-2026) NOTICE of Appearance by CAROLINE SHOAIBI on behalf of JOSEPH GIAMANCO.pdf,FREE_RECAP_PDF_AVAILABLE,1,1,Exact local PDF page count.,198749,8ff3f371f09d54fd8c89db9760ee56cf7551ba1561980f3e6bdaae61d0da5053,5e6049b0ef32e899b1f433abe70cc85cc6ecaeea,9341827b8935798cb9a2c79c3af147ed,False,,,,,"iText® Core 7.2.6 (production version) ©2000-2024 Apryse Group NV, Administrative Office of the United States Courts",,D:20260817120904-04'00',https://storage.courtlistener.com/recap/gov.uscourts.njd.550383/gov.uscourts.njd.550383.281.0.pdf,https://storage.courtlistener.com/recap/gov.uscourts.njd.550383/gov.uscourts.njd.550383.281.0.pdf,https://archive.org/download/gov.uscourts.njd.550383/gov.uscourts.njd.550383.281.0.pdf,https://www.courtlistener.com/docket/68869775/281/shoshi-goldfus-v-apple-inc/,https://ecf.njd.uscourts.gov/doc1/119024310811?caseid=550383,$0.10,0.10,https://www.courtlistener.com/docket/68869775/apple-inc-smartphone-antitrust-litigation/
0282,282,0,2026-08-17,"Aug 17, 2026","LETTER ORDER granting Defendant's request for an extension of the deadline to file a motion to seal. Signed by Magistrate Judge Leda D. Wettre on 8/17/2026. (adc, ) (Entered: 08/17/2026)",Main Document,Order,0282. (08-17-2026) LETTER ORDER granting Defendants request for an extension of the deadline to file a motion to seal.pdf,FREE_RECAP_PDF_AVAILABLE,1,1,Exact local PDF page count.,294045,1988d4708a88fac19a0dca7fc5acb8b6648570bcddfca52a3595c99c1527a15f,f498123dc26cb22594eb95733e0ea03a4b38f190,db3c48496af4e52196585c3d31abf9e6,False,,,,,"iText® Core 7.2.6 (production version) ©2000-2024 Apryse Group NV, Administrative Office of the United States Courts",,D:20260817143544-04'00',https://storage.courtlistener.com/recap/gov.uscourts.njd.550383/gov.uscourts.njd.550383.282.0_1.pdf,https://storage.courtlistener.com/recap/gov.uscourts.njd.550383/gov.uscourts.njd.550383.282.0_1.pdf,https://archive.org/download/gov.uscourts.njd.550383/gov.uscourts.njd.550383.282.0.pdf,https://www.courtlistener.com/docket/68869775/282/shoshi-goldfus-v-apple-inc/,https://ecf.njd.uscourts.gov/doc1/119024311806?caseid=550383,$0.10,0.10,https://www.courtlistener.com/docket/68869775/apple-inc-smartphone-antitrust-litigation/
0283,283,0,2026-08-18,"Aug 18, 2026","NOTICE by JOSEPH GIAMANCO Joint Notice of Impasse Regarding Watch Plaintiffs' Proposed Custodians (CURTIN, THOMAS) (Entered: 08/18/2026)",Main Document,Notice (Other),0283. (08-18-2026) NOTICE by JOSEPH GIAMANCO Joint Notice of Impasse Regarding Watch Plaintiffs Proposed Custodians.pdf,FREE_RECAP_PDF_AVAILABLE,3,3,Exact local PDF page count.,42556,f2be481a783859423b7a8edfbb9263571bdd6dd0c3f224dbae7f7dbd23375ae8,fb3402fa4ed3ae8c84493cd4dfaf549fb9c4b6ac,82a64b401b6bb5098cd2c395eba8cc0b,False,2026.08.18 - Watch Plaintiffs-Apple Joint Notice of Impasse re Custodians.pdf,kfennelly,,Power PDF Create,"Power PDF Create; modified using iText® Core 7.2.6 (production version) ©2000-2024 Apryse Group NV, Administrative Office of the United States Courts",D:20260818090337-04'00',D:20260818091201-04'00',https://storage.courtlistener.com/recap/gov.uscourts.njd.550383/gov.uscourts.njd.550383.283.0.pdf,https://storage.courtlistener.com/recap/gov.uscourts.njd.550383/gov.uscourts.njd.550383.283.0.pdf,https://archive.org/download/gov.uscourts.njd.550383/gov.uscourts.njd.550383.283.0.pdf,https://www.courtlistener.com/docket/68869775/283/shoshi-goldfus-v-apple-inc/,https://ecf.njd.uscourts.gov/doc1/119024314860?caseid=550383,$0.30,0.30,https://www.courtlistener.com/docket/68869775/apple-inc-smartphone-antitrust-litigation/
0284,284,0,2026-08-18,"Aug 18, 2026","Order from Special Master re 268 Text Order, Related document: 268 Text Order, (BARISO, PETER)NOTICE TO COUNSEL: Counsel is advised that pursuant to Local Civil Rule 5.3(c)(2), a single, consolidated motion to seal shall be filed within 14 days following the completed briefing of the materials sought to be sealed, or within 14 days following the date on which the last of such materials was filed under temporary seal if the motion is resolved, unless otherwise directed by the Court. Counsel are further advised that service of sealed documents must be accomplished outside of ECF as provided by Federal R. Civ. Pro. 5(b)(2) only. (Entered: 08/18/2026)",Main Document,Order from Special Master,,PACER_LINK_AVAILABLE,,,Price not displayed; page count unknown.,,,,,,,,,,,,,https://ecf.njd.uscourts.gov/doc1/119024315722?caseid=550383,,,,https://ecf.njd.uscourts.gov/doc1/119024315722?caseid=550383,,,https://www.courtlistener.com/docket/68869775/apple-inc-smartphone-antitrust-litigation/
0285,285,0,2026-08-19,"Aug 19, 2026",LETTER ORDER granting the Parties' request that the Court determine the Parties have reached impasse and grant leave to submit letter briefs pursuant to paragraph 5 of the Special Master Appointment Order on an expedited schedule. Signed by Magistrate Judge Leda D. Wettre on 8/19/2026. (dmr3) (Entered: 08/19/2026),Main Document,Order,0285. (08-19-2026) LETTER ORDER granting the Parties request that the Court determine the Parties have reached impasse.pdf,FREE_RECAP_PDF_AVAILABLE,3,3,Exact local PDF page count.,72446,7907e430e63926c01c39b121d78c7fc6e962ac14c693038cf1cc27ec10d3b3ec,02272c16adaa599f5c218652147982b5267dda92,1bd9d281d073cd9c65167dd70bd2462c,False,,,,,"iText® Core 7.2.6 (production version) ©2000-2024 Apryse Group NV, Administrative Office of the United States Courts",,D:20260819142538-04'00',https://storage.courtlistener.com/recap/gov.uscourts.njd.550383/gov.uscourts.njd.550383.285.0.pdf,https://storage.courtlistener.com/recap/gov.uscourts.njd.550383/gov.uscourts.njd.550383.285.0.pdf,https://archive.org/download/gov.uscourts.njd.550383/gov.uscourts.njd.550383.285.0.pdf,https://www.courtlistener.com/docket/68869775/285/shoshi-goldfus-v-apple-inc/,https://ecf.njd.uscourts.gov/doc1/119024322277?caseid=550383,$0.30,0.30,https://www.courtlistener.com/docket/68869775/apple-inc-smartphone-antitrust-litigation/
0286,286,0,2026-08-20,"Aug 20, 2026","NOTICE of Appearance by IAN MOODY on behalf of JOSEPH GIAMANCO (MOODY, IAN) (Entered: 08/20/2026)",Main Document,Notice of Appearance,0286. (08-20-2026) NOTICE of Appearance by IAN MOODY on behalf of JOSEPH GIAMANCO.pdf,FREE_RECAP_PDF_AVAILABLE,1,1,Exact local PDF page count.,146179,4a357135774ff18bc3973b1a80ab3324e9a0b83d950a6200ca90639d05456ee1,826cc094cf3785b7f3a0651708d33803ce62cd33,8ac712b858a45b5816cc7947ecb8a71a,False,Appearance of Counsel,US Courts,,PScript5.dll Version 5.2.2,"Acrobat Distiller 25.0 (Windows); modified using iText® Core 7.2.6 (production version) ©2000-2024 Apryse Group NV, Administrative Office of the United States Courts",D:20260820122807-05'00',D:20260820134330-04'00',https://storage.courtlistener.com/recap/gov.uscourts.njd.550383/gov.uscourts.njd.550383.286.0.pdf,https://storage.courtlistener.com/recap/gov.uscourts.njd.550383/gov.uscourts.njd.550383.286.0.pdf,,https://www.courtlistener.com/docket/68869775/286/shoshi-goldfus-v-apple-inc/,https://ecf.njd.uscourts.gov/doc1/119024327103?caseid=550383,$0.10,0.10,https://www.courtlistener.com/docket/68869775/apple-inc-smartphone-antitrust-litigation/
0287,287,0,2026-08-21,"Aug 21, 2026","RESPONSE. (KING, STANLEY) (Entered: 08/21/2026)",Main Document,Response (NOT Motion),0287. (08-21-2026) RESPONSE.pdf,FREE_RECAP_PDF_AVAILABLE,13,13,Exact local PDF page count.,192830,7a6b35a1ad1d53aa131fa42e95b627c3d4de5e3601774242201ed20a32a48cb9,8644e583bcc1a35028777147712576c9cd2037f6,4b499aeee6527592e1056b615d6f6cd8,False,,Stanley King,,Microsoft® Word for Microsoft 365,"Microsoft® Word for Microsoft 365; modified using iText® Core 7.2.6 (production version) ©2000-2024 Apryse Group NV, Administrative Office of the United States Courts",D:20260820234258-04'00',D:20260821000527-04'00',https://storage.courtlistener.com/recap/gov.uscourts.njd.550383/gov.uscourts.njd.550383.287.0.pdf,https://storage.courtlistener.com/recap/gov.uscourts.njd.550383/gov.uscourts.njd.550383.287.0.pdf,,https://www.courtlistener.com/docket/68869775/287/shoshi-goldfus-v-apple-inc/,https://ecf.njd.uscourts.gov/doc1/119024329875?caseid=550383,$1.30,1.30,https://www.courtlistener.com/docket/68869775/apple-inc-smartphone-antitrust-litigation/
0288,288,0,2026-08-21,"Aug 21, 2026","Letter from Stanley O. King, Esq. re 287 Response (NOT Motion). (KING, STANLEY) (Entered: 08/21/2026)",Main Document,Letter,"0288. (08-21-2026) Letter from Stanley O. King, Esq. re 287 Response (NOT Motion).pdf",FREE_RECAP_PDF_AVAILABLE,1,1,Exact local PDF page count.,161663,848934940e79f9b7c6532b6ba4800541df3d50fee9f2b67c7025d5de78d1ba09,bae8e5388917c429e4013ad51e9c91b1fc0c5980,620f5fb29988d6654631544f02d7dc15,False,,Janis,,Acrobat PDFMaker 26 for Word,"Adobe PDF Library 26.1.29; modified using iText® Core 7.2.6 (production version) ©2000-2024 Apryse Group NV, Administrative Office of the United States Courts",D:20260821124923-04'00',D:20260821131257-04'00',https://storage.courtlistener.com/recap/gov.uscourts.njd.550383/gov.uscourts.njd.550383.288.0.pdf,https://storage.courtlistener.com/recap/gov.uscourts.njd.550383/gov.uscourts.njd.550383.288.0.pdf,,https://www.courtlistener.com/docket/68869775/288/shoshi-goldfus-v-apple-inc/,https://ecf.njd.uscourts.gov/doc1/119024331733?caseid=550383,$0.10,0.10,https://www.courtlistener.com/docket/68869775/apple-inc-smartphone-antitrust-litigation/
0289,289,0,2026-08-21,"Aug 21, 2026","Letter from Liza M. Walsh to the Hon. Ronald J. Hedges, Special Master, re: Proposed Order. (Attachments: # 1 Text of Proposed Order)(WALSH, LIZA)NOTICE TO COUNSEL: Counsel is advised that pursuant to Local Civil Rule 5.3(c)(2), a single, consolidated motion to seal shall be filed within 14 days following the completed briefing of the materials sought to be sealed, or within 14 days following the date on which the last of such materials was filed under temporary seal if the motion is resolved, unless otherwise directed by the Court. Counsel are further advised that service of sealed documents must be accomplished outside of ECF as provided by Federal R. Civ. Pro. 5(b)(2) only. (Entered: 08/21/2026)",Main Document,Letter,,PACER_LINK_AVAILABLE,,,Price not displayed; page count unknown.,,,,,,,,,,,,,https://ecf.njd.uscourts.gov/doc1/119024335391?caseid=550383,,,,https://ecf.njd.uscourts.gov/doc1/119024335391?caseid=550383,,,https://www.courtlistener.com/docket/68869775/apple-inc-smartphone-antitrust-litigation/
0290,290,0,2026-08-24,"Aug 24, 2026","Letter from Liza M. Walsh to the Hon. Julien Xavier Neals, U.S.D.J. and the Hon. Leda Dunn Wettre, U.S.M.J. enclosing Special Master Order. (Attachments: # 1 Special Master Order)(WALSH, LIZA) (Entered: 08/24/2026)",Main Document,Letter,"0290. (08-24-2026) Letter from Liza M. Walsh to the Hon. Julien Xavier Neals, U.S.D.J. and the Hon. Leda Dunn Wettre, U.pdf",FREE_RECAP_PDF_AVAILABLE,1,1,Exact local PDF page count.,253068,cdf8908969f6e13d1f4317b6badc6fdc4709d517e22e7da4cfebfff1e78f4fbc,8beed8a6fcb7f8413e9f68200f65745d82907acc,b4b299ff576aa4af7bbee0e842ac612a,False,,Lauren Malakoff,,Acrobat PDFMaker 26 for Word,"Adobe PDF Library 26.1.29; modified using iText® Core 7.2.6 (production version) ©2000-2024 Apryse Group NV, Administrative Office of the United States Courts",D:20260824092911-04'00',D:20260824094452-04'00',https://storage.courtlistener.com/recap/gov.uscourts.njd.550383/gov.uscourts.njd.550383.290.0.pdf,https://storage.courtlistener.com/recap/gov.uscourts.njd.550383/gov.uscourts.njd.550383.290.0.pdf,,https://www.courtlistener.com/docket/68869775/290/shoshi-goldfus-v-apple-inc/,https://ecf.njd.uscourts.gov/doc1/119024336976?caseid=550383,$0.10,0.10,https://www.courtlistener.com/docket/68869775/apple-inc-smartphone-antitrust-litigation/
0290-001,290,1,2026-08-24,"Aug 24, 2026","Letter from Liza M. Walsh to the Hon. Julien Xavier Neals, U.S.D.J. and the Hon. Leda Dunn Wettre, U.S.M.J. enclosing Special Master Order. (Attachments: # 1 Special Master Order)(WALSH, LIZA) (Entered: 08/24/2026)",Attachment 1,Special Master Order,0290-001. (08-24-2026) (Special Master Order).pdf,FREE_RECAP_PDF_AVAILABLE,2,2,Exact local PDF page count.,1486935,c84c79b769cd7704050dbcf996bd838be13779041aaca2a194e512e455e840da,4a25ead38404bed291089b98296dbc0c34761fe8,a28cfade20bbf9d3000528759e66ead8,False,,,,,"iText® Core 7.2.6 (production version) ©2000-2024 Apryse Group NV, Administrative Office of the United States Courts",,D:20260824094458-04'00',https://storage.courtlistener.com/recap/gov.uscourts.njd.550383/gov.uscourts.njd.550383.290.1.pdf,https://storage.courtlistener.com/recap/gov.uscourts.njd.550383/gov.uscourts.njd.550383.290.1.pdf,,https://www.courtlistener.com/docket/68869775/290/1/shoshi-goldfus-v-apple-inc/,https://ecf.njd.uscourts.gov/doc1/119024336977?caseid=550383,$0.20,0.20,https://www.courtlistener.com/docket/68869775/apple-inc-smartphone-antitrust-litigation/
0291,291,0,2026-08-24,"Aug 24, 2026","Letter from Liza M. Walsh to the Hon. Ronald J. Hedges, U.S.M.J. (ret.), Special Master re 272 Letter. (WALSH, LIZA) (Entered: 08/24/2026)",Main Document,Letter,"0291. (08-24-2026) Letter from Liza M. Walsh to the Hon. Ronald J. Hedges, U.S.M.J. (ret.), Special Master re 272 Lette.pdf",FREE_RECAP_PDF_AVAILABLE,5,5,Exact local PDF page count.,273768,dc021eadf0b8843180f3df5b5ed9b7157be3b765223ca7bb301ad2b958353d5c,df420d19ebc5135e6e3fc8a84c720ee823fd26bc,112b41fc91d3d4d03b6065a9d045518a,False,,Lauren Malakoff,,Acrobat PDFMaker 26 for Word,"Adobe PDF Library 26.1.29; modified using iText® Core 7.2.6 (production version) ©2000-2024 Apryse Group NV, Administrative Office of the United States Courts",D:20260824151516-04'00',D:20260824152414-04'00',https://storage.courtlistener.com/recap/gov.uscourts.njd.550383/gov.uscourts.njd.550383.291.0.pdf,https://storage.courtlistener.com/recap/gov.uscourts.njd.550383/gov.uscourts.njd.550383.291.0.pdf,,https://www.courtlistener.com/docket/68869775/291/shoshi-goldfus-v-apple-inc/,https://ecf.njd.uscourts.gov/doc1/119024339563?caseid=550383,$0.50,0.50,https://www.courtlistener.com/docket/68869775/apple-inc-smartphone-antitrust-litigation/
0292,292,0,2026-08-24,"Aug 24, 2026",Letter Order Granting the Removal of the Document Filed as Docket Entry 287 . Signed by Magistrate Judge Leda D. Wettre on 8/24/2026. (dnw) (Entered: 08/24/2026),Main Document,Order,0292. (08-24-2026) Letter Order Granting the Removal of the Document Filed as Docket Entry 287. Signed by Magistrate Ju.pdf,FREE_RECAP_PDF_AVAILABLE,1,1,Exact local PDF page count.,186438,a10f89c641eaf7ab3ee278a3b110c6b1dbdb9807887fd835836f88b3979c398a,fc564d306044b13b160483ae9cd5283d0bdb5b18,86a1108c27c0059c3c79b5d9795b73a6,False,,,,,"iText® Core 7.2.6 (production version) ©2000-2024 Apryse Group NV, Administrative Office of the United States Courts",,D:20260824155305-04'00',https://storage.courtlistener.com/recap/gov.uscourts.njd.550383/gov.uscourts.njd.550383.292.0.pdf,https://storage.courtlistener.com/recap/gov.uscourts.njd.550383/gov.uscourts.njd.550383.292.0.pdf,,https://www.courtlistener.com/docket/68869775/292/shoshi-goldfus-v-apple-inc/,https://ecf.njd.uscourts.gov/doc1/119024339940?caseid=550383,$0.10,0.10,https://www.courtlistener.com/docket/68869775/apple-inc-smartphone-antitrust-litigation/
